opportunity_id,account_id,rep_id,region,stage,amount,created_date,close_date,forecast_category
OPP-00001,Acct-0057,R004,West,Qualification,38522.7,2026-01-03,2026-06-11,Best Case
OPP-00002,Acct-0056,R008,Central,Negotiation,128569.25,2024-12-14,2025-03-15,Pipeline
OPP-00003,Acct-0012,R006,Central,Prospecting,20146.59,2024-12-18,2025-06-10,Best Case
OPP-00004,Acct-0148,R012,East,Proposal,10720.73,2025-10-05,2026-04-01,Best Case
OPP-00005,Acct-0026,R004,West,Closed Won,10848.51,2024-10-23,2024-12-02,Commit
OPP-00006,Acct-0172,R007,Central,Qualification,37414.88,2025-01-14,2025-05-04,Pipeline
OPP-00007,Acct-0063,R005,Central,Closed Won,36504.25,2025-10-12,2025-12-14,Commit
OPP-00008,Acct-0009,R003,West,Proposal,39037.36,2024-11-28,2025-01-01,Pipeline
OPP-00009,Acct-0165,R006,Central,Proposal,38859.39,2024-08-05,2024-12-30,Best Case
OPP-00010,Acct-0093,R008,Central,Qualification,34128.17,2025-03-14,2025-08-30,Best Case
OPP-00011,Acct-0040,R004,West,Closed Lost,8932.79,2026-02-12,2026-03-16,Omitted
OPP-00012,Acct-0120,R011,East,Qualification,53661.32,2025-01-29,2025-05-26,Commit
OPP-00013,Acct-0138,R009,East,Qualification,112138.66,2025-11-27,2026-01-15,Commit
OPP-00014,Acct-0068,R005,Central,Closed Won,18972.04,2024-06-10,2024-10-24,Commit
OPP-00015,Acct-0130,R009,East,Closed Won,27262.64,2025-10-02,2026-01-06,Commit
OPP-00016,Acct-0154,R010,East,Qualification,21328.88,2026-03-08,2026-08-10,Pipeline
OPP-00017,Acct-0062,R006,Central,Negotiation,10501.41,2024-11-10,2025-01-30,Pipeline
OPP-00018,Acct-0033,R010,East,Closed Lost,7749.56,2024-03-11,2024-08-14,Omitted
OPP-00019,Acct-0139,R011,East,Proposal,29870.53,2025-09-13,2026-01-19,Pipeline
OPP-00020,Acct-0133,R012,East,Closed Won,46493.19,2025-11-18,2026-03-13,Commit
OPP-00021,Acct-0151,R008,Central,Prospecting,14155.12,2025-08-25,2026-02-02,Pipeline
OPP-00022,Acct-0019,R004,West,Prospecting,37834.47,2024-03-10,2024-04-07,Best Case
OPP-00023,Acct-0122,R009,East,Qualification,37497.54,2024-05-15,2024-10-28,Commit
OPP-00024,Acct-0109,R004,West,Closed Won,48360.07,2024-04-09,2024-08-17,Commit
OPP-00025,Acct-0104,R007,Central,Proposal,79444.98,2025-10-23,2025-12-07,Pipeline
OPP-00026,Acct-0036,R012,East,Proposal,56569.18,2024-07-13,2024-12-17,Best Case
OPP-00027,Acct-0026,R007,Central,Qualification,16988.3,2024-03-18,2024-07-29,Commit
OPP-00028,Acct-0105,R001,West,Closed Won,28669.97,2024-04-05,2024-06-24,Commit
OPP-00029,Acct-0109,R008,Central,Negotiation,2690.77,2026-03-14,2026-07-28,Best Case
OPP-00030,Acct-0149,R012,East,Closed Lost,40093.81,2024-10-30,2025-01-13,Omitted
OPP-00031,Acct-0136,R012,East,Negotiation,40379.68,2025-08-21,2026-01-10,Commit
OPP-00032,Acct-0173,R003,West,Prospecting,29182.01,2024-03-11,2024-08-30,Pipeline
OPP-00033,Acct-0159,R004,West,Proposal,131191.91,2025-08-15,2026-02-03,Pipeline
OPP-00034,Acct-0081,R002,West,Proposal,35267.28,2024-09-24,2024-12-05,Commit
OPP-00035,Acct-0003,R004,West,Qualification,5390.2,2025-04-13,2025-07-22,Pipeline
OPP-00036,Acct-0068,R008,Central,Closed Won,29973.38,2025-07-04,2025-09-16,Commit
OPP-00037,Acct-0168,R003,West,Closed Lost,21180.24,2025-07-10,2025-10-15,Omitted
OPP-00038,Acct-0068,R009,East,Prospecting,54111.91,2025-11-10,2025-12-26,Pipeline
OPP-00039,Acct-0088,R002,West,Closed Lost,41905.66,2024-10-15,2025-04-07,Omitted
OPP-00040,Acct-0163,R004,West,Closed Won,80958.78,2024-09-14,2024-10-17,Commit
OPP-00041,Acct-0114,R007,Central,Closed Won,9355.96,2024-05-13,2024-08-08,Commit
OPP-00042,Acct-0010,R009,East,Closed Won,29908.09,2025-12-08,2026-02-04,Commit
OPP-00043,Acct-0092,R006,Central,Negotiation,14433.48,2024-11-11,2025-03-04,Pipeline
OPP-00044,Acct-0040,R004,West,Closed Won,40085.96,2025-07-27,2025-11-28,Commit
OPP-00045,Acct-0041,R004,West,Closed Lost,46487.22,2025-02-25,2025-05-19,Omitted
OPP-00046,Acct-0059,R012,East,Prospecting,2600.46,2025-04-16,2025-08-03,Best Case
OPP-00047,Acct-0165,R004,West,Prospecting,13288.65,2024-03-12,2024-06-11,Best Case
OPP-00048,Acct-0089,R009,East,Proposal,71128.11,2024-04-21,2024-10-10,Best Case
OPP-00049,Acct-0111,R012,East,Closed Won,21902.49,2025-07-05,2025-09-13,Commit
OPP-00050,Acct-0077,R002,West,Closed Lost,150835.62,2025-11-10,2025-12-31,Omitted
OPP-00051,Acct-0050,R009,East,Proposal,21233.2,2024-10-29,2025-04-08,Pipeline
OPP-00052,Acct-0078,R007,Central,Closed Won,12824.87,2024-06-27,2024-12-21,Commit
OPP-00053,Acct-0114,R007,Central,Negotiation,20790.87,2025-11-01,2026-02-11,Best Case
OPP-00054,Acct-0022,R008,Central,Closed Won,29250.21,2026-03-26,2026-05-28,Commit
OPP-00055,Acct-0080,R005,Central,Negotiation,36634.48,2026-02-08,2026-04-29,Commit
OPP-00056,Acct-0179,R004,West,Closed Won,57595.9,2025-10-06,2026-03-22,Commit
OPP-00057,Acct-0057,R007,Central,Negotiation,8524.77,2024-01-06,2024-02-22,Best Case
OPP-00058,Acct-0117,R003,West,Closed Won,47330.65,2025-07-24,2025-10-15,Commit
OPP-00059,Acct-0130,R003,West,Closed Won,513937.34,2025-03-29,2025-09-21,Commit
OPP-00060,Acct-0067,R007,Central,Closed Won,55218.63,2026-01-31,2026-06-21,Commit
OPP-00061,Acct-0071,R004,West,Closed Won,5730.17,2025-05-11,2025-11-07,Commit
OPP-00062,Acct-0036,R008,Central,Prospecting,17081.31,2024-11-23,2025-04-30,Pipeline
OPP-00063,Acct-0085,R003,West,Qualification,74608.08,2024-03-06,2024-07-10,Best Case
OPP-00064,Acct-0098,R009,East,Proposal,12819.51,2025-12-13,2026-01-07,Commit
OPP-00065,Acct-0140,R008,Central,Prospecting,10631.45,2025-03-05,2025-08-09,Commit
OPP-00066,Acct-0087,R010,East,Closed Lost,26239.06,2025-05-12,2025-06-08,Omitted
OPP-00067,Acct-0137,R011,East,Closed Won,22540.41,2025-04-23,2025-06-14,Commit
OPP-00068,Acct-0119,R001,West,Closed Lost,40986.95,2024-03-26,2024-08-02,Omitted
OPP-00069,Acct-0072,R003,West,Prospecting,21231.12,2024-11-30,2025-03-16,Best Case
OPP-00070,Acct-0064,R007,Central,Qualification,13875.07,2026-03-10,2026-04-09,Pipeline
OPP-00071,Acct-0056,R004,West,Closed Won,34407.43,2025-04-29,2025-06-17,Commit
OPP-00072,Acct-0080,R008,Central,Closed Won,44142.03,2025-09-13,2025-11-01,Commit
OPP-00073,Acct-0051,R002,West,Negotiation,128158.49,2025-01-19,2025-05-20,Commit
OPP-00074,Acct-0154,R002,West,Negotiation,52791.15,2025-12-14,2026-03-21,Commit
OPP-00075,Acct-0095,R002,West,Closed Won,29916.28,2025-06-29,2025-11-05,Commit
OPP-00076,Acct-0093,R002,West,Negotiation,5273.11,2025-05-16,2025-07-02,Best Case
OPP-00077,Acct-0070,R011,East,Closed Lost,24999.49,2024-06-29,2024-11-29,Omitted
OPP-00078,Acct-0083,R010,East,Closed Won,30155.11,2025-03-22,2025-09-09,Commit
OPP-00079,Acct-0008,R004,West,Closed Won,12851.42,2025-09-16,2026-01-11,Commit
OPP-00080,Acct-0072,R008,Central,Closed Lost,14422.07,2026-03-27,2026-06-21,Omitted
OPP-00081,Acct-0122,R010,East,Closed Won,52281.7,2026-02-15,2026-05-07,Commit
OPP-00082,Acct-0178,R011,East,Closed Won,24799.5,2024-10-28,2025-01-12,Commit
OPP-00083,Acct-0141,R004,West,Proposal,34168.35,2025-06-27,2025-10-13,Best Case
OPP-00084,Acct-0050,R006,Central,Proposal,24270.15,2024-08-24,2024-10-13,Commit
OPP-00085,Acct-0124,R006,Central,Prospecting,33956.84,2024-07-08,2024-09-15,Pipeline
OPP-00086,Acct-0076,R005,Central,Closed Won,126502.22,2024-10-16,2024-11-30,Commit
OPP-00087,Acct-0014,R004,West,Proposal,9456.02,2024-05-09,2024-08-07,Pipeline
OPP-00088,Acct-0121,R009,East,Qualification,41561.21,2024-01-13,2024-06-27,Best Case
OPP-00089,Acct-0019,R008,Central,Proposal,99101.94,2024-03-07,2024-07-07,Best Case
OPP-00090,Acct-0107,R010,East,Closed Won,30926.47,2024-09-11,2024-10-31,Commit
OPP-00091,Acct-0077,R010,East,Negotiation,60785.85,2025-01-24,2025-06-08,Best Case
OPP-00092,Acct-0161,R010,East,Closed Lost,12174.49,2025-09-16,2025-10-31,Omitted
OPP-00093,Acct-0001,R004,West,Qualification,11490.94,2025-07-19,2025-08-27,Pipeline
OPP-00094,Acct-0073,R007,Central,Proposal,33003.39,2024-08-25,2024-11-26,Commit
OPP-00095,Acct-0170,R012,East,Closed Lost,11342.42,2024-09-27,2025-03-26,Omitted
OPP-00096,Acct-0016,R004,West,Proposal,32704.27,2024-09-29,2024-11-24,Pipeline
OPP-00097,Acct-0120,R003,West,Closed Won,62002.0,2024-10-22,2025-03-03,Commit
OPP-00098,Acct-0021,R012,East,Proposal,21876.44,2025-07-06,2025-11-29,Best Case
OPP-00099,Acct-0059,R010,East,Prospecting,23043.5,2024-09-13,2024-10-09,Pipeline
OPP-00100,Acct-0011,R011,East,Closed Won,284705.55,2026-02-22,2026-05-21,Commit
OPP-00101,Acct-0163,R003,West,Proposal,436812.29,2024-07-04,2024-12-20,Best Case
OPP-00102,Acct-0085,R008,Central,Closed Lost,24878.0,2024-11-24,2025-01-09,Omitted
OPP-00103,Acct-0065,R007,Central,Closed Won,78912.39,2025-04-10,2025-05-22,Commit
OPP-00104,Acct-0093,R006,Central,Prospecting,77651.0,2024-02-25,2024-05-03,Commit
OPP-00105,Acct-0034,R010,East,Closed Won,60279.74,2024-07-27,2024-10-23,Commit
OPP-00106,Acct-0041,R005,Central,Proposal,38116.31,2025-10-07,2026-03-31,Pipeline
OPP-00107,Acct-0166,R005,Central,Negotiation,29406.4,2024-04-26,2024-09-11,Pipeline
OPP-00108,Acct-0121,R003,West,Negotiation,53153.7,2024-10-06,2025-02-09,Best Case
OPP-00109,Acct-0035,R004,West,Proposal,13658.62,2025-09-05,2026-02-02,Commit
OPP-00110,Acct-0001,R002,West,Qualification,57833.9,2026-03-17,2026-08-13,Best Case
OPP-00111,Acct-0115,R005,Central,Closed Won,93002.29,2025-11-06,2026-03-31,Commit
OPP-00112,Acct-0049,R009,East,Negotiation,9036.15,2025-01-21,2025-06-06,Best Case
OPP-00113,Acct-0122,R012,East,Qualification,7670.17,2025-02-24,2025-03-27,Best Case
OPP-00114,Acct-0033,R012,East,Closed Lost,98453.21,2024-06-04,2024-10-28,Omitted
OPP-00115,Acct-0117,R009,East,Closed Lost,20164.23,2025-03-26,2025-05-10,Omitted
OPP-00116,Acct-0068,R001,West,Closed Won,17986.62,2024-06-07,2024-07-16,Commit
OPP-00117,Acct-0082,R006,Central,Closed Won,22649.52,2024-12-02,2025-05-07,Commit
OPP-00118,Acct-0026,R011,East,Closed Won,348401.45,2024-08-20,2024-10-02,Commit
OPP-00119,Acct-0084,R011,East,Closed Won,12837.17,2024-11-02,2024-11-29,Commit
OPP-00120,Acct-0175,R001,West,Qualification,21457.62,2025-06-27,2025-10-30,Commit
OPP-00121,Acct-0119,R003,West,Qualification,34319.29,2025-08-20,2025-10-15,Pipeline
OPP-00122,Acct-0077,R011,East,Qualification,37260.0,2025-03-28,2025-07-14,Commit
OPP-00123,Acct-0124,R011,East,Closed Lost,46211.18,2024-11-05,2025-01-14,Omitted
OPP-00124,Acct-0169,R002,West,Qualification,34932.44,2025-12-17,2026-03-22,Pipeline
OPP-00125,Acct-0128,R007,Central,Qualification,37196.65,2026-02-01,2026-03-05,Commit
OPP-00126,Acct-0065,R005,Central,Closed Won,3282.06,2024-08-12,2024-10-19,Commit
OPP-00127,Acct-0161,R011,East,Closed Won,98123.61,2024-05-20,2024-11-16,Commit
OPP-00128,Acct-0107,R011,East,Prospecting,21158.17,2024-10-29,2025-02-09,Commit
OPP-00129,Acct-0124,R003,West,Qualification,17752.52,2024-10-06,2024-12-07,Best Case
OPP-00130,Acct-0174,R005,Central,Closed Won,20303.89,2024-03-18,2024-05-13,Commit
OPP-00131,Acct-0102,R012,East,Closed Won,9635.13,2025-07-24,2025-11-14,Commit
OPP-00132,Acct-0098,R001,West,Qualification,10716.88,2026-02-05,2026-05-03,Commit
OPP-00133,Acct-0084,R011,East,Closed Lost,12219.07,2024-01-26,2024-07-22,Omitted
OPP-00134,Acct-0012,R010,East,Qualification,66556.84,2025-02-22,2025-04-12,Pipeline
OPP-00135,Acct-0117,R001,West,Proposal,26565.98,2025-07-04,2025-08-27,Best Case
OPP-00136,Acct-0026,R006,Central,Closed Won,16572.78,2024-06-07,2024-10-11,Commit
OPP-00137,Acct-0114,R008,Central,Negotiation,68952.28,2025-12-07,2026-03-31,Pipeline
OPP-00138,Acct-0102,R008,Central,Closed Lost,50480.36,2025-10-22,2026-02-10,Omitted
OPP-00139,Acct-0013,R005,Central,Qualification,21865.79,2025-10-19,2026-04-09,Pipeline
OPP-00140,Acct-0151,R006,Central,Qualification,7140.61,2024-03-11,2024-08-19,Pipeline
OPP-00141,Acct-0071,R004,West,Closed Won,4328.32,2026-03-18,2026-09-06,Commit
OPP-00142,Acct-0004,R003,West,Closed Lost,36613.35,2024-04-22,2024-05-18,Omitted
OPP-00143,Acct-0033,R006,Central,Closed Won,14789.04,2024-06-27,2024-09-22,Commit
OPP-00144,Acct-0129,R012,East,Proposal,23737.64,2025-08-30,2025-10-16,Best Case
OPP-00145,Acct-0123,R004,West,Closed Lost,87905.34,2025-04-14,2025-05-11,Omitted
OPP-00146,Acct-0017,R007,Central,Proposal,11327.17,2024-11-25,2025-05-19,Pipeline
OPP-00147,Acct-0136,R003,West,Qualification,42401.2,2024-11-28,2025-03-25,Commit
OPP-00148,Acct-0167,R005,Central,Proposal,32231.44,2025-12-19,2026-02-06,Commit
OPP-00149,Acct-0117,R009,East,Closed Won,12061.05,2024-08-21,2024-12-24,Commit
OPP-00150,Acct-0040,R007,Central,Proposal,9039.77,2025-11-12,2026-02-05,Best Case
OPP-00151,Acct-0144,R011,East,Closed Lost,190754.04,2025-07-23,2025-08-27,Omitted
OPP-00152,Acct-0014,R009,East,Proposal,10912.6,2025-11-12,2026-03-20,Commit
OPP-00153,Acct-0124,R005,Central,Negotiation,15635.85,2024-08-05,2024-10-03,Commit
OPP-00154,Acct-0058,R004,West,Closed Lost,15970.07,2024-04-27,2024-07-27,Omitted
OPP-00155,Acct-0178,R007,Central,Closed Lost,43948.55,2024-01-27,2024-07-20,Omitted
OPP-00156,Acct-0047,R005,Central,Prospecting,6164.76,2024-12-13,2025-04-01,Pipeline
OPP-00157,Acct-0136,R003,West,Negotiation,22504.87,2025-10-10,2025-11-06,Pipeline
OPP-00158,Acct-0153,R004,West,Proposal,24712.39,2024-11-15,2025-02-26,Commit
OPP-00159,Acct-0070,R002,West,Closed Lost,23098.19,2025-09-13,2026-01-24,Omitted
OPP-00160,Acct-0135,R004,West,Closed Won,9453.07,2024-10-17,2025-04-06,Commit
OPP-00161,Acct-0111,R011,East,Proposal,47762.72,2024-05-02,2024-05-23,Best Case
OPP-00162,Acct-0102,R003,West,Prospecting,28719.81,2025-07-26,2025-11-13,Pipeline
OPP-00163,Acct-0164,R012,East,Prospecting,100494.38,2025-08-10,2025-12-11,Commit
OPP-00164,Acct-0028,R007,Central,Qualification,22059.75,2025-01-05,2025-02-16,Best Case
OPP-00165,Acct-0086,R004,West,Proposal,22769.49,2024-11-13,2025-02-27,Pipeline
OPP-00166,Acct-0166,R003,West,Prospecting,41698.23,2024-07-17,2024-11-03,Best Case
OPP-00167,Acct-0020,R003,West,Qualification,13629.17,2025-09-08,2025-11-06,Commit
OPP-00168,Acct-0175,R003,West,Closed Lost,38891.49,2025-07-31,2026-01-15,Omitted
OPP-00169,Acct-0113,R010,East,Closed Won,81628.4,2025-10-04,2026-01-12,Commit
OPP-00170,Acct-0130,R002,West,Proposal,72838.4,2025-08-28,2025-10-01,Best Case
OPP-00171,Acct-0024,R002,West,Proposal,24866.52,2024-10-20,2024-11-28,Commit
OPP-00172,Acct-0147,R010,East,Negotiation,17588.65,2026-03-21,2026-04-20,Best Case
OPP-00173,Acct-0088,R011,East,Qualification,37240.12,2024-03-04,2024-07-17,Pipeline
OPP-00174,Acct-0135,R012,East,Prospecting,34023.52,2025-12-25,2026-05-06,Best Case
OPP-00175,Acct-0174,R009,East,Negotiation,2078.32,2025-01-31,2025-06-04,Best Case
OPP-00176,Acct-0174,R010,East,Prospecting,36451.14,2024-12-03,2025-01-16,Commit
OPP-00177,Acct-0021,R007,Central,Qualification,73558.26,2025-09-09,2025-11-06,Best Case
OPP-00178,Acct-0153,R010,East,Closed Won,68380.56,2025-11-02,2026-03-02,Commit
OPP-00179,Acct-0172,R012,East,Closed Lost,16786.52,2026-03-21,2026-07-03,Omitted
OPP-00180,Acct-0172,R012,East,Closed Won,86846.53,2025-06-23,2025-08-05,Commit
OPP-00181,Acct-0050,R007,Central,Negotiation,9170.43,2024-08-07,2024-11-22,Best Case
OPP-00182,Acct-0139,R004,West,Closed Lost,12625.42,2026-03-18,2026-05-02,Omitted
OPP-00183,Acct-0153,R012,East,Closed Lost,9171.92,2026-02-23,2026-08-20,Omitted
OPP-00184,Acct-0113,R007,Central,Qualification,5408.39,2025-10-01,2025-12-02,Commit
OPP-00185,Acct-0115,R001,West,Proposal,38450.57,2025-03-30,2025-09-22,Best Case
OPP-00186,Acct-0174,R004,West,Negotiation,5783.91,2025-04-25,2025-07-03,Best Case
OPP-00187,Acct-0108,R010,East,Closed Lost,24775.82,2025-01-26,2025-06-23,Omitted
OPP-00188,Acct-0124,R003,West,Closed Won,46159.19,2024-09-13,2024-10-16,Commit
OPP-00189,Acct-0116,R006,Central,Negotiation,57433.14,2026-02-20,2026-04-22,Best Case
OPP-00190,Acct-0007,R009,East,Qualification,4440.05,2024-08-15,2024-12-28,Best Case
OPP-00191,Acct-0008,R007,Central,Prospecting,27012.5,2024-03-24,2024-07-17,Pipeline
OPP-00192,Acct-0010,R006,Central,Closed Lost,120097.56,2026-03-21,2026-05-17,Omitted
OPP-00193,Acct-0158,R005,Central,Closed Lost,20914.23,2026-02-16,2026-07-06,Omitted
OPP-00194,Acct-0078,R001,West,Closed Lost,36007.31,2026-03-05,2026-06-06,Omitted
OPP-00195,Acct-0128,R002,West,Prospecting,14755.7,2025-04-13,2025-05-19,Pipeline
OPP-00196,Acct-0110,R010,East,Negotiation,43452.79,2026-01-05,2026-03-02,Best Case
OPP-00197,Acct-0093,R001,West,Negotiation,13540.47,2025-11-11,2025-12-22,Commit
OPP-00198,Acct-0100,R002,West,Closed Lost,36999.44,2025-06-03,2025-11-11,Omitted
OPP-00199,Acct-0018,R008,Central,Prospecting,20359.71,2026-02-04,2026-02-28,Best Case
OPP-00200,Acct-0012,R006,Central,Qualification,35264.03,2025-08-18,2025-12-01,Pipeline
OPP-00201,Acct-0123,R006,Central,Negotiation,48377.52,2026-03-08,2026-07-24,Commit
OPP-00202,Acct-0052,R011,East,Qualification,3694.31,2025-04-13,2025-05-12,Best Case
OPP-00203,Acct-0140,R001,West,Closed Won,64236.06,2024-11-13,2025-04-13,Commit
OPP-00204,Acct-0085,R008,Central,Qualification,43628.55,2024-12-31,2025-02-01,Commit
OPP-00205,Acct-0087,R005,Central,Prospecting,4256.09,2026-01-31,2026-06-12,Best Case
OPP-00206,Acct-0109,R003,West,Negotiation,25577.8,2025-06-15,2025-09-11,Pipeline
OPP-00207,Acct-0115,R002,West,Proposal,18867.13,2024-12-01,2025-03-06,Best Case
OPP-00208,Acct-0091,R010,East,Closed Won,10662.06,2025-04-02,2025-05-02,Commit
OPP-00209,Acct-0037,R010,East,Closed Lost,37551.51,2026-03-31,2026-05-30,Omitted
OPP-00210,Acct-0099,R010,East,Closed Won,24118.87,2024-08-29,2024-12-20,Commit
OPP-00211,Acct-0020,R010,East,Prospecting,10170.63,2025-01-14,2025-05-09,Best Case
OPP-00212,Acct-0007,R010,East,Prospecting,19937.88,2024-10-12,2025-01-03,Pipeline
OPP-00213,Acct-0115,R012,East,Qualification,36934.4,2024-04-30,2024-07-26,Best Case
OPP-00214,Acct-0114,R004,West,Closed Lost,26489.78,2024-03-16,2024-07-29,Omitted
OPP-00215,Acct-0077,R002,West,Closed Won,65655.33,2025-07-17,2025-12-22,Commit
OPP-00216,Acct-0061,R003,West,Closed Won,67716.44,2024-05-04,2024-07-14,Commit
OPP-00217,Acct-0023,R008,Central,Prospecting,30704.51,2025-07-18,2025-09-09,Commit
OPP-00218,Acct-0082,R002,West,Proposal,31948.13,2025-08-11,2025-09-18,Pipeline
OPP-00219,Acct-0151,R011,East,Prospecting,24117.66,2024-05-11,2024-10-19,Commit
OPP-00220,Acct-0040,R003,West,Closed Won,8500.44,2024-02-26,2024-04-17,Commit
OPP-00221,Acct-0021,R005,Central,Qualification,10488.2,2024-12-20,2025-05-21,Best Case
OPP-00222,Acct-0137,R005,Central,Qualification,71048.68,2025-10-02,2026-01-07,Commit
OPP-00223,Acct-0145,R002,West,Negotiation,5627.9,2026-01-07,2026-06-30,Best Case
OPP-00224,Acct-0107,R001,West,Closed Won,45072.85,2025-10-28,2026-01-09,Commit
OPP-00225,Acct-0063,R010,East,Closed Won,26685.49,2024-10-23,2025-01-28,Commit
OPP-00226,Acct-0124,R011,East,Proposal,21368.09,2024-06-10,2024-10-20,Best Case
OPP-00227,Acct-0089,R008,Central,Qualification,34185.76,2026-01-05,2026-04-16,Commit
OPP-00228,Acct-0032,R007,Central,Prospecting,17051.78,2024-11-22,2025-02-11,Best Case
OPP-00229,Acct-0079,R005,Central,Proposal,15219.62,2025-06-11,2025-10-28,Best Case
OPP-00230,Acct-0091,R008,Central,Prospecting,108011.41,2024-09-03,2024-11-17,Commit
OPP-00231,Acct-0138,R001,West,Prospecting,25159.74,2025-10-31,2026-03-20,Best Case
OPP-00232,Acct-0094,R001,West,Closed Lost,10858.66,2026-01-14,2026-05-07,Omitted
OPP-00233,Acct-0099,R001,West,Proposal,30783.72,2025-07-20,2025-10-21,Pipeline
OPP-00234,Acct-0033,R009,East,Proposal,41800.3,2025-09-30,2026-03-25,Pipeline
OPP-00235,Acct-0155,R002,West,Proposal,53579.13,2025-01-09,2025-03-06,Pipeline
OPP-00236,Acct-0156,R009,East,Proposal,144677.2,2025-06-15,2025-10-29,Pipeline
OPP-00237,Acct-0077,R009,East,Prospecting,71491.38,2025-02-06,2025-08-02,Commit
OPP-00238,Acct-0122,R010,East,Proposal,79526.36,2025-12-26,2026-06-08,Best Case
OPP-00239,Acct-0122,R001,West,Proposal,50810.22,2026-01-12,2026-02-07,Commit
OPP-00240,Acct-0014,R005,Central,Closed Lost,189358.38,2025-08-14,2025-10-31,Omitted
OPP-00241,Acct-0175,R010,East,Negotiation,30766.72,2026-03-04,2026-06-29,Pipeline
OPP-00242,Acct-0053,R004,West,Prospecting,9115.77,2024-06-04,2024-10-07,Commit
OPP-00243,Acct-0036,R007,Central,Negotiation,37262.41,2026-01-23,2026-02-27,Commit
OPP-00244,Acct-0045,R009,East,Qualification,12091.94,2025-06-22,2025-10-16,Best Case
OPP-00245,Acct-0124,R008,Central,Closed Lost,18453.06,2026-03-01,2026-05-27,Omitted
OPP-00246,Acct-0054,R004,West,Closed Lost,16541.08,2024-10-31,2025-02-01,Omitted
OPP-00247,Acct-0032,R012,East,Closed Won,17434.52,2026-03-25,2026-06-23,Commit
OPP-00248,Acct-0114,R010,East,Closed Won,52200.33,2024-10-21,2024-11-30,Commit
OPP-00249,Acct-0179,R011,East,Qualification,25835.87,2025-07-05,2025-10-02,Commit
OPP-00250,Acct-0136,R005,Central,Prospecting,41451.28,2024-09-05,2024-10-07,Commit
OPP-00251,Acct-0175,R004,West,Closed Won,8285.99,2026-01-04,2026-05-24,Commit
OPP-00252,Acct-0167,R003,West,Prospecting,80540.28,2025-02-20,2025-07-11,Best Case
OPP-00253,Acct-0147,R004,West,Closed Won,16988.79,2024-03-01,2024-04-12,Commit
OPP-00254,Acct-0127,R004,West,Negotiation,58303.3,2024-06-29,2024-07-28,Best Case
OPP-00255,Acct-0165,R003,West,Closed Lost,30258.85,2024-12-09,2025-03-11,Omitted
OPP-00256,Acct-0118,R009,East,Negotiation,27144.91,2024-04-25,2024-08-07,Pipeline
OPP-00257,Acct-0173,R011,East,Qualification,4274.68,2026-03-20,2026-06-23,Commit
OPP-00258,Acct-0025,R004,West,Qualification,76233.76,2024-03-29,2024-07-29,Commit
OPP-00259,Acct-0061,R003,West,Closed Lost,15639.72,2024-01-07,2024-04-02,Omitted
OPP-00260,Acct-0067,R008,Central,Closed Won,73441.65,2026-01-10,2026-06-25,Commit
OPP-00261,Acct-0104,R011,East,Proposal,7898.73,2025-04-21,2025-07-28,Pipeline
OPP-00262,Acct-0057,R011,East,Negotiation,19328.36,2024-10-29,2025-02-20,Commit
OPP-00263,Acct-0180,R004,West,Closed Lost,25290.7,2025-09-12,2026-01-05,Omitted
OPP-00264,Acct-0153,R009,East,Closed Lost,200131.7,2024-08-11,2024-11-02,Omitted
OPP-00265,Acct-0141,R002,West,Negotiation,28800.75,2025-07-31,2025-09-17,Pipeline
OPP-00266,Acct-0175,R009,East,Qualification,28789.03,2025-06-16,2025-10-27,Pipeline
OPP-00267,Acct-0034,R004,West,Closed Won,22683.69,2025-04-01,2025-05-05,Commit
OPP-00268,Acct-0006,R009,East,Proposal,33646.19,2025-11-19,2026-02-25,Commit
OPP-00269,Acct-0016,R007,Central,Qualification,8570.67,2025-12-18,2026-01-23,Commit
OPP-00270,Acct-0166,R002,West,Closed Lost,25324.14,2024-07-03,2024-08-26,Omitted
OPP-00271,Acct-0175,R007,Central,Proposal,80470.68,2025-01-21,2025-05-17,Pipeline
OPP-00272,Acct-0077,R011,East,Closed Lost,22265.41,2024-08-16,2024-09-05,Omitted
OPP-00273,Acct-0089,R008,Central,Closed Won,31151.21,2024-08-23,2024-11-14,Commit
OPP-00274,Acct-0018,R003,West,Qualification,15788.12,2024-01-17,2024-04-07,Pipeline
OPP-00275,Acct-0012,R002,West,Negotiation,20907.58,2024-02-19,2024-05-11,Commit
OPP-00276,Acct-0129,R007,Central,Proposal,34542.21,2026-03-05,2026-04-08,Pipeline
OPP-00277,Acct-0083,R005,Central,Qualification,122600.19,2025-08-14,2026-02-03,Commit
OPP-00278,Acct-0071,R004,West,Proposal,5318.76,2024-08-14,2024-12-17,Best Case
OPP-00279,Acct-0110,R001,West,Negotiation,45913.29,2024-06-28,2024-12-25,Commit
OPP-00280,Acct-0039,R009,East,Negotiation,92510.79,2024-11-22,2025-03-28,Best Case
OPP-00281,Acct-0037,R005,Central,Proposal,56732.84,2024-08-18,2024-11-22,Commit
OPP-00282,Acct-0100,R008,Central,Closed Lost,535038.87,2025-07-24,2025-12-26,Omitted
OPP-00283,Acct-0138,R004,West,Qualification,20240.26,2025-04-05,2025-07-28,Pipeline
OPP-00284,Acct-0019,R012,East,Closed Won,8850.93,2025-09-11,2026-03-04,Commit
OPP-00285,Acct-0086,R004,West,Closed Won,40602.63,2024-08-10,2024-12-30,Commit
OPP-00286,Acct-0142,R005,Central,Closed Lost,9851.42,2024-07-28,2024-11-26,Omitted
OPP-00287,Acct-0093,R006,Central,Closed Won,18122.31,2025-01-02,2025-04-10,Commit
OPP-00288,Acct-0053,R009,East,Closed Lost,20615.67,2026-01-09,2026-05-29,Omitted
OPP-00289,Acct-0040,R006,Central,Proposal,32790.03,2026-01-07,2026-05-13,Best Case
OPP-00290,Acct-0176,R004,West,Proposal,8836.6,2025-05-26,2025-11-02,Commit
OPP-00291,Acct-0036,R006,Central,Qualification,41335.11,2024-06-21,2024-10-09,Pipeline
OPP-00292,Acct-0106,R012,East,Negotiation,33850.95,2024-03-17,2024-04-18,Pipeline
OPP-00293,Acct-0117,R003,West,Closed Lost,6528.67,2024-01-10,2024-03-25,Omitted
OPP-00294,Acct-0074,R006,Central,Prospecting,23406.76,2026-01-09,2026-04-09,Commit
OPP-00295,Acct-0135,R001,West,Negotiation,46004.11,2024-07-02,2024-08-18,Pipeline
OPP-00296,Acct-0021,R003,West,Qualification,34454.07,2024-12-28,2025-03-26,Best Case
OPP-00297,Acct-0176,R006,Central,Closed Lost,24744.26,2025-12-14,2026-03-01,Omitted
OPP-00298,Acct-0164,R002,West,Closed Won,9787.9,2025-07-19,2025-12-07,Commit
OPP-00299,Acct-0059,R001,West,Closed Won,37592.68,2024-04-07,2024-09-09,Commit
OPP-00300,Acct-0176,R004,West,Closed Lost,53386.36,2024-10-04,2024-11-04,Omitted
OPP-00301,Acct-0151,R005,Central,Closed Lost,29774.09,2024-11-18,2024-12-12,Omitted
OPP-00302,Acct-0145,R003,West,Closed Won,46435.45,2024-03-19,2024-06-23,Commit
OPP-00303,Acct-0036,R004,West,Negotiation,142993.36,2025-07-07,2025-10-19,Best Case
OPP-00304,Acct-0060,R012,East,Closed Won,28216.87,2024-02-24,2024-04-09,Commit
OPP-00305,Acct-0126,R002,West,Proposal,13302.25,2024-01-31,2024-04-29,Best Case
OPP-00306,Acct-0098,R004,West,Proposal,89216.62,2025-11-27,2026-05-15,Commit
OPP-00307,Acct-0040,R002,West,Closed Won,17689.84,2024-03-16,2024-04-26,Commit
OPP-00308,Acct-0024,R007,Central,Closed Won,59521.9,2024-11-20,2025-03-12,Commit
OPP-00309,Acct-0048,R001,West,Closed Lost,18816.08,2024-04-14,2024-06-06,Omitted
OPP-00310,Acct-0142,R007,Central,Proposal,31032.06,2024-01-27,2024-03-09,Best Case
OPP-00311,Acct-0144,R002,West,Negotiation,7446.85,2026-03-08,2026-04-18,Commit
OPP-00312,Acct-0069,R004,West,Negotiation,11804.02,2024-05-22,2024-08-18,Best Case
OPP-00313,Acct-0093,R008,Central,Qualification,13231.25,2024-11-02,2025-03-25,Pipeline
OPP-00314,Acct-0028,R005,Central,Closed Lost,52915.29,2025-09-23,2025-12-02,Omitted
OPP-00315,Acct-0113,R003,West,Proposal,75941.68,2025-09-27,2026-01-22,Best Case
OPP-00316,Acct-0083,R006,Central,Proposal,112585.72,2025-08-31,2025-10-24,Best Case
OPP-00317,Acct-0178,R010,East,Closed Lost,13718.89,2025-02-11,2025-05-23,Omitted
OPP-00318,Acct-0094,R011,East,Negotiation,31402.59,2025-01-20,2025-04-21,Best Case
OPP-00319,Acct-0054,R002,West,Closed Lost,3207.98,2024-01-28,2024-06-14,Omitted
OPP-00320,Acct-0169,R008,Central,Closed Won,36689.8,2024-11-06,2025-01-26,Commit
OPP-00321,Acct-0103,R003,West,Closed Won,43563.58,2025-09-04,2026-01-24,Commit
OPP-00322,Acct-0164,R009,East,Negotiation,37123.16,2025-01-03,2025-06-09,Commit
OPP-00323,Acct-0145,R002,West,Prospecting,8439.56,2024-06-19,2024-12-12,Pipeline
OPP-00324,Acct-0003,R011,East,Closed Won,14376.13,2026-03-26,2026-08-03,Commit
OPP-00325,Acct-0115,R002,West,Qualification,27840.74,2025-08-17,2026-01-31,Pipeline
OPP-00326,Acct-0007,R006,Central,Proposal,74762.32,2025-05-27,2025-07-24,Best Case
OPP-00327,Acct-0124,R008,Central,Prospecting,12040.05,2025-04-11,2025-06-22,Commit
OPP-00328,Acct-0012,R006,Central,Proposal,19636.84,2024-11-22,2024-12-29,Best Case
OPP-00329,Acct-0063,R012,East,Prospecting,124427.04,2025-11-24,2026-01-25,Commit
OPP-00330,Acct-0162,R009,East,Qualification,8166.65,2025-04-18,2025-07-06,Best Case
OPP-00331,Acct-0116,R003,West,Qualification,40208.77,2026-01-25,2026-07-21,Pipeline
OPP-00332,Acct-0027,R010,East,Proposal,8473.98,2026-03-26,2026-05-01,Commit
OPP-00333,Acct-0164,R009,East,Qualification,16394.49,2024-09-25,2025-02-17,Commit
OPP-00334,Acct-0159,R006,Central,Negotiation,40787.23,2024-12-22,2025-04-11,Best Case
OPP-00335,Acct-0173,R003,West,Closed Won,42306.32,2025-09-21,2026-03-11,Commit
OPP-00336,Acct-0100,R003,West,Proposal,17032.97,2025-01-17,2025-03-14,Commit
OPP-00337,Acct-0166,R007,Central,Negotiation,32865.69,2025-05-13,2025-10-17,Commit
OPP-00338,Acct-0014,R003,West,Negotiation,26407.35,2024-11-18,2025-04-02,Commit
OPP-00339,Acct-0168,R006,Central,Closed Lost,26120.49,2025-01-28,2025-07-10,Omitted
OPP-00340,Acct-0022,R008,Central,Proposal,25743.22,2025-03-30,2025-08-22,Pipeline
OPP-00341,Acct-0074,R010,East,Prospecting,47542.2,2024-10-08,2024-12-24,Commit
OPP-00342,Acct-0029,R003,West,Closed Won,42009.18,2025-05-22,2025-10-29,Commit
OPP-00343,Acct-0056,R010,East,Prospecting,8443.73,2024-02-12,2024-06-23,Commit
OPP-00344,Acct-0068,R007,Central,Prospecting,208879.78,2024-10-31,2024-11-28,Best Case
OPP-00345,Acct-0157,R006,Central,Closed Lost,4879.63,2025-12-06,2026-03-25,Omitted
OPP-00346,Acct-0090,R011,East,Proposal,61915.76,2024-07-30,2024-09-03,Commit
OPP-00347,Acct-0147,R009,East,Qualification,29392.7,2025-12-21,2026-03-25,Best Case
OPP-00348,Acct-0016,R005,Central,Closed Lost,33621.13,2024-04-07,2024-05-31,Omitted
OPP-00349,Acct-0037,R005,Central,Closed Lost,7050.31,2024-09-10,2025-01-08,Omitted
OPP-00350,Acct-0132,R010,East,Closed Won,36894.98,2024-03-18,2024-04-30,Commit
OPP-00351,Acct-0001,R012,East,Qualification,78258.93,2025-05-14,2025-08-25,Commit
OPP-00352,Acct-0056,R012,East,Prospecting,205287.69,2026-03-25,2026-08-28,Best Case
OPP-00353,Acct-0148,R007,Central,Closed Won,26580.93,2024-10-17,2025-01-31,Commit
OPP-00354,Acct-0026,R003,West,Negotiation,25990.98,2025-11-29,2025-12-31,Pipeline
OPP-00355,Acct-0001,R011,East,Closed Won,25052.84,2024-06-10,2024-10-20,Commit
OPP-00356,Acct-0071,R007,Central,Qualification,37625.17,2025-10-27,2026-02-01,Pipeline
OPP-00357,Acct-0102,R002,West,Closed Won,14566.36,2025-10-26,2025-12-27,Commit
OPP-00358,Acct-0025,R011,East,Proposal,40218.25,2025-11-02,2025-12-15,Commit
OPP-00359,Acct-0003,R001,West,Qualification,5411.12,2025-06-15,2025-10-26,Pipeline
OPP-00360,Acct-0027,R012,East,Proposal,47742.48,2024-08-22,2024-12-18,Pipeline
OPP-00361,Acct-0174,R002,West,Proposal,53195.09,2026-03-03,2026-04-26,Commit
OPP-00362,Acct-0055,R003,West,Prospecting,34570.97,2024-06-17,2024-10-27,Best Case
OPP-00363,Acct-0026,R011,East,Closed Won,145601.86,2025-03-29,2025-06-12,Commit
OPP-00364,Acct-0064,R003,West,Closed Won,33675.45,2025-03-15,2025-06-23,Commit
OPP-00365,Acct-0177,R005,Central,Closed Won,10152.82,2026-01-08,2026-07-02,Commit
OPP-00366,Acct-0049,R001,West,Closed Lost,38185.7,2025-06-14,2025-12-06,Omitted
OPP-00367,Acct-0099,R012,East,Proposal,76409.89,2026-03-23,2026-06-12,Best Case
OPP-00368,Acct-0034,R002,West,Qualification,33843.17,2024-01-13,2024-05-04,Best Case
OPP-00369,Acct-0019,R007,Central,Closed Lost,31773.0,2025-11-30,2026-02-02,Omitted
OPP-00370,Acct-0109,R001,West,Negotiation,21573.64,2025-12-30,2026-05-27,Best Case
OPP-00371,Acct-0080,R012,East,Proposal,43015.54,2024-06-05,2024-09-04,Pipeline
OPP-00372,Acct-0179,R002,West,Negotiation,29502.14,2025-10-11,2025-11-16,Best Case
OPP-00373,Acct-0015,R007,Central,Closed Won,8693.03,2025-04-09,2025-10-02,Commit
OPP-00374,Acct-0003,R005,Central,Closed Won,36171.41,2024-01-13,2024-03-08,Commit
OPP-00375,Acct-0096,R003,West,Negotiation,16477.42,2026-01-08,2026-04-04,Pipeline
OPP-00376,Acct-0148,R003,West,Closed Won,17216.42,2025-06-20,2025-07-26,Commit
OPP-00377,Acct-0095,R011,East,Prospecting,24146.52,2025-05-26,2025-11-07,Pipeline
OPP-00378,Acct-0131,R003,West,Qualification,6381.02,2026-01-10,2026-02-28,Pipeline
OPP-00379,Acct-0039,R001,West,Prospecting,56486.0,2025-04-28,2025-08-19,Best Case
OPP-00380,Acct-0083,R003,West,Closed Lost,92448.78,2026-01-01,2026-05-08,Omitted
OPP-00381,Acct-0031,R004,West,Proposal,42904.02,2024-03-20,2024-09-02,Best Case
OPP-00382,Acct-0018,R009,East,Closed Won,11057.94,2025-06-12,2025-07-13,Commit
OPP-00383,Acct-0003,R008,Central,Closed Lost,49646.19,2024-03-29,2024-09-06,Omitted
OPP-00384,Acct-0095,R006,Central,Qualification,30993.34,2025-09-29,2025-12-20,Best Case
OPP-00385,Acct-0002,R010,East,Closed Lost,59369.88,2026-03-26,2026-06-16,Omitted
OPP-00386,Acct-0001,R007,Central,Prospecting,32086.6,2025-12-11,2026-01-02,Best Case
OPP-00387,Acct-0108,R011,East,Proposal,45744.61,2024-07-29,2024-12-31,Pipeline
OPP-00388,Acct-0180,R008,Central,Closed Lost,18853.37,2024-08-25,2025-01-25,Omitted
OPP-00389,Acct-0101,R006,Central,Proposal,67036.05,2025-06-01,2025-07-25,Commit
OPP-00390,Acct-0084,R002,West,Negotiation,12028.49,2024-11-18,2025-03-18,Commit
OPP-00391,Acct-0054,R006,Central,Proposal,24016.22,2024-05-03,2024-10-07,Best Case
OPP-00392,Acct-0179,R008,Central,Proposal,17814.05,2024-06-10,2024-09-15,Commit
OPP-00393,Acct-0102,R010,East,Prospecting,58196.34,2024-04-03,2024-06-25,Best Case
OPP-00394,Acct-0116,R009,East,Prospecting,4787.05,2024-06-27,2024-07-24,Best Case
OPP-00395,Acct-0004,R009,East,Closed Won,13122.18,2026-03-23,2026-05-17,Commit
OPP-00396,Acct-0151,R001,West,Closed Won,59639.54,2025-10-07,2025-11-17,Commit
OPP-00397,Acct-0032,R005,Central,Closed Lost,7199.62,2024-05-11,2024-06-23,Omitted
OPP-00398,Acct-0175,R001,West,Closed Lost,18499.23,2025-05-23,2025-06-19,Omitted
OPP-00399,Acct-0009,R007,Central,Qualification,15648.25,2024-10-13,2025-02-24,Pipeline
OPP-00400,Acct-0016,R010,East,Negotiation,15416.24,2025-02-25,2025-08-04,Best Case
OPP-00401,Acct-0162,R002,West,Qualification,13364.42,2026-03-27,2026-08-28,Pipeline
OPP-00402,Acct-0129,R009,East,Closed Won,16687.65,2025-05-11,2025-08-27,Commit
OPP-00403,Acct-0015,R006,Central,Proposal,13019.5,2024-08-12,2024-09-08,Best Case
OPP-00404,Acct-0148,R008,Central,Negotiation,37429.06,2026-03-21,2026-04-24,Pipeline
OPP-00405,Acct-0008,R007,Central,Proposal,7885.01,2026-01-25,2026-05-16,Commit
OPP-00406,Acct-0139,R012,East,Closed Won,131068.84,2025-07-30,2025-10-06,Commit
OPP-00407,Acct-0158,R005,Central,Qualification,31576.12,2025-05-04,2025-05-24,Best Case
OPP-00408,Acct-0038,R004,West,Closed Won,19952.14,2024-11-27,2025-01-01,Commit
OPP-00409,Acct-0170,R010,East,Closed Won,28679.1,2024-03-15,2024-07-08,Commit
OPP-00410,Acct-0125,R007,Central,Negotiation,18536.14,2024-06-10,2024-10-19,Commit
OPP-00411,Acct-0171,R011,East,Proposal,55842.68,2025-09-20,2026-01-09,Pipeline
OPP-00412,Acct-0001,R010,East,Closed Won,13281.19,2024-10-28,2024-12-19,Commit
OPP-00413,Acct-0145,R012,East,Closed Lost,199197.35,2025-09-18,2025-12-03,Omitted
OPP-00414,Acct-0054,R002,West,Closed Lost,178942.35,2025-04-02,2025-04-24,Omitted
OPP-00415,Acct-0099,R004,West,Closed Won,9100.45,2026-01-07,2026-01-27,Commit
OPP-00416,Acct-0123,R008,Central,Closed Won,26444.62,2025-07-13,2025-11-06,Commit
OPP-00417,Acct-0006,R010,East,Closed Won,37991.0,2024-03-16,2024-04-13,Commit
OPP-00418,Acct-0020,R006,Central,Qualification,10644.2,2025-01-19,2025-03-21,Commit
OPP-00419,Acct-0008,R009,East,Closed Lost,82030.59,2025-09-20,2026-02-10,Omitted
OPP-00420,Acct-0139,R007,Central,Closed Lost,15348.12,2025-12-14,2026-05-24,Omitted
OPP-00421,Acct-0126,R005,Central,Closed Won,19034.44,2025-02-06,2025-07-22,Commit
OPP-00422,Acct-0007,R003,West,Prospecting,102119.1,2025-05-06,2025-07-16,Pipeline
OPP-00423,Acct-0121,R004,West,Qualification,18955.97,2024-04-28,2024-08-04,Best Case
OPP-00424,Acct-0098,R008,Central,Closed Lost,9768.26,2025-01-31,2025-04-08,Omitted
OPP-00425,Acct-0145,R006,Central,Qualification,7669.8,2024-09-26,2024-12-12,Best Case
OPP-00426,Acct-0106,R001,West,Qualification,37639.94,2025-11-15,2026-03-03,Commit
OPP-00427,Acct-0176,R010,East,Qualification,8902.17,2025-06-19,2025-10-24,Commit
OPP-00428,Acct-0147,R008,Central,Negotiation,15030.94,2025-02-08,2025-03-08,Commit
OPP-00429,Acct-0043,R009,East,Closed Won,55373.67,2024-05-03,2024-09-14,Commit
OPP-00430,Acct-0161,R004,West,Closed Won,9887.96,2025-11-30,2026-04-10,Commit
OPP-00431,Acct-0118,R003,West,Closed Won,20197.42,2024-11-29,2025-02-27,Commit
OPP-00432,Acct-0039,R001,West,Closed Won,40052.81,2025-03-05,2025-04-22,Commit
OPP-00433,Acct-0068,R003,West,Negotiation,201687.5,2025-07-02,2025-10-18,Best Case
OPP-00434,Acct-0037,R007,Central,Closed Won,33224.02,2024-06-25,2024-09-23,Commit
OPP-00435,Acct-0122,R010,East,Negotiation,36719.83,2024-12-05,2025-02-23,Pipeline
OPP-00436,Acct-0035,R005,Central,Closed Lost,17631.91,2025-05-18,2025-07-02,Omitted
OPP-00437,Acct-0166,R005,Central,Closed Lost,16247.73,2024-10-02,2025-02-05,Omitted
OPP-00438,Acct-0041,R002,West,Qualification,126347.01,2025-01-17,2025-02-20,Commit
OPP-00439,Acct-0045,R002,West,Proposal,27231.73,2025-06-20,2025-12-02,Pipeline
OPP-00440,Acct-0102,R004,West,Closed Lost,20554.35,2025-01-12,2025-05-30,Omitted
OPP-00441,Acct-0046,R011,East,Closed Lost,38909.94,2025-05-15,2025-11-03,Omitted
OPP-00442,Acct-0008,R008,Central,Negotiation,20387.74,2024-09-21,2024-11-03,Best Case
OPP-00443,Acct-0167,R007,Central,Prospecting,15268.17,2024-08-18,2024-10-29,Best Case
OPP-00444,Acct-0003,R007,Central,Negotiation,45931.77,2024-05-15,2024-07-18,Commit
OPP-00445,Acct-0097,R004,West,Qualification,53008.65,2025-12-27,2026-03-27,Best Case
OPP-00446,Acct-0150,R006,Central,Proposal,14422.56,2025-06-17,2025-12-13,Best Case
OPP-00447,Acct-0077,R002,West,Prospecting,88862.66,2025-08-31,2026-02-22,Best Case
OPP-00448,Acct-0039,R011,East,Prospecting,128956.68,2024-09-24,2024-12-29,Pipeline
OPP-00449,Acct-0036,R009,East,Closed Won,86439.7,2025-11-07,2026-02-16,Commit
OPP-00450,Acct-0010,R012,East,Prospecting,26748.71,2025-03-04,2025-07-05,Best Case
OPP-00451,Acct-0137,R010,East,Closed Won,30862.86,2026-01-13,2026-03-30,Commit
OPP-00452,Acct-0076,R011,East,Closed Won,28942.37,2025-11-04,2026-04-15,Commit
OPP-00453,Acct-0086,R002,West,Proposal,104145.77,2025-07-26,2025-09-30,Commit
OPP-00454,Acct-0096,R011,East,Prospecting,11231.48,2024-11-10,2025-03-17,Best Case
OPP-00455,Acct-0159,R005,Central,Negotiation,25249.9,2024-02-24,2024-08-11,Commit
OPP-00456,Acct-0077,R002,West,Proposal,15743.52,2025-11-28,2026-03-25,Commit
OPP-00457,Acct-0146,R007,Central,Prospecting,50717.75,2024-07-24,2024-11-08,Best Case
OPP-00458,Acct-0162,R008,Central,Qualification,53244.36,2024-03-23,2024-08-14,Best Case
OPP-00459,Acct-0041,R003,West,Proposal,7743.39,2024-08-02,2024-10-04,Commit
OPP-00460,Acct-0110,R008,Central,Closed Won,44184.68,2025-03-20,2025-07-27,Commit
OPP-00461,Acct-0005,R008,Central,Proposal,22054.55,2024-11-25,2025-04-29,Pipeline
OPP-00462,Acct-0027,R011,East,Prospecting,42879.61,2024-12-18,2025-03-27,Pipeline
OPP-00463,Acct-0117,R007,Central,Negotiation,19530.6,2024-02-16,2024-05-22,Best Case
OPP-00464,Acct-0126,R012,East,Negotiation,28731.55,2025-12-04,2026-01-27,Best Case
OPP-00465,Acct-0164,R006,Central,Closed Won,27123.59,2025-12-29,2026-01-27,Commit
OPP-00466,Acct-0006,R005,Central,Closed Won,42966.71,2024-02-19,2024-04-06,Commit
OPP-00467,Acct-0180,R001,West,Closed Won,21865.44,2025-07-14,2025-10-06,Commit
OPP-00468,Acct-0156,R003,West,Qualification,23484.71,2025-06-16,2025-09-13,Commit
OPP-00469,Acct-0073,R012,East,Prospecting,47589.06,2026-01-06,2026-07-03,Pipeline
OPP-00470,Acct-0052,R002,West,Closed Won,26664.06,2026-03-07,2026-06-02,Commit
OPP-00471,Acct-0124,R006,Central,Closed Won,19361.96,2025-05-23,2025-08-04,Commit
OPP-00472,Acct-0131,R006,Central,Qualification,6552.21,2025-05-20,2025-07-17,Pipeline
OPP-00473,Acct-0068,R002,West,Closed Won,11762.88,2024-08-24,2025-01-07,Commit
OPP-00474,Acct-0030,R008,Central,Prospecting,62948.44,2025-11-24,2026-03-04,Best Case
OPP-00475,Acct-0160,R002,West,Closed Lost,5527.52,2024-12-02,2025-03-23,Omitted
OPP-00476,Acct-0177,R005,Central,Closed Lost,11883.09,2025-04-12,2025-07-10,Omitted
OPP-00477,Acct-0016,R008,Central,Closed Won,83415.6,2024-04-25,2024-06-17,Commit
OPP-00478,Acct-0157,R003,West,Prospecting,91795.69,2025-08-05,2025-12-15,Pipeline
OPP-00479,Acct-0125,R007,Central,Closed Won,94006.86,2026-01-14,2026-03-08,Commit
OPP-00480,Acct-0174,R002,West,Closed Lost,24397.39,2025-11-01,2026-02-09,Omitted
OPP-00481,Acct-0134,R009,East,Closed Won,35315.0,2025-11-16,2026-03-02,Commit
OPP-00482,Acct-0170,R012,East,Closed Won,4241.38,2024-09-11,2025-02-01,Commit
OPP-00483,Acct-0121,R011,East,Closed Won,128517.76,2024-01-12,2024-03-12,Commit
OPP-00484,Acct-0013,R008,Central,Closed Lost,7396.59,2024-09-03,2024-12-16,Omitted
OPP-00485,Acct-0114,R009,East,Qualification,38980.72,2024-08-28,2024-10-07,Best Case
OPP-00486,Acct-0168,R010,East,Proposal,72818.05,2024-05-01,2024-09-25,Commit
OPP-00487,Acct-0159,R001,West,Prospecting,19818.79,2024-01-01,2024-02-13,Commit
OPP-00488,Acct-0094,R011,East,Proposal,27343.4,2025-11-18,2026-04-03,Best Case
OPP-00489,Acct-0122,R001,West,Closed Won,59623.32,2026-02-24,2026-08-21,Commit
OPP-00490,Acct-0088,R012,East,Closed Won,39193.59,2026-02-16,2026-05-03,Commit
OPP-00491,Acct-0028,R006,Central,Closed Won,74072.0,2025-06-18,2025-10-11,Commit
OPP-00492,Acct-0066,R001,West,Closed Lost,25193.19,2026-01-30,2026-06-03,Omitted
OPP-00493,Acct-0163,R010,East,Qualification,13074.42,2026-02-14,2026-06-20,Pipeline
OPP-00494,Acct-0035,R011,East,Negotiation,57796.0,2025-11-05,2026-04-24,Commit
OPP-00495,Acct-0131,R008,Central,Prospecting,60859.05,2025-03-19,2025-09-04,Best Case
OPP-00496,Acct-0099,R003,West,Closed Won,4504.02,2025-09-12,2025-12-23,Commit
OPP-00497,Acct-0155,R007,Central,Closed Lost,101482.97,2024-05-16,2024-07-10,Omitted
OPP-00498,Acct-0142,R012,East,Closed Lost,30362.56,2025-07-14,2025-10-22,Omitted
OPP-00499,Acct-0034,R011,East,Qualification,5601.39,2025-12-04,2026-03-22,Commit
OPP-00500,Acct-0030,R012,East,Closed Won,112015.93,2025-12-11,2026-03-23,Commit
OPP-00501,Acct-0137,R006,Central,Negotiation,250253.0,2025-12-28,2026-05-03,Commit
OPP-00502,Acct-0038,R005,Central,Closed Lost,23827.99,2024-04-19,2024-05-15,Omitted
OPP-00503,Acct-0065,R001,West,Closed Won,4210.15,2024-06-13,2024-09-14,Commit
OPP-00504,Acct-0092,R003,West,Closed Won,40843.08,2026-02-10,2026-07-18,Commit
OPP-00505,Acct-0171,R008,Central,Prospecting,30457.31,2026-03-14,2026-06-15,Commit
OPP-00506,Acct-0065,R001,West,Closed Lost,78341.55,2025-07-19,2025-08-21,Omitted
OPP-00507,Acct-0155,R004,West,Closed Won,65948.31,2026-02-12,2026-08-01,Commit
OPP-00508,Acct-0045,R004,West,Closed Won,74282.2,2024-06-30,2024-08-08,Commit
OPP-00509,Acct-0042,R012,East,Negotiation,19307.17,2025-07-23,2025-10-18,Pipeline
OPP-00510,Acct-0170,R010,East,Closed Lost,138922.92,2026-03-03,2026-08-30,Omitted
OPP-00511,Acct-0057,R005,Central,Negotiation,32042.15,2026-03-13,2026-06-22,Commit
OPP-00512,Acct-0024,R003,West,Negotiation,45513.64,2025-07-10,2025-12-14,Best Case
OPP-00513,Acct-0159,R006,Central,Qualification,13871.32,2025-01-04,2025-04-09,Pipeline
OPP-00514,Acct-0172,R009,East,Proposal,39421.15,2025-10-26,2025-11-17,Pipeline
OPP-00515,Acct-0175,R006,Central,Proposal,135497.4,2025-09-28,2025-12-19,Pipeline
OPP-00516,Acct-0073,R006,Central,Proposal,45062.95,2024-09-19,2025-02-24,Commit
OPP-00517,Acct-0012,R001,West,Closed Lost,59615.56,2025-06-04,2025-10-16,Omitted
OPP-00518,Acct-0137,R005,Central,Closed Lost,10130.98,2024-04-08,2024-06-09,Omitted
OPP-00519,Acct-0053,R001,West,Closed Won,8060.25,2024-08-06,2024-12-12,Commit
OPP-00520,Acct-0118,R009,East,Closed Won,15589.18,2024-03-14,2024-05-12,Commit
OPP-00521,Acct-0105,R012,East,Proposal,75202.07,2025-08-11,2025-10-28,Best Case
OPP-00522,Acct-0002,R007,Central,Proposal,21680.87,2025-02-02,2025-03-24,Commit
OPP-00523,Acct-0023,R011,East,Closed Won,17293.36,2024-10-23,2025-01-28,Commit
OPP-00524,Acct-0041,R005,Central,Closed Won,22946.44,2025-11-07,2025-12-04,Commit
OPP-00525,Acct-0037,R009,East,Qualification,175367.32,2025-07-12,2025-10-15,Commit
OPP-00526,Acct-0037,R005,Central,Closed Won,47326.46,2024-01-12,2024-06-21,Commit
OPP-00527,Acct-0054,R002,West,Prospecting,32380.07,2025-07-14,2025-08-24,Best Case
OPP-00528,Acct-0042,R012,East,Closed Won,41879.2,2025-10-23,2026-03-23,Commit
OPP-00529,Acct-0141,R003,West,Qualification,51098.18,2024-07-04,2024-12-16,Pipeline
OPP-00530,Acct-0092,R008,Central,Closed Won,16653.62,2025-08-17,2026-01-08,Commit
OPP-00531,Acct-0125,R003,West,Closed Won,15163.38,2024-03-12,2024-05-20,Commit
OPP-00532,Acct-0094,R008,Central,Proposal,60052.24,2024-06-05,2024-11-16,Commit
OPP-00533,Acct-0165,R006,Central,Closed Lost,12772.66,2026-03-15,2026-05-30,Omitted
OPP-00534,Acct-0115,R007,Central,Qualification,13669.46,2024-12-05,2025-04-26,Best Case
OPP-00535,Acct-0072,R006,Central,Closed Won,26302.72,2025-10-23,2026-04-16,Commit
OPP-00536,Acct-0020,R003,West,Closed Lost,4633.07,2025-10-03,2025-11-11,Omitted
OPP-00537,Acct-0055,R001,West,Closed Lost,79595.0,2025-08-15,2025-12-16,Omitted
OPP-00538,Acct-0151,R001,West,Negotiation,22212.41,2025-01-09,2025-05-09,Pipeline
OPP-00539,Acct-0129,R012,East,Closed Lost,8663.71,2024-04-02,2024-08-01,Omitted
OPP-00540,Acct-0041,R001,West,Closed Won,33225.53,2025-06-10,2025-08-04,Commit
OPP-00541,Acct-0011,R003,West,Negotiation,59579.27,2024-05-29,2024-10-19,Best Case
OPP-00542,Acct-0053,R004,West,Closed Won,15321.22,2024-08-27,2024-09-26,Commit
OPP-00543,Acct-0167,R009,East,Closed Lost,17962.67,2025-04-10,2025-05-11,Omitted
OPP-00544,Acct-0045,R006,Central,Prospecting,6939.46,2025-08-15,2026-01-21,Commit
OPP-00545,Acct-0097,R007,Central,Closed Won,14765.62,2024-03-20,2024-08-19,Commit
OPP-00546,Acct-0002,R004,West,Negotiation,4832.07,2025-05-13,2025-10-03,Commit
OPP-00547,Acct-0039,R009,East,Closed Lost,23848.79,2025-06-10,2025-09-09,Omitted
OPP-00548,Acct-0085,R003,West,Qualification,63610.64,2025-11-07,2026-01-24,Best Case
OPP-00549,Acct-0106,R012,East,Prospecting,45220.72,2025-08-27,2025-10-27,Commit
OPP-00550,Acct-0147,R001,West,Qualification,6572.32,2024-05-17,2024-10-15,Pipeline
OPP-00551,Acct-0164,R003,West,Prospecting,17065.38,2025-02-19,2025-08-11,Commit
OPP-00552,Acct-0156,R001,West,Closed Lost,192864.57,2024-03-28,2024-06-11,Omitted
OPP-00553,Acct-0169,R008,Central,Closed Lost,57414.7,2026-02-24,2026-05-01,Omitted
OPP-00554,Acct-0018,R009,East,Qualification,45550.83,2025-04-09,2025-09-28,Commit
OPP-00555,Acct-0156,R004,West,Proposal,39607.73,2025-12-01,2026-04-07,Pipeline
OPP-00556,Acct-0031,R002,West,Qualification,126685.3,2026-03-13,2026-08-16,Commit
OPP-00557,Acct-0108,R002,West,Negotiation,6377.87,2024-01-02,2024-05-11,Commit
OPP-00558,Acct-0151,R006,Central,Closed Lost,45907.42,2025-05-08,2025-09-02,Omitted
OPP-00559,Acct-0123,R012,East,Closed Lost,91877.6,2025-03-11,2025-05-04,Omitted
OPP-00560,Acct-0049,R004,West,Closed Lost,5433.78,2025-07-10,2025-11-11,Omitted
OPP-00561,Acct-0097,R001,West,Closed Won,77565.67,2024-04-30,2024-09-30,Commit
OPP-00562,Acct-0167,R011,East,Qualification,59559.76,2024-04-19,2024-06-17,Best Case
OPP-00563,Acct-0175,R010,East,Qualification,69619.24,2025-01-09,2025-07-04,Best Case
OPP-00564,Acct-0144,R007,Central,Closed Won,14477.62,2025-05-09,2025-07-13,Commit
OPP-00565,Acct-0059,R009,East,Negotiation,54360.33,2024-05-21,2024-07-10,Commit
OPP-00566,Acct-0179,R008,Central,Closed Won,28573.08,2026-03-31,2026-09-07,Commit
OPP-00567,Acct-0156,R011,East,Closed Won,24182.7,2024-08-15,2024-12-07,Commit
OPP-00568,Acct-0153,R001,West,Closed Won,81590.7,2025-11-02,2026-04-04,Commit
OPP-00569,Acct-0169,R001,West,Closed Lost,106352.62,2025-03-25,2025-04-16,Omitted
OPP-00570,Acct-0062,R009,East,Qualification,27771.84,2024-06-22,2024-07-21,Best Case
OPP-00571,Acct-0052,R011,East,Prospecting,52445.61,2025-02-08,2025-06-11,Commit
OPP-00572,Acct-0089,R009,East,Prospecting,35581.94,2025-07-26,2026-01-11,Best Case
OPP-00573,Acct-0067,R005,Central,Qualification,99832.85,2025-02-17,2025-08-03,Pipeline
OPP-00574,Acct-0063,R003,West,Proposal,39266.49,2025-01-21,2025-07-04,Best Case
OPP-00575,Acct-0030,R006,Central,Closed Lost,23913.1,2025-08-23,2025-09-19,Omitted
OPP-00576,Acct-0133,R005,Central,Prospecting,38357.57,2024-11-19,2025-03-24,Best Case
OPP-00577,Acct-0088,R009,East,Prospecting,53222.99,2024-04-05,2024-08-05,Commit
OPP-00578,Acct-0047,R002,West,Negotiation,13049.49,2024-08-11,2025-01-24,Best Case
OPP-00579,Acct-0062,R012,East,Closed Won,95159.26,2024-07-23,2024-10-11,Commit
OPP-00580,Acct-0028,R005,Central,Qualification,14593.82,2025-09-25,2026-01-14,Pipeline
OPP-00581,Acct-0011,R002,West,Closed Lost,60264.78,2025-09-20,2025-10-11,Omitted
OPP-00582,Acct-0131,R008,Central,Proposal,107207.17,2024-10-08,2025-03-02,Pipeline
OPP-00583,Acct-0139,R005,Central,Proposal,41901.56,2025-06-22,2025-10-28,Best Case
OPP-00584,Acct-0179,R001,West,Negotiation,15943.86,2024-06-27,2024-11-11,Pipeline
OPP-00585,Acct-0067,R009,East,Proposal,9266.21,2024-11-29,2025-03-21,Commit
OPP-00586,Acct-0048,R003,West,Negotiation,12485.15,2025-09-19,2026-01-04,Best Case
OPP-00587,Acct-0116,R008,Central,Proposal,16250.82,2025-01-08,2025-05-10,Best Case
OPP-00588,Acct-0098,R003,West,Negotiation,152904.6,2024-08-29,2025-02-07,Best Case
OPP-00589,Acct-0133,R004,West,Qualification,47723.08,2025-05-26,2025-07-19,Commit
OPP-00590,Acct-0102,R009,East,Closed Won,50482.57,2025-07-29,2026-01-10,Commit
OPP-00591,Acct-0093,R002,West,Closed Won,24395.1,2025-04-05,2025-07-19,Commit
OPP-00592,Acct-0090,R006,Central,Negotiation,66055.42,2024-01-21,2024-05-25,Pipeline
OPP-00593,Acct-0073,R011,East,Closed Lost,8991.58,2025-10-26,2026-04-01,Omitted
OPP-00594,Acct-0158,R006,Central,Proposal,28899.81,2025-04-02,2025-05-12,Best Case
OPP-00595,Acct-0042,R005,Central,Proposal,19705.13,2025-02-18,2025-03-28,Pipeline
OPP-00596,Acct-0102,R006,Central,Qualification,18052.13,2024-09-30,2025-03-23,Commit
OPP-00597,Acct-0048,R005,Central,Closed Lost,59810.81,2025-04-06,2025-08-09,Omitted
OPP-00598,Acct-0043,R001,West,Prospecting,15560.52,2026-01-31,2026-03-12,Pipeline
OPP-00599,Acct-0027,R007,Central,Prospecting,29050.92,2025-02-10,2025-07-14,Pipeline
OPP-00600,Acct-0161,R005,Central,Negotiation,21575.38,2026-01-25,2026-04-27,Best Case
OPP-00601,Acct-0139,R003,West,Prospecting,164135.62,2024-11-29,2025-04-19,Best Case
OPP-00602,Acct-0135,R005,Central,Negotiation,31202.37,2025-04-12,2025-09-23,Best Case
OPP-00603,Acct-0114,R011,East,Closed Won,17151.5,2025-07-06,2025-09-22,Commit
OPP-00604,Acct-0089,R005,Central,Proposal,15795.71,2024-01-01,2024-06-02,Pipeline
OPP-00605,Acct-0153,R005,Central,Proposal,100675.25,2024-01-10,2024-05-19,Best Case
OPP-00606,Acct-0064,R004,West,Closed Won,29487.96,2025-07-28,2025-12-06,Commit
OPP-00607,Acct-0109,R003,West,Closed Won,100083.61,2024-08-13,2024-11-08,Commit
OPP-00608,Acct-0106,R011,East,Qualification,121280.51,2024-10-18,2025-03-23,Best Case
OPP-00609,Acct-0116,R004,West,Closed Lost,13490.65,2025-10-14,2026-02-27,Omitted
OPP-00610,Acct-0006,R005,Central,Closed Won,26418.22,2024-06-04,2024-07-06,Commit
OPP-00611,Acct-0024,R003,West,Closed Lost,18315.71,2025-03-24,2025-04-15,Omitted
OPP-00612,Acct-0119,R003,West,Prospecting,12667.97,2026-03-15,2026-08-09,Best Case
OPP-00613,Acct-0101,R012,East,Closed Won,5038.16,2024-05-29,2024-07-02,Commit
OPP-00614,Acct-0064,R002,West,Negotiation,14415.22,2024-01-13,2024-03-04,Commit
OPP-00615,Acct-0025,R007,Central,Closed Won,19232.46,2024-02-04,2024-04-14,Commit
OPP-00616,Acct-0162,R009,East,Closed Won,12875.84,2024-11-15,2025-02-25,Commit
OPP-00617,Acct-0077,R012,East,Prospecting,110165.04,2024-09-16,2025-02-06,Commit
OPP-00618,Acct-0031,R004,West,Proposal,24265.05,2026-03-24,2026-06-22,Commit
OPP-00619,Acct-0023,R007,Central,Closed Won,61951.29,2025-09-02,2025-10-31,Commit
OPP-00620,Acct-0016,R004,West,Qualification,5144.72,2026-02-16,2026-08-15,Pipeline
OPP-00621,Acct-0082,R006,Central,Closed Won,119446.63,2024-05-08,2024-09-29,Commit
OPP-00622,Acct-0177,R009,East,Closed Won,206483.48,2025-03-25,2025-06-02,Commit
OPP-00623,Acct-0126,R007,Central,Proposal,25839.42,2024-10-28,2025-04-04,Commit
OPP-00624,Acct-0142,R004,West,Negotiation,29720.19,2025-04-24,2025-07-23,Commit
OPP-00625,Acct-0117,R003,West,Prospecting,12629.27,2024-09-26,2025-03-03,Best Case
OPP-00626,Acct-0159,R001,West,Closed Won,27848.57,2024-01-20,2024-07-16,Commit
OPP-00627,Acct-0040,R004,West,Proposal,49417.31,2025-11-30,2026-04-26,Commit
OPP-00628,Acct-0018,R010,East,Qualification,21907.74,2024-04-08,2024-09-08,Commit
OPP-00629,Acct-0165,R001,West,Closed Won,11005.91,2024-04-11,2024-05-09,Commit
OPP-00630,Acct-0057,R007,Central,Closed Won,30744.81,2024-09-19,2024-10-21,Commit
OPP-00631,Acct-0143,R010,East,Closed Won,70535.11,2025-10-16,2025-11-20,Commit
OPP-00632,Acct-0069,R012,East,Closed Lost,21901.84,2025-12-26,2026-01-29,Omitted
OPP-00633,Acct-0026,R009,East,Prospecting,10374.43,2024-08-09,2025-01-08,Pipeline
OPP-00634,Acct-0161,R012,East,Qualification,21602.83,2025-11-03,2026-01-25,Commit
OPP-00635,Acct-0173,R003,West,Negotiation,38314.08,2026-02-23,2026-08-09,Best Case
OPP-00636,Acct-0103,R008,Central,Closed Won,23725.89,2026-03-22,2026-05-27,Commit
OPP-00637,Acct-0096,R009,East,Proposal,23485.73,2024-11-18,2025-04-27,Best Case
OPP-00638,Acct-0140,R007,Central,Closed Won,18197.81,2025-09-15,2025-12-05,Commit
OPP-00639,Acct-0102,R004,West,Proposal,36449.51,2025-01-03,2025-05-18,Best Case
OPP-00640,Acct-0006,R001,West,Closed Won,17373.79,2024-08-15,2024-10-28,Commit
OPP-00641,Acct-0025,R012,East,Closed Won,101118.17,2025-08-07,2026-01-20,Commit
OPP-00642,Acct-0066,R001,West,Proposal,13063.98,2025-08-19,2025-11-10,Pipeline
OPP-00643,Acct-0084,R005,Central,Prospecting,4088.86,2026-01-21,2026-03-01,Commit
OPP-00644,Acct-0165,R008,Central,Qualification,135955.1,2025-08-13,2025-09-26,Commit
OPP-00645,Acct-0090,R005,Central,Prospecting,58091.59,2026-03-09,2026-04-12,Best Case
OPP-00646,Acct-0162,R007,Central,Proposal,7980.89,2025-09-08,2025-09-30,Commit
OPP-00647,Acct-0129,R007,Central,Prospecting,28433.07,2025-08-01,2025-09-28,Best Case
OPP-00648,Acct-0024,R012,East,Qualification,19963.79,2025-09-01,2026-02-15,Commit
OPP-00649,Acct-0147,R004,West,Proposal,45204.76,2024-12-10,2025-01-20,Best Case
OPP-00650,Acct-0034,R012,East,Prospecting,22694.55,2025-05-28,2025-10-06,Commit
OPP-00651,Acct-0158,R003,West,Negotiation,12446.06,2025-08-08,2025-10-17,Commit
OPP-00652,Acct-0148,R012,East,Negotiation,15642.83,2025-03-16,2025-06-26,Commit
OPP-00653,Acct-0153,R002,West,Prospecting,21802.72,2024-07-14,2024-10-24,Best Case
OPP-00654,Acct-0176,R011,East,Prospecting,24234.73,2024-02-15,2024-05-04,Pipeline
OPP-00655,Acct-0159,R006,Central,Qualification,39572.63,2026-01-27,2026-03-01,Pipeline
OPP-00656,Acct-0085,R003,West,Closed Lost,37672.29,2025-04-05,2025-08-23,Omitted
OPP-00657,Acct-0124,R004,West,Closed Won,10089.21,2026-02-07,2026-05-04,Commit
OPP-00658,Acct-0170,R010,East,Closed Won,4280.36,2024-01-19,2024-05-14,Commit
OPP-00659,Acct-0014,R009,East,Prospecting,13214.46,2026-03-19,2026-09-13,Best Case
OPP-00660,Acct-0005,R008,Central,Closed Won,7772.13,2024-10-04,2025-01-24,Commit
OPP-00661,Acct-0026,R005,Central,Closed Lost,36317.28,2025-01-24,2025-06-23,Omitted
OPP-00662,Acct-0144,R006,Central,Negotiation,31710.42,2024-07-22,2024-12-17,Best Case
OPP-00663,Acct-0041,R012,East,Prospecting,11745.21,2024-12-07,2025-05-01,Best Case
OPP-00664,Acct-0016,R001,West,Proposal,14616.57,2024-08-29,2025-01-24,Best Case
OPP-00665,Acct-0036,R011,East,Qualification,65868.43,2024-12-15,2025-04-14,Commit
OPP-00666,Acct-0062,R002,West,Closed Won,29712.99,2025-10-02,2025-12-19,Commit
OPP-00667,Acct-0139,R010,East,Qualification,15126.5,2024-07-30,2024-09-23,Commit
OPP-00668,Acct-0111,R011,East,Closed Won,60485.95,2025-12-23,2026-05-26,Commit
OPP-00669,Acct-0031,R003,West,Closed Won,30300.26,2024-03-10,2024-08-19,Commit
OPP-00670,Acct-0049,R003,West,Proposal,21473.46,2025-03-29,2025-06-27,Pipeline
OPP-00671,Acct-0060,R002,West,Prospecting,42523.87,2025-09-19,2025-12-07,Commit
OPP-00672,Acct-0155,R004,West,Closed Won,13402.81,2025-05-03,2025-06-26,Commit
OPP-00673,Acct-0042,R008,Central,Closed Won,7215.31,2025-05-18,2025-10-06,Commit
OPP-00674,Acct-0046,R004,West,Qualification,7307.25,2024-07-26,2024-10-06,Pipeline
OPP-00675,Acct-0104,R008,Central,Closed Lost,26291.45,2025-04-13,2025-07-05,Omitted
OPP-00676,Acct-0147,R001,West,Negotiation,161086.27,2025-02-07,2025-08-02,Commit
OPP-00677,Acct-0116,R010,East,Negotiation,56263.95,2024-02-09,2024-07-11,Pipeline
OPP-00678,Acct-0100,R008,Central,Closed Won,28219.77,2026-01-22,2026-02-21,Commit
OPP-00679,Acct-0043,R009,East,Closed Won,12000.3,2026-03-03,2026-06-04,Commit
OPP-00680,Acct-0129,R007,Central,Qualification,85982.18,2025-10-23,2026-03-07,Pipeline
OPP-00681,Acct-0106,R002,West,Qualification,93758.54,2025-07-13,2025-09-05,Best Case
OPP-00682,Acct-0024,R006,Central,Proposal,8020.79,2025-12-30,2026-03-11,Best Case
OPP-00683,Acct-0030,R005,Central,Proposal,59578.97,2024-06-16,2024-08-06,Pipeline
OPP-00684,Acct-0041,R012,East,Proposal,17250.69,2025-01-28,2025-06-27,Commit
OPP-00685,Acct-0046,R007,Central,Negotiation,3724.84,2024-06-02,2024-08-02,Pipeline
OPP-00686,Acct-0047,R012,East,Prospecting,8971.07,2025-04-01,2025-07-03,Commit
OPP-00687,Acct-0061,R002,West,Closed Lost,26707.35,2024-01-06,2024-06-29,Omitted
OPP-00688,Acct-0002,R004,West,Negotiation,25246.03,2024-03-22,2024-09-11,Commit
OPP-00689,Acct-0038,R004,West,Closed Lost,10694.54,2024-07-31,2024-09-01,Omitted
OPP-00690,Acct-0013,R001,West,Closed Won,132155.88,2024-11-01,2025-02-13,Commit
OPP-00691,Acct-0144,R002,West,Proposal,5913.66,2025-09-17,2026-03-08,Commit
OPP-00692,Acct-0083,R003,West,Closed Lost,49103.61,2024-02-06,2024-03-20,Omitted
OPP-00693,Acct-0121,R006,Central,Closed Lost,208365.21,2025-07-17,2025-08-22,Omitted
OPP-00694,Acct-0179,R003,West,Prospecting,61528.57,2025-02-27,2025-07-31,Pipeline
OPP-00695,Acct-0156,R004,West,Negotiation,24809.55,2026-03-18,2026-06-19,Best Case
OPP-00696,Acct-0128,R006,Central,Qualification,36605.02,2024-05-12,2024-11-05,Commit
OPP-00697,Acct-0075,R009,East,Closed Won,26418.95,2025-09-16,2025-12-04,Commit
OPP-00698,Acct-0164,R004,West,Prospecting,22043.77,2025-07-27,2025-10-09,Pipeline
OPP-00699,Acct-0083,R004,West,Closed Won,17912.13,2024-11-03,2025-04-01,Commit
OPP-00700,Acct-0045,R001,West,Prospecting,17567.3,2025-08-05,2026-01-29,Pipeline
OPP-00701,Acct-0035,R004,West,Proposal,12531.84,2025-04-30,2025-05-29,Commit
OPP-00702,Acct-0015,R008,Central,Qualification,17134.4,2024-12-09,2025-04-26,Best Case
OPP-00703,Acct-0148,R009,East,Qualification,44686.95,2025-07-02,2025-07-26,Pipeline
OPP-00704,Acct-0043,R011,East,Proposal,59640.36,2025-01-19,2025-07-18,Commit
OPP-00705,Acct-0081,R010,East,Negotiation,15575.6,2026-03-12,2026-06-18,Commit
OPP-00706,Acct-0078,R012,East,Prospecting,20652.49,2024-08-31,2024-12-24,Best Case
OPP-00707,Acct-0114,R004,West,Negotiation,12066.29,2024-02-08,2024-04-19,Pipeline
OPP-00708,Acct-0135,R009,East,Prospecting,25500.64,2024-07-13,2024-10-28,Best Case
OPP-00709,Acct-0100,R005,Central,Closed Won,36849.59,2026-01-11,2026-02-09,Commit
OPP-00710,Acct-0086,R012,East,Closed Lost,11374.77,2024-02-15,2024-08-05,Omitted
OPP-00711,Acct-0050,R008,Central,Closed Lost,81235.35,2024-08-02,2024-11-12,Omitted
OPP-00712,Acct-0041,R005,Central,Qualification,16323.86,2024-04-30,2024-07-28,Pipeline
OPP-00713,Acct-0090,R005,Central,Prospecting,134163.81,2024-04-14,2024-06-25,Commit
OPP-00714,Acct-0044,R009,East,Proposal,4138.45,2024-10-17,2025-04-01,Pipeline
OPP-00715,Acct-0121,R002,West,Proposal,100529.35,2024-02-21,2024-04-14,Pipeline
OPP-00716,Acct-0153,R011,East,Prospecting,22100.27,2025-02-05,2025-04-11,Commit
OPP-00717,Acct-0051,R010,East,Closed Won,45693.61,2024-12-30,2025-04-08,Commit
OPP-00718,Acct-0117,R012,East,Closed Won,30193.63,2025-12-16,2026-05-04,Commit
OPP-00719,Acct-0158,R005,Central,Closed Won,49371.04,2024-08-25,2024-11-10,Commit
OPP-00720,Acct-0117,R005,Central,Closed Lost,15448.66,2025-11-12,2026-02-24,Omitted
OPP-00721,Acct-0090,R008,Central,Prospecting,25368.93,2025-04-17,2025-06-19,Best Case
OPP-00722,Acct-0143,R010,East,Negotiation,27464.58,2026-01-01,2026-02-17,Best Case
OPP-00723,Acct-0159,R011,East,Prospecting,15263.05,2025-08-27,2025-12-30,Pipeline
OPP-00724,Acct-0152,R004,West,Negotiation,88206.29,2024-12-14,2025-02-25,Commit
OPP-00725,Acct-0170,R007,Central,Closed Won,16825.95,2025-07-11,2025-09-29,Commit
OPP-00726,Acct-0153,R011,East,Prospecting,128321.19,2025-05-13,2025-07-01,Commit
OPP-00727,Acct-0154,R008,Central,Proposal,8780.27,2024-11-11,2025-03-14,Pipeline
OPP-00728,Acct-0170,R002,West,Closed Won,61470.61,2024-12-01,2025-04-26,Commit
OPP-00729,Acct-0039,R001,West,Prospecting,148912.05,2024-01-01,2024-02-27,Commit
OPP-00730,Acct-0082,R008,Central,Negotiation,17989.51,2024-07-19,2024-09-29,Commit
OPP-00731,Acct-0150,R005,Central,Negotiation,67329.84,2025-03-21,2025-07-07,Pipeline
OPP-00732,Acct-0141,R001,West,Negotiation,29900.5,2024-10-28,2024-12-02,Best Case
OPP-00733,Acct-0180,R001,West,Prospecting,11619.7,2024-02-01,2024-04-21,Best Case
OPP-00734,Acct-0055,R010,East,Proposal,17069.33,2025-01-25,2025-06-05,Commit
OPP-00735,Acct-0074,R011,East,Qualification,7681.14,2025-01-03,2025-05-09,Pipeline
OPP-00736,Acct-0155,R011,East,Prospecting,14019.55,2025-03-01,2025-07-15,Commit
OPP-00737,Acct-0058,R007,Central,Closed Won,23806.81,2025-04-05,2025-08-01,Commit
OPP-00738,Acct-0148,R003,West,Proposal,92826.86,2024-10-02,2025-02-04,Commit
OPP-00739,Acct-0124,R006,Central,Prospecting,6762.57,2025-01-12,2025-03-01,Commit
OPP-00740,Acct-0133,R012,East,Prospecting,56978.9,2026-02-07,2026-05-09,Best Case
OPP-00741,Acct-0163,R002,West,Negotiation,33696.98,2025-10-07,2025-11-15,Commit
OPP-00742,Acct-0121,R009,East,Closed Won,19818.58,2024-12-17,2025-05-22,Commit
OPP-00743,Acct-0075,R008,Central,Negotiation,22505.98,2025-03-07,2025-06-25,Best Case
OPP-00744,Acct-0044,R003,West,Prospecting,60067.08,2024-03-03,2024-07-22,Commit
OPP-00745,Acct-0020,R010,East,Prospecting,35211.72,2024-03-25,2024-05-16,Commit
OPP-00746,Acct-0029,R005,Central,Qualification,34429.85,2024-09-20,2024-10-13,Commit
OPP-00747,Acct-0067,R010,East,Qualification,31790.35,2025-04-02,2025-07-25,Pipeline
OPP-00748,Acct-0038,R012,East,Qualification,9482.8,2024-02-03,2024-05-20,Pipeline
OPP-00749,Acct-0170,R010,East,Closed Lost,9326.53,2025-02-26,2025-06-24,Omitted
OPP-00750,Acct-0068,R008,Central,Closed Won,7969.57,2024-12-19,2025-01-21,Commit
OPP-00751,Acct-0098,R002,West,Prospecting,24195.51,2025-05-02,2025-10-05,Pipeline
OPP-00752,Acct-0115,R011,East,Closed Won,25696.38,2025-03-21,2025-04-13,Commit
OPP-00753,Acct-0069,R007,Central,Closed Won,7442.34,2024-10-06,2025-01-19,Commit
OPP-00754,Acct-0173,R002,West,Qualification,34240.85,2025-11-22,2026-02-11,Commit
OPP-00755,Acct-0003,R010,East,Closed Won,29601.69,2024-07-03,2024-10-11,Commit
OPP-00756,Acct-0115,R011,East,Prospecting,8664.35,2025-06-21,2025-08-06,Commit
OPP-00757,Acct-0015,R006,Central,Qualification,17771.6,2024-01-25,2024-07-21,Pipeline
OPP-00758,Acct-0034,R010,East,Closed Won,55843.75,2024-05-02,2024-06-13,Commit
OPP-00759,Acct-0048,R007,Central,Closed Won,111622.55,2024-07-08,2024-08-25,Commit
OPP-00760,Acct-0178,R005,Central,Qualification,35174.28,2025-04-09,2025-07-08,Best Case
OPP-00761,Acct-0098,R011,East,Closed Won,19431.36,2024-03-16,2024-06-14,Commit
OPP-00762,Acct-0101,R007,Central,Proposal,14051.59,2025-05-18,2025-07-28,Commit
OPP-00763,Acct-0165,R003,West,Closed Won,7214.88,2025-03-17,2025-05-31,Commit
OPP-00764,Acct-0065,R002,West,Closed Lost,38982.96,2024-03-15,2024-04-22,Omitted
OPP-00765,Acct-0100,R008,Central,Prospecting,26629.54,2024-01-01,2024-01-30,Commit
OPP-00766,Acct-0126,R005,Central,Qualification,17471.78,2024-01-04,2024-06-03,Commit
OPP-00767,Acct-0124,R008,Central,Proposal,70132.56,2024-01-04,2024-05-01,Commit
OPP-00768,Acct-0015,R002,West,Negotiation,76707.25,2025-11-29,2026-03-06,Best Case
OPP-00769,Acct-0075,R011,East,Closed Lost,38476.59,2024-12-14,2025-01-23,Omitted
OPP-00770,Acct-0179,R011,East,Qualification,358252.92,2025-11-07,2026-01-14,Best Case
OPP-00771,Acct-0049,R007,Central,Closed Lost,36854.95,2024-03-27,2024-08-06,Omitted
OPP-00772,Acct-0079,R003,West,Prospecting,13896.78,2026-03-22,2026-08-27,Commit
OPP-00773,Acct-0015,R008,Central,Negotiation,68674.7,2024-01-17,2024-02-15,Best Case
OPP-00774,Acct-0149,R006,Central,Closed Won,111888.66,2025-04-14,2025-09-18,Commit
OPP-00775,Acct-0180,R004,West,Closed Lost,42157.57,2025-09-25,2025-10-26,Omitted
OPP-00776,Acct-0152,R011,East,Prospecting,6362.07,2025-04-12,2025-10-05,Pipeline
OPP-00777,Acct-0017,R002,West,Closed Won,8032.7,2026-03-29,2026-09-22,Commit
OPP-00778,Acct-0036,R004,West,Proposal,40441.02,2025-12-01,2026-05-17,Commit
OPP-00779,Acct-0017,R006,Central,Closed Won,183395.95,2025-08-30,2025-11-02,Commit
OPP-00780,Acct-0113,R002,West,Qualification,43389.6,2025-01-13,2025-06-23,Pipeline
OPP-00781,Acct-0125,R004,West,Closed Lost,107350.77,2026-03-07,2026-05-06,Omitted
OPP-00782,Acct-0107,R002,West,Prospecting,15624.26,2025-10-29,2026-04-18,Best Case
OPP-00783,Acct-0070,R012,East,Closed Won,105653.76,2024-07-30,2024-09-24,Commit
OPP-00784,Acct-0047,R009,East,Proposal,16519.29,2025-12-09,2026-01-07,Commit
OPP-00785,Acct-0050,R012,East,Negotiation,52523.88,2024-01-05,2024-06-15,Pipeline
OPP-00786,Acct-0014,R002,West,Closed Lost,27494.2,2025-10-03,2025-12-15,Omitted
OPP-00787,Acct-0166,R004,West,Prospecting,95259.39,2024-06-12,2024-07-13,Pipeline
OPP-00788,Acct-0027,R006,Central,Qualification,23120.7,2026-02-15,2026-07-01,Pipeline
OPP-00789,Acct-0030,R012,East,Prospecting,28810.98,2024-01-30,2024-06-22,Commit
OPP-00790,Acct-0174,R002,West,Closed Lost,62273.97,2024-11-29,2025-04-05,Omitted
OPP-00791,Acct-0097,R006,Central,Qualification,12338.73,2024-08-30,2025-01-02,Pipeline
OPP-00792,Acct-0157,R004,West,Prospecting,30912.93,2025-03-22,2025-05-18,Pipeline
OPP-00793,Acct-0052,R008,Central,Qualification,18765.48,2024-07-17,2024-11-05,Best Case
OPP-00794,Acct-0118,R006,Central,Prospecting,36886.24,2024-05-19,2024-07-06,Best Case
OPP-00795,Acct-0157,R007,Central,Qualification,3209.34,2025-09-10,2025-11-09,Commit
OPP-00796,Acct-0056,R003,West,Negotiation,29903.86,2025-02-25,2025-07-28,Best Case
OPP-00797,Acct-0084,R010,East,Proposal,25378.58,2025-03-14,2025-06-05,Pipeline
OPP-00798,Acct-0107,R007,Central,Negotiation,118412.11,2024-06-01,2024-11-14,Pipeline
OPP-00799,Acct-0101,R001,West,Prospecting,22118.72,2024-02-04,2024-06-11,Commit
OPP-00800,Acct-0143,R008,Central,Closed Won,37669.88,2025-05-22,2025-08-11,Commit
OPP-00801,Acct-0166,R001,West,Closed Won,22373.35,2025-01-02,2025-04-07,Commit
OPP-00802,Acct-0150,R002,West,Prospecting,36730.65,2025-04-15,2025-09-28,Commit
OPP-00803,Acct-0095,R001,West,Closed Lost,25211.18,2025-12-21,2026-04-23,Omitted
OPP-00804,Acct-0086,R011,East,Proposal,117623.62,2024-03-13,2024-07-09,Commit
OPP-00805,Acct-0054,R009,East,Prospecting,23001.76,2025-09-19,2026-02-24,Commit
OPP-00806,Acct-0120,R011,East,Prospecting,298702.1,2024-04-23,2024-08-19,Best Case
OPP-00807,Acct-0053,R010,East,Prospecting,14970.67,2025-12-22,2026-01-28,Commit
OPP-00808,Acct-0054,R003,West,Closed Lost,17064.56,2025-05-04,2025-10-19,Omitted
OPP-00809,Acct-0014,R012,East,Closed Won,1779.6,2025-05-30,2025-10-05,Commit
OPP-00810,Acct-0137,R002,West,Proposal,23216.51,2024-05-05,2024-09-22,Commit
OPP-00811,Acct-0118,R011,East,Closed Won,82900.67,2025-01-11,2025-02-16,Commit
OPP-00812,Acct-0071,R002,West,Prospecting,63793.03,2024-03-19,2024-05-05,Pipeline
OPP-00813,Acct-0076,R002,West,Closed Won,25710.53,2025-06-17,2025-12-14,Commit
OPP-00814,Acct-0166,R007,Central,Closed Lost,28961.01,2024-12-21,2025-04-27,Omitted
OPP-00815,Acct-0152,R001,West,Qualification,39327.6,2024-12-17,2025-03-30,Best Case
OPP-00816,Acct-0079,R011,East,Closed Won,69675.61,2024-11-07,2025-04-21,Commit
OPP-00817,Acct-0091,R003,West,Closed Won,13744.33,2024-10-22,2024-11-23,Commit
OPP-00818,Acct-0061,R005,Central,Proposal,42512.19,2024-06-28,2024-08-26,Pipeline
OPP-00819,Acct-0053,R002,West,Prospecting,19455.45,2024-09-23,2025-01-15,Pipeline
OPP-00820,Acct-0032,R009,East,Closed Won,10041.82,2024-06-15,2024-11-18,Commit
OPP-00821,Acct-0002,R001,West,Proposal,26874.86,2025-04-14,2025-07-24,Pipeline
OPP-00822,Acct-0147,R012,East,Negotiation,27789.92,2024-10-29,2025-03-19,Best Case
OPP-00823,Acct-0029,R011,East,Qualification,79346.49,2025-03-28,2025-07-12,Commit
OPP-00824,Acct-0015,R012,East,Proposal,33953.2,2024-12-31,2025-02-12,Best Case
OPP-00825,Acct-0006,R010,East,Closed Won,31748.6,2026-02-24,2026-05-26,Commit
OPP-00826,Acct-0050,R002,West,Negotiation,20818.63,2024-03-30,2024-08-28,Best Case
OPP-00827,Acct-0038,R008,Central,Proposal,472832.77,2025-11-13,2026-03-05,Best Case
OPP-00828,Acct-0079,R012,East,Closed Lost,19517.23,2024-10-18,2025-02-03,Omitted
OPP-00829,Acct-0107,R008,Central,Closed Lost,52006.82,2026-01-15,2026-05-23,Omitted
OPP-00830,Acct-0086,R003,West,Closed Won,32098.77,2024-11-06,2025-03-27,Commit
OPP-00831,Acct-0070,R002,West,Closed Lost,33667.45,2024-01-07,2024-05-10,Omitted
OPP-00832,Acct-0098,R007,Central,Qualification,23497.34,2024-05-20,2024-07-30,Pipeline
OPP-00833,Acct-0007,R005,Central,Negotiation,56508.0,2025-07-26,2025-12-11,Pipeline
OPP-00834,Acct-0168,R001,West,Qualification,11403.08,2025-10-13,2026-03-02,Pipeline
OPP-00835,Acct-0031,R011,East,Closed Lost,20915.99,2025-12-05,2026-02-25,Omitted
OPP-00836,Acct-0176,R005,Central,Negotiation,17839.22,2025-03-22,2025-06-16,Commit
OPP-00837,Acct-0067,R008,Central,Closed Lost,58924.54,2026-01-20,2026-07-06,Omitted
OPP-00838,Acct-0042,R003,West,Negotiation,9762.18,2025-12-10,2026-02-02,Best Case
OPP-00839,Acct-0075,R001,West,Qualification,6543.18,2024-12-30,2025-01-31,Best Case
OPP-00840,Acct-0154,R009,East,Closed Won,11962.77,2025-10-05,2025-12-10,Commit
OPP-00841,Acct-0137,R003,West,Negotiation,40481.65,2025-12-02,2026-03-24,Pipeline
OPP-00842,Acct-0106,R010,East,Proposal,14223.06,2024-10-15,2025-02-07,Best Case
OPP-00843,Acct-0144,R006,Central,Closed Lost,13832.73,2025-05-30,2025-08-14,Omitted
OPP-00844,Acct-0020,R010,East,Closed Won,81000.68,2024-04-26,2024-08-30,Commit
OPP-00845,Acct-0114,R002,West,Closed Won,94468.08,2024-11-15,2025-03-07,Commit
OPP-00846,Acct-0178,R010,East,Negotiation,8265.95,2024-05-01,2024-07-16,Pipeline
OPP-00847,Acct-0029,R003,West,Closed Won,18466.51,2024-03-21,2024-07-27,Commit
OPP-00848,Acct-0169,R002,West,Prospecting,25777.5,2024-07-20,2024-09-05,Pipeline
OPP-00849,Acct-0171,R009,East,Negotiation,15964.57,2024-02-14,2024-03-21,Best Case
OPP-00850,Acct-0072,R001,West,Closed Won,12701.52,2024-04-02,2024-05-29,Commit
OPP-00851,Acct-0130,R010,East,Proposal,9419.02,2026-01-16,2026-07-11,Pipeline
OPP-00852,Acct-0050,R010,East,Prospecting,216240.0,2025-06-25,2025-09-08,Commit
OPP-00853,Acct-0028,R005,Central,Qualification,23639.54,2024-07-08,2024-11-17,Commit
OPP-00854,Acct-0029,R003,West,Closed Won,97766.7,2025-06-10,2025-08-27,Commit
OPP-00855,Acct-0084,R006,Central,Prospecting,106026.1,2025-07-24,2025-08-23,Pipeline
OPP-00856,Acct-0142,R008,Central,Prospecting,11660.23,2024-11-15,2025-03-28,Pipeline
OPP-00857,Acct-0095,R007,Central,Qualification,52910.81,2024-03-12,2024-07-31,Commit
OPP-00858,Acct-0169,R003,West,Prospecting,61086.53,2025-02-09,2025-06-21,Commit
OPP-00859,Acct-0044,R011,East,Prospecting,10735.65,2025-08-27,2025-10-12,Commit
OPP-00860,Acct-0109,R002,West,Proposal,15048.82,2025-02-17,2025-04-09,Pipeline
OPP-00861,Acct-0103,R012,East,Negotiation,154369.36,2025-08-30,2025-11-27,Commit
OPP-00862,Acct-0038,R006,Central,Proposal,35152.66,2025-05-11,2025-10-08,Best Case
OPP-00863,Acct-0026,R008,Central,Prospecting,12510.43,2025-10-05,2025-11-28,Pipeline
OPP-00864,Acct-0078,R012,East,Prospecting,87606.25,2025-11-26,2026-03-09,Pipeline
OPP-00865,Acct-0052,R010,East,Closed Won,88012.34,2025-06-16,2025-11-09,Commit
OPP-00866,Acct-0005,R005,Central,Closed Won,26360.24,2024-12-17,2025-05-24,Commit
OPP-00867,Acct-0009,R001,West,Closed Lost,15938.61,2025-03-29,2025-08-13,Omitted
OPP-00868,Acct-0111,R003,West,Negotiation,59773.16,2025-12-24,2026-02-24,Best Case
OPP-00869,Acct-0142,R003,West,Proposal,13020.77,2025-08-05,2025-12-28,Commit
OPP-00870,Acct-0101,R011,East,Negotiation,24186.41,2024-06-09,2024-11-05,Pipeline
OPP-00871,Acct-0090,R005,Central,Negotiation,20227.58,2024-02-16,2024-04-08,Best Case
OPP-00872,Acct-0089,R012,East,Negotiation,80203.32,2025-01-24,2025-03-09,Best Case
OPP-00873,Acct-0022,R006,Central,Proposal,10871.11,2024-08-28,2024-12-05,Commit
OPP-00874,Acct-0010,R012,East,Prospecting,17073.42,2024-01-21,2024-06-26,Best Case
OPP-00875,Acct-0179,R008,Central,Closed Won,21021.87,2025-03-07,2025-06-03,Commit
OPP-00876,Acct-0026,R008,Central,Negotiation,89795.78,2025-02-03,2025-05-16,Commit
OPP-00877,Acct-0158,R008,Central,Prospecting,40423.23,2025-05-29,2025-09-12,Pipeline
OPP-00878,Acct-0055,R005,Central,Proposal,22104.61,2026-03-17,2026-04-25,Commit
OPP-00879,Acct-0024,R005,Central,Qualification,12916.26,2024-08-19,2025-02-14,Commit
OPP-00880,Acct-0122,R012,East,Closed Lost,10471.98,2024-03-09,2024-08-21,Omitted
OPP-00881,Acct-0111,R007,Central,Qualification,99705.63,2024-11-05,2025-04-03,Best Case
OPP-00882,Acct-0172,R011,East,Negotiation,12397.37,2025-10-01,2026-03-01,Best Case
OPP-00883,Acct-0164,R009,East,Qualification,101055.18,2024-08-06,2024-12-23,Best Case
OPP-00884,Acct-0039,R009,East,Closed Won,11497.64,2025-04-18,2025-06-14,Commit
OPP-00885,Acct-0053,R012,East,Closed Won,15581.47,2024-11-22,2024-12-28,Commit
OPP-00886,Acct-0104,R007,Central,Qualification,18184.08,2025-12-04,2026-05-26,Pipeline
OPP-00887,Acct-0144,R004,West,Prospecting,14320.94,2024-11-13,2025-03-31,Best Case
OPP-00888,Acct-0067,R007,Central,Proposal,58974.21,2024-10-06,2024-11-29,Pipeline
OPP-00889,Acct-0081,R005,Central,Closed Won,108305.86,2024-01-21,2024-02-24,Commit
OPP-00890,Acct-0036,R010,East,Qualification,173831.51,2024-04-02,2024-08-01,Commit
OPP-00891,Acct-0128,R004,West,Prospecting,32801.7,2026-03-04,2026-08-05,Best Case
OPP-00892,Acct-0056,R002,West,Qualification,14269.81,2025-02-03,2025-04-24,Best Case
OPP-00893,Acct-0015,R003,West,Prospecting,14640.39,2025-02-22,2025-05-18,Commit
OPP-00894,Acct-0175,R008,Central,Negotiation,38080.35,2025-07-12,2025-11-17,Best Case
OPP-00895,Acct-0156,R004,West,Closed Lost,12785.23,2024-11-11,2024-12-06,Omitted
OPP-00896,Acct-0099,R001,West,Closed Lost,108445.13,2024-09-02,2024-11-25,Omitted
OPP-00897,Acct-0003,R005,Central,Closed Won,49760.47,2024-08-30,2025-01-10,Commit
OPP-00898,Acct-0054,R007,Central,Closed Lost,67709.58,2026-02-13,2026-05-04,Omitted
OPP-00899,Acct-0071,R003,West,Closed Lost,144722.6,2026-02-24,2026-06-28,Omitted
OPP-00900,Acct-0109,R002,West,Closed Won,97331.84,2025-02-26,2025-06-11,Commit
OPP-00901,Acct-0141,R002,West,Closed Won,50049.49,2024-12-26,2025-05-02,Commit
OPP-00902,Acct-0114,R012,East,Proposal,95440.08,2025-10-18,2025-12-24,Commit
OPP-00903,Acct-0029,R011,East,Prospecting,17807.43,2024-11-17,2025-05-03,Pipeline
OPP-00904,Acct-0176,R003,West,Qualification,111177.19,2025-10-26,2025-12-18,Commit
OPP-00905,Acct-0045,R007,Central,Closed Won,15763.36,2026-01-22,2026-03-17,Commit
OPP-00906,Acct-0047,R011,East,Negotiation,18570.63,2024-03-27,2024-07-31,Best Case
OPP-00907,Acct-0180,R007,Central,Closed Lost,219421.44,2025-04-18,2025-06-27,Omitted
OPP-00908,Acct-0044,R003,West,Prospecting,42443.79,2024-06-01,2024-07-13,Best Case
OPP-00909,Acct-0058,R010,East,Prospecting,48897.94,2025-04-09,2025-09-02,Pipeline
OPP-00910,Acct-0053,R012,East,Qualification,6479.17,2025-01-26,2025-03-20,Best Case
OPP-00911,Acct-0105,R010,East,Qualification,167871.6,2024-07-12,2024-11-16,Pipeline
OPP-00912,Acct-0003,R003,West,Prospecting,24326.09,2025-08-19,2026-01-03,Pipeline
OPP-00913,Acct-0099,R008,Central,Prospecting,11058.94,2025-12-04,2026-02-16,Commit
OPP-00914,Acct-0086,R012,East,Proposal,31631.08,2025-07-24,2025-08-28,Pipeline
OPP-00915,Acct-0012,R004,West,Proposal,15191.73,2025-11-17,2026-05-09,Commit
OPP-00916,Acct-0144,R001,West,Qualification,35062.08,2025-02-08,2025-06-02,Pipeline
OPP-00917,Acct-0023,R001,West,Negotiation,12761.7,2024-12-13,2025-05-01,Pipeline
OPP-00918,Acct-0128,R006,Central,Closed Won,23388.13,2024-11-16,2024-12-17,Commit
OPP-00919,Acct-0133,R005,Central,Closed Won,67356.58,2024-09-26,2025-03-21,Commit
OPP-00920,Acct-0169,R006,Central,Proposal,3767.71,2025-05-18,2025-07-15,Commit
OPP-00921,Acct-0011,R011,East,Closed Won,7638.43,2025-03-22,2025-05-10,Commit
OPP-00922,Acct-0038,R008,Central,Proposal,50358.08,2025-05-19,2025-07-06,Commit
OPP-00923,Acct-0145,R002,West,Proposal,14200.47,2024-06-21,2024-11-18,Best Case
OPP-00924,Acct-0128,R011,East,Negotiation,29542.45,2025-03-02,2025-04-10,Pipeline
OPP-00925,Acct-0096,R011,East,Prospecting,18589.91,2025-11-27,2026-01-17,Best Case
OPP-00926,Acct-0169,R010,East,Closed Lost,10947.68,2024-01-30,2024-03-10,Omitted
OPP-00927,Acct-0055,R008,Central,Proposal,9828.38,2026-01-21,2026-07-05,Pipeline
OPP-00928,Acct-0155,R001,West,Closed Won,5114.39,2026-01-31,2026-03-10,Commit
OPP-00929,Acct-0006,R007,Central,Prospecting,16359.3,2026-02-28,2026-06-30,Pipeline
OPP-00930,Acct-0077,R004,West,Qualification,49191.87,2026-02-09,2026-04-09,Pipeline
OPP-00931,Acct-0132,R008,Central,Closed Won,129598.86,2025-01-02,2025-02-15,Commit
OPP-00932,Acct-0024,R004,West,Negotiation,83832.82,2025-07-30,2026-01-19,Best Case
OPP-00933,Acct-0132,R007,Central,Closed Won,36705.24,2025-03-12,2025-04-24,Commit
OPP-00934,Acct-0135,R006,Central,Closed Lost,58282.81,2025-12-31,2026-02-28,Omitted
OPP-00935,Acct-0039,R011,East,Closed Won,8039.3,2024-03-22,2024-08-11,Commit
OPP-00936,Acct-0013,R003,West,Closed Won,17851.65,2025-03-13,2025-06-16,Commit
OPP-00937,Acct-0091,R009,East,Prospecting,23670.19,2025-11-07,2026-04-21,Best Case
OPP-00938,Acct-0012,R005,Central,Negotiation,53710.99,2026-03-16,2026-05-21,Best Case
OPP-00939,Acct-0116,R002,West,Proposal,42614.82,2026-01-11,2026-05-27,Commit
OPP-00940,Acct-0173,R010,East,Closed Won,49350.14,2024-03-21,2024-09-11,Commit
OPP-00941,Acct-0123,R002,West,Proposal,7862.36,2024-01-14,2024-03-17,Commit
OPP-00942,Acct-0177,R008,Central,Closed Won,36551.76,2025-09-25,2026-03-21,Commit
OPP-00943,Acct-0004,R011,East,Closed Lost,107353.12,2024-03-30,2024-05-21,Omitted
OPP-00944,Acct-0062,R004,West,Prospecting,54228.88,2025-10-26,2025-12-22,Commit
OPP-00945,Acct-0038,R007,Central,Closed Lost,89192.98,2024-03-29,2024-07-04,Omitted
OPP-00946,Acct-0116,R008,Central,Proposal,52291.68,2025-05-11,2025-09-28,Pipeline
OPP-00947,Acct-0003,R010,East,Qualification,4199.07,2025-02-05,2025-03-10,Best Case
OPP-00948,Acct-0010,R002,West,Closed Won,208398.16,2025-09-02,2026-02-10,Commit
OPP-00949,Acct-0016,R008,Central,Proposal,28995.04,2025-11-25,2026-04-18,Pipeline
OPP-00950,Acct-0030,R009,East,Prospecting,35033.31,2024-10-01,2025-02-04,Best Case
OPP-00951,Acct-0074,R008,Central,Closed Won,40502.31,2025-03-22,2025-04-16,Commit
OPP-00952,Acct-0087,R012,East,Qualification,19653.9,2024-08-12,2025-01-29,Commit
OPP-00953,Acct-0173,R010,East,Closed Lost,50266.89,2024-10-27,2025-02-23,Omitted
OPP-00954,Acct-0073,R011,East,Closed Won,263570.74,2024-06-14,2024-12-10,Commit
OPP-00955,Acct-0126,R012,East,Closed Won,36176.49,2024-07-23,2024-09-21,Commit
OPP-00956,Acct-0013,R002,West,Closed Won,103898.91,2024-08-28,2024-11-09,Commit
OPP-00957,Acct-0017,R001,West,Proposal,8577.45,2024-06-27,2024-11-22,Pipeline
OPP-00958,Acct-0088,R006,Central,Proposal,33071.51,2024-08-17,2025-01-08,Best Case
OPP-00959,Acct-0172,R006,Central,Closed Won,68968.24,2024-06-03,2024-11-01,Commit
OPP-00960,Acct-0157,R002,West,Closed Won,86831.03,2025-04-13,2025-05-31,Commit
OPP-00961,Acct-0075,R010,East,Closed Won,127196.4,2025-01-05,2025-03-06,Commit
OPP-00962,Acct-0094,R012,East,Proposal,27834.77,2024-04-11,2024-06-09,Commit
OPP-00963,Acct-0122,R006,Central,Closed Won,12973.27,2025-03-01,2025-03-22,Commit
OPP-00964,Acct-0162,R006,Central,Qualification,13473.52,2026-01-02,2026-05-08,Best Case
OPP-00965,Acct-0110,R011,East,Qualification,61770.28,2026-03-17,2026-06-03,Pipeline
OPP-00966,Acct-0003,R007,Central,Closed Lost,29099.82,2024-01-31,2024-06-12,Omitted
OPP-00967,Acct-0015,R012,East,Closed Won,87345.74,2025-10-18,2025-12-15,Commit
OPP-00968,Acct-0081,R011,East,Closed Lost,94535.52,2025-11-28,2026-05-08,Omitted
OPP-00969,Acct-0165,R006,Central,Prospecting,13094.55,2024-05-30,2024-09-30,Best Case
OPP-00970,Acct-0104,R004,West,Closed Lost,44484.06,2025-03-28,2025-07-14,Omitted
OPP-00971,Acct-0139,R004,West,Closed Lost,6716.98,2025-02-03,2025-03-27,Omitted
OPP-00972,Acct-0008,R005,Central,Qualification,27617.43,2024-12-14,2025-02-12,Pipeline
OPP-00973,Acct-0029,R009,East,Negotiation,4590.13,2026-01-13,2026-05-21,Commit
OPP-00974,Acct-0167,R012,East,Prospecting,15902.49,2024-12-28,2025-02-17,Pipeline
OPP-00975,Acct-0149,R002,West,Proposal,30104.33,2024-12-13,2025-03-03,Commit
OPP-00976,Acct-0147,R010,East,Closed Won,53864.68,2024-11-02,2025-02-02,Commit
OPP-00977,Acct-0150,R011,East,Prospecting,13100.68,2024-04-17,2024-07-29,Commit
OPP-00978,Acct-0021,R004,West,Closed Won,21216.44,2025-12-29,2026-05-06,Commit
OPP-00979,Acct-0174,R002,West,Prospecting,84567.26,2025-04-01,2025-05-10,Best Case
OPP-00980,Acct-0163,R009,East,Proposal,40604.96,2024-09-27,2025-03-15,Best Case
OPP-00981,Acct-0033,R007,Central,Closed Lost,49691.08,2024-06-15,2024-08-10,Omitted
OPP-00982,Acct-0055,R008,Central,Closed Won,3879.23,2025-06-25,2025-08-14,Commit
OPP-00983,Acct-0075,R008,Central,Proposal,35075.49,2024-05-03,2024-08-25,Commit
OPP-00984,Acct-0125,R001,West,Negotiation,11509.05,2025-01-18,2025-04-25,Best Case
OPP-00985,Acct-0056,R001,West,Closed Won,6999.59,2024-02-19,2024-05-27,Commit
OPP-00986,Acct-0107,R003,West,Closed Won,26378.01,2024-12-23,2025-01-29,Commit
OPP-00987,Acct-0156,R008,Central,Negotiation,74481.41,2026-03-11,2026-07-05,Best Case
OPP-00988,Acct-0084,R003,West,Closed Won,27272.78,2025-04-05,2025-08-17,Commit
OPP-00989,Acct-0139,R002,West,Closed Won,41366.07,2024-08-26,2024-12-25,Commit
OPP-00990,Acct-0162,R001,West,Closed Lost,144451.25,2025-12-25,2026-01-20,Omitted
OPP-00991,Acct-0139,R012,East,Proposal,50483.76,2024-03-28,2024-06-05,Commit
OPP-00992,Acct-0005,R010,East,Closed Won,117751.15,2026-02-07,2026-06-28,Commit
OPP-00993,Acct-0149,R002,West,Closed Won,99453.09,2024-10-08,2024-12-19,Commit
OPP-00994,Acct-0006,R008,Central,Prospecting,29033.67,2025-08-26,2025-09-26,Best Case
OPP-00995,Acct-0024,R006,Central,Proposal,10553.74,2024-11-20,2025-03-17,Best Case
OPP-00996,Acct-0040,R002,West,Closed Lost,29444.51,2024-07-06,2024-09-29,Omitted
OPP-00997,Acct-0015,R005,Central,Closed Lost,36063.29,2024-11-29,2025-02-03,Omitted
OPP-00998,Acct-0031,R005,Central,Proposal,16760.85,2024-11-27,2025-02-21,Best Case
OPP-00999,Acct-0099,R001,West,Qualification,68897.53,2025-05-19,2025-10-16,Commit
OPP-01000,Acct-0105,R002,West,Qualification,14362.11,2024-03-08,2024-07-29,Pipeline
OPP-01001,Acct-0143,R011,East,Qualification,60827.3,2025-08-23,2025-10-07,Pipeline
OPP-01002,Acct-0037,R011,East,Closed Won,16179.41,2024-03-26,2024-08-21,Commit
OPP-01003,Acct-0011,R006,Central,Negotiation,13647.34,2025-03-09,2025-08-18,Best Case
OPP-01004,Acct-0154,R001,West,Closed Won,35732.87,2024-03-02,2024-07-23,Commit
OPP-01005,Acct-0131,R005,Central,Closed Won,20225.53,2025-10-09,2025-12-22,Commit
OPP-01006,Acct-0179,R005,Central,Prospecting,62643.84,2024-11-03,2024-12-15,Best Case
OPP-01007,Acct-0088,R002,West,Closed Won,56393.27,2025-05-31,2025-09-09,Commit
OPP-01008,Acct-0054,R011,East,Qualification,54879.36,2024-09-08,2024-12-19,Best Case
OPP-01009,Acct-0021,R008,Central,Closed Lost,35732.31,2025-05-15,2025-09-12,Omitted
OPP-01010,Acct-0032,R011,East,Closed Won,46886.09,2025-11-18,2026-03-31,Commit
OPP-01011,Acct-0003,R006,Central,Closed Lost,16668.1,2025-01-31,2025-04-06,Omitted
OPP-01012,Acct-0175,R002,West,Proposal,90462.54,2024-08-14,2024-09-08,Best Case
OPP-01013,Acct-0127,R012,East,Proposal,5230.47,2024-11-06,2025-01-21,Pipeline
OPP-01014,Acct-0051,R006,Central,Prospecting,25916.51,2025-09-12,2025-11-24,Pipeline
OPP-01015,Acct-0050,R011,East,Proposal,101262.2,2025-05-20,2025-07-22,Commit
OPP-01016,Acct-0033,R011,East,Closed Won,52552.22,2024-06-28,2024-08-03,Commit
OPP-01017,Acct-0071,R012,East,Prospecting,11351.35,2024-08-21,2025-01-21,Commit
OPP-01018,Acct-0001,R004,West,Closed Lost,54817.69,2025-11-28,2026-05-10,Omitted
OPP-01019,Acct-0175,R007,Central,Closed Won,88771.12,2025-02-20,2025-05-21,Commit
OPP-01020,Acct-0072,R009,East,Proposal,11074.88,2026-01-08,2026-03-26,Pipeline
OPP-01021,Acct-0007,R007,Central,Negotiation,16872.95,2024-12-08,2025-01-17,Commit
OPP-01022,Acct-0161,R012,East,Qualification,59973.5,2024-12-03,2025-03-12,Pipeline
OPP-01023,Acct-0065,R011,East,Prospecting,22899.03,2025-08-29,2026-02-25,Best Case
OPP-01024,Acct-0061,R004,West,Prospecting,14576.77,2024-02-25,2024-06-09,Commit
OPP-01025,Acct-0032,R002,West,Closed Won,58839.18,2025-10-02,2026-02-13,Commit
OPP-01026,Acct-0016,R002,West,Closed Lost,75613.85,2025-12-11,2026-01-16,Omitted
OPP-01027,Acct-0014,R008,Central,Prospecting,36349.36,2024-04-14,2024-05-18,Commit
OPP-01028,Acct-0169,R005,Central,Closed Lost,18094.18,2025-02-24,2025-05-14,Omitted
OPP-01029,Acct-0087,R010,East,Prospecting,11215.26,2025-09-27,2026-03-24,Pipeline
OPP-01030,Acct-0028,R011,East,Closed Lost,59884.77,2024-12-02,2025-05-21,Omitted
OPP-01031,Acct-0164,R002,West,Prospecting,60411.6,2024-07-17,2024-12-30,Pipeline
OPP-01032,Acct-0036,R009,East,Qualification,17276.54,2025-03-31,2025-06-06,Pipeline
OPP-01033,Acct-0150,R001,West,Prospecting,16067.73,2025-10-29,2026-02-17,Best Case
OPP-01034,Acct-0003,R009,East,Closed Won,12240.92,2024-12-17,2025-03-21,Commit
OPP-01035,Acct-0109,R009,East,Negotiation,36027.21,2025-06-03,2025-11-13,Pipeline
OPP-01036,Acct-0178,R006,Central,Qualification,52517.75,2025-11-14,2026-04-04,Commit
OPP-01037,Acct-0108,R008,Central,Negotiation,14495.72,2024-12-09,2025-06-04,Best Case
OPP-01038,Acct-0001,R006,Central,Qualification,19250.76,2024-02-13,2024-07-08,Pipeline
OPP-01039,Acct-0085,R011,East,Qualification,8889.76,2024-09-01,2025-01-22,Commit
OPP-01040,Acct-0019,R012,East,Proposal,11103.36,2024-01-07,2024-04-28,Pipeline
OPP-01041,Acct-0012,R006,Central,Prospecting,11643.53,2024-07-18,2025-01-03,Best Case
OPP-01042,Acct-0142,R001,West,Qualification,17557.12,2024-09-25,2024-11-28,Best Case
OPP-01043,Acct-0054,R004,West,Qualification,41820.42,2026-03-17,2026-05-04,Best Case
OPP-01044,Acct-0112,R005,Central,Proposal,19522.54,2024-06-24,2024-11-25,Commit
OPP-01045,Acct-0154,R012,East,Prospecting,47253.73,2025-01-22,2025-05-17,Best Case
OPP-01046,Acct-0084,R007,Central,Closed Lost,33554.32,2025-07-02,2025-10-05,Omitted
OPP-01047,Acct-0158,R004,West,Prospecting,57144.99,2024-03-24,2024-08-11,Commit
OPP-01048,Acct-0128,R002,West,Qualification,6190.63,2026-02-08,2026-07-08,Best Case
OPP-01049,Acct-0127,R009,East,Proposal,17337.5,2025-12-12,2026-05-04,Commit
OPP-01050,Acct-0057,R008,Central,Qualification,3864.32,2025-08-20,2025-09-18,Pipeline
OPP-01051,Acct-0041,R004,West,Proposal,15917.47,2025-03-11,2025-07-05,Commit
OPP-01052,Acct-0120,R006,Central,Qualification,13937.86,2024-08-23,2025-02-08,Pipeline
OPP-01053,Acct-0082,R009,East,Closed Won,21714.04,2025-02-22,2025-06-16,Commit
OPP-01054,Acct-0022,R005,Central,Proposal,14105.2,2025-10-22,2025-11-30,Best Case
OPP-01055,Acct-0026,R005,Central,Closed Lost,28436.27,2026-03-15,2026-06-13,Omitted
OPP-01056,Acct-0155,R002,West,Prospecting,13382.86,2024-11-05,2025-02-03,Pipeline
OPP-01057,Acct-0073,R003,West,Closed Lost,120296.34,2024-09-24,2024-10-16,Omitted
OPP-01058,Acct-0168,R006,Central,Closed Won,20953.89,2025-08-16,2025-09-08,Commit
OPP-01059,Acct-0133,R009,East,Closed Lost,5882.29,2024-08-02,2024-12-21,Omitted
OPP-01060,Acct-0081,R010,East,Closed Won,112806.12,2025-04-17,2025-08-02,Commit
OPP-01061,Acct-0008,R004,West,Proposal,86834.33,2025-03-25,2025-08-07,Commit
OPP-01062,Acct-0169,R006,Central,Prospecting,61758.53,2026-01-25,2026-02-16,Best Case
OPP-01063,Acct-0084,R006,Central,Proposal,18083.19,2025-02-17,2025-07-24,Best Case
OPP-01064,Acct-0101,R010,East,Prospecting,13252.73,2025-09-09,2026-03-03,Commit
OPP-01065,Acct-0085,R007,Central,Qualification,18718.51,2024-07-11,2024-11-29,Pipeline
OPP-01066,Acct-0142,R010,East,Closed Lost,36630.81,2024-06-24,2024-08-09,Omitted
OPP-01067,Acct-0099,R003,West,Prospecting,47605.4,2024-07-10,2024-09-18,Pipeline
OPP-01068,Acct-0133,R005,Central,Qualification,13654.94,2025-04-10,2025-05-14,Best Case
OPP-01069,Acct-0138,R001,West,Qualification,69057.63,2024-06-09,2024-07-27,Pipeline
OPP-01070,Acct-0171,R007,Central,Proposal,51480.09,2024-07-29,2024-11-05,Best Case
OPP-01071,Acct-0176,R008,Central,Qualification,31828.08,2024-07-26,2024-12-21,Commit
OPP-01072,Acct-0146,R008,Central,Qualification,8772.64,2024-09-09,2025-02-10,Best Case
OPP-01073,Acct-0180,R008,Central,Proposal,42084.79,2024-10-21,2025-03-06,Best Case
OPP-01074,Acct-0046,R012,East,Closed Won,10380.32,2024-06-28,2024-11-01,Commit
OPP-01075,Acct-0101,R010,East,Closed Won,12961.92,2024-07-06,2024-12-18,Commit
OPP-01076,Acct-0056,R012,East,Closed Lost,10518.12,2024-10-25,2024-12-01,Omitted
OPP-01077,Acct-0130,R008,Central,Proposal,42620.16,2025-01-12,2025-02-20,Pipeline
OPP-01078,Acct-0019,R006,Central,Proposal,14004.5,2024-02-15,2024-07-02,Pipeline
OPP-01079,Acct-0102,R011,East,Closed Won,50165.1,2026-02-02,2026-06-04,Commit
OPP-01080,Acct-0022,R001,West,Prospecting,9300.99,2025-05-11,2025-09-26,Pipeline
OPP-01081,Acct-0044,R009,East,Closed Won,48362.56,2025-04-27,2025-07-27,Commit
OPP-01082,Acct-0020,R001,West,Negotiation,15229.99,2026-01-29,2026-05-29,Pipeline
OPP-01083,Acct-0009,R011,East,Closed Won,37180.4,2025-01-01,2025-03-07,Commit
OPP-01084,Acct-0170,R011,East,Negotiation,24490.8,2025-10-12,2026-03-14,Commit
OPP-01085,Acct-0064,R012,East,Closed Won,21693.28,2024-02-19,2024-06-14,Commit
OPP-01086,Acct-0171,R006,Central,Closed Lost,126287.96,2024-03-05,2024-05-20,Omitted
OPP-01087,Acct-0161,R003,West,Closed Won,6347.58,2024-11-30,2025-03-12,Commit
OPP-01088,Acct-0055,R004,West,Closed Won,81514.1,2025-03-14,2025-05-03,Commit
OPP-01089,Acct-0055,R002,West,Proposal,11581.07,2024-11-19,2024-12-12,Best Case
OPP-01090,Acct-0018,R008,Central,Qualification,37722.44,2025-09-30,2026-01-22,Pipeline
OPP-01091,Acct-0044,R004,West,Proposal,61418.48,2024-04-14,2024-09-18,Commit
OPP-01092,Acct-0045,R005,Central,Closed Lost,68942.79,2026-02-28,2026-04-23,Omitted
OPP-01093,Acct-0115,R011,East,Closed Won,35435.52,2024-01-19,2024-07-12,Commit
OPP-01094,Acct-0006,R007,Central,Negotiation,57059.62,2025-12-22,2026-01-14,Pipeline
OPP-01095,Acct-0021,R010,East,Closed Won,12579.92,2025-03-14,2025-06-04,Commit
OPP-01096,Acct-0010,R001,West,Prospecting,26836.98,2025-01-19,2025-04-01,Commit
OPP-01097,Acct-0072,R004,West,Closed Lost,441432.2,2026-01-26,2026-05-10,Omitted
OPP-01098,Acct-0059,R006,Central,Closed Won,62282.45,2025-02-28,2025-06-01,Commit
OPP-01099,Acct-0179,R012,East,Proposal,11340.77,2025-11-11,2026-02-02,Commit
OPP-01100,Acct-0002,R012,East,Qualification,89548.75,2024-07-06,2024-11-16,Commit
OPP-01101,Acct-0033,R002,West,Closed Lost,11823.3,2025-10-11,2025-12-06,Omitted
OPP-01102,Acct-0021,R002,West,Qualification,38883.1,2024-07-28,2024-10-16,Commit
OPP-01103,Acct-0156,R007,Central,Closed Won,9453.29,2024-09-07,2025-01-13,Commit
OPP-01104,Acct-0043,R004,West,Proposal,14861.58,2025-01-03,2025-05-04,Best Case
OPP-01105,Acct-0006,R008,Central,Proposal,27745.47,2026-02-17,2026-04-17,Best Case
OPP-01106,Acct-0098,R007,Central,Proposal,13815.46,2025-07-20,2025-09-22,Best Case
OPP-01107,Acct-0035,R008,Central,Proposal,12526.61,2025-05-07,2025-06-14,Best Case
OPP-01108,Acct-0096,R012,East,Proposal,13935.01,2024-01-14,2024-06-10,Commit
OPP-01109,Acct-0126,R008,Central,Proposal,21704.94,2026-01-30,2026-05-25,Best Case
OPP-01110,Acct-0145,R005,Central,Closed Won,33881.44,2024-02-09,2024-03-31,Commit
OPP-01111,Acct-0126,R003,West,Qualification,23574.83,2026-02-08,2026-05-28,Commit
OPP-01112,Acct-0123,R011,East,Closed Won,64143.95,2025-03-10,2025-06-01,Commit
OPP-01113,Acct-0155,R001,West,Closed Lost,12975.46,2024-01-29,2024-03-26,Omitted
OPP-01114,Acct-0030,R008,Central,Closed Lost,13050.12,2025-08-15,2025-10-15,Omitted
OPP-01115,Acct-0049,R002,West,Closed Won,78323.73,2025-08-23,2025-10-02,Commit
OPP-01116,Acct-0098,R007,Central,Qualification,18650.12,2025-05-27,2025-10-30,Commit
OPP-01117,Acct-0163,R010,East,Proposal,8918.13,2026-01-15,2026-02-26,Pipeline
OPP-01118,Acct-0102,R010,East,Closed Won,20327.93,2026-02-05,2026-04-19,Commit
OPP-01119,Acct-0111,R012,East,Proposal,50923.06,2025-11-01,2026-02-02,Commit
OPP-01120,Acct-0029,R003,West,Qualification,15377.71,2025-05-13,2025-07-18,Commit
OPP-01121,Acct-0067,R008,Central,Negotiation,15438.54,2026-02-06,2026-04-13,Pipeline
OPP-01122,Acct-0071,R007,Central,Proposal,33823.81,2024-03-28,2024-07-22,Pipeline
OPP-01123,Acct-0016,R002,West,Proposal,34657.71,2025-11-19,2026-01-03,Pipeline
OPP-01124,Acct-0125,R005,Central,Closed Won,27854.12,2025-09-09,2026-02-09,Commit
OPP-01125,Acct-0062,R008,Central,Closed Won,34299.73,2025-11-29,2026-03-16,Commit
OPP-01126,Acct-0001,R006,Central,Closed Won,22046.55,2024-12-30,2025-04-13,Commit
OPP-01127,Acct-0032,R008,Central,Closed Lost,10708.87,2024-05-22,2024-06-17,Omitted
OPP-01128,Acct-0176,R009,East,Qualification,141986.92,2025-01-12,2025-05-27,Commit
OPP-01129,Acct-0163,R011,East,Closed Lost,28789.66,2024-01-04,2024-04-15,Omitted
OPP-01130,Acct-0157,R006,Central,Closed Lost,38500.79,2025-05-11,2025-09-10,Omitted
OPP-01131,Acct-0099,R002,West,Proposal,24151.32,2025-12-17,2026-01-31,Commit
OPP-01132,Acct-0033,R005,Central,Negotiation,332516.64,2025-08-08,2026-01-04,Pipeline
OPP-01133,Acct-0115,R008,Central,Closed Won,10528.71,2025-07-15,2025-12-01,Commit
OPP-01134,Acct-0112,R002,West,Negotiation,29231.0,2024-06-23,2024-08-04,Pipeline
OPP-01135,Acct-0066,R012,East,Prospecting,71932.0,2025-01-27,2025-04-28,Pipeline
OPP-01136,Acct-0178,R011,East,Proposal,8036.6,2026-01-12,2026-06-06,Pipeline
OPP-01137,Acct-0165,R006,Central,Closed Lost,41632.27,2025-01-21,2025-05-18,Omitted
OPP-01138,Acct-0023,R009,East,Closed Lost,23695.58,2024-09-22,2024-11-10,Omitted
OPP-01139,Acct-0098,R002,West,Prospecting,41245.42,2025-01-11,2025-03-04,Best Case
OPP-01140,Acct-0082,R010,East,Closed Won,13192.5,2024-07-13,2024-11-09,Commit
OPP-01141,Acct-0138,R006,Central,Closed Won,49900.71,2024-04-19,2024-08-18,Commit
OPP-01142,Acct-0117,R008,Central,Proposal,53861.48,2024-08-12,2025-01-06,Commit
OPP-01143,Acct-0082,R003,West,Negotiation,5250.87,2026-03-31,2026-04-28,Commit
OPP-01144,Acct-0162,R005,Central,Negotiation,40166.6,2025-12-24,2026-06-08,Best Case
OPP-01145,Acct-0054,R004,West,Negotiation,44608.64,2024-12-07,2025-02-04,Commit
OPP-01146,Acct-0101,R012,East,Closed Lost,5397.99,2026-03-05,2026-05-09,Omitted
OPP-01147,Acct-0087,R005,Central,Closed Lost,136373.93,2024-01-23,2024-07-01,Omitted
OPP-01148,Acct-0050,R007,Central,Closed Won,18840.62,2024-10-16,2025-01-16,Commit
OPP-01149,Acct-0078,R012,East,Closed Lost,22276.43,2026-02-09,2026-07-27,Omitted
OPP-01150,Acct-0054,R008,Central,Closed Won,33304.53,2025-05-09,2025-08-11,Commit
OPP-01151,Acct-0174,R004,West,Closed Won,6992.97,2025-01-05,2025-06-21,Commit
OPP-01152,Acct-0167,R003,West,Proposal,17609.49,2024-02-23,2024-04-13,Commit
OPP-01153,Acct-0078,R006,Central,Negotiation,23076.11,2024-09-03,2025-01-02,Best Case
OPP-01154,Acct-0167,R012,East,Negotiation,3697.51,2026-03-05,2026-04-16,Best Case
OPP-01155,Acct-0032,R007,Central,Qualification,39099.14,2024-05-02,2024-06-20,Pipeline
OPP-01156,Acct-0123,R008,Central,Closed Won,60700.86,2025-08-23,2026-02-05,Commit
OPP-01157,Acct-0180,R005,Central,Closed Won,5781.25,2025-01-28,2025-06-20,Commit
OPP-01158,Acct-0104,R007,Central,Qualification,11412.75,2025-12-31,2026-06-06,Pipeline
OPP-01159,Acct-0133,R012,East,Prospecting,32425.8,2025-06-26,2025-11-18,Pipeline
OPP-01160,Acct-0031,R010,East,Negotiation,110561.79,2026-02-10,2026-04-24,Commit
OPP-01161,Acct-0053,R003,West,Closed Lost,23889.31,2024-02-10,2024-04-02,Omitted
OPP-01162,Acct-0130,R011,East,Qualification,51511.66,2024-02-05,2024-03-17,Pipeline
OPP-01163,Acct-0077,R005,Central,Proposal,30299.66,2025-11-04,2025-11-24,Pipeline
OPP-01164,Acct-0036,R001,West,Closed Lost,30890.78,2025-11-05,2026-04-10,Omitted
OPP-01165,Acct-0010,R010,East,Negotiation,28350.39,2025-11-09,2025-12-10,Pipeline
OPP-01166,Acct-0056,R004,West,Qualification,54206.45,2024-05-17,2024-11-07,Commit
OPP-01167,Acct-0067,R010,East,Proposal,5891.62,2024-03-17,2024-08-24,Best Case
OPP-01168,Acct-0037,R007,Central,Closed Won,10345.61,2024-09-17,2025-01-23,Commit
OPP-01169,Acct-0096,R009,East,Qualification,35376.96,2025-10-10,2025-12-18,Commit
OPP-01170,Acct-0112,R010,East,Closed Won,94148.28,2025-03-05,2025-05-03,Commit
OPP-01171,Acct-0176,R007,Central,Prospecting,31997.42,2024-05-07,2024-10-10,Pipeline
OPP-01172,Acct-0058,R009,East,Proposal,20146.81,2024-12-07,2025-03-06,Pipeline
OPP-01173,Acct-0079,R005,Central,Prospecting,21820.97,2024-05-06,2024-07-09,Commit
OPP-01174,Acct-0142,R010,East,Closed Won,26003.12,2025-12-18,2026-06-02,Commit
OPP-01175,Acct-0089,R005,Central,Negotiation,56295.46,2026-02-08,2026-06-07,Pipeline
OPP-01176,Acct-0033,R012,East,Closed Won,72722.23,2025-02-16,2025-07-08,Commit
OPP-01177,Acct-0146,R005,Central,Prospecting,27578.75,2024-05-09,2024-07-04,Best Case
OPP-01178,Acct-0156,R012,East,Qualification,161233.54,2025-01-14,2025-04-07,Commit
OPP-01179,Acct-0059,R007,Central,Closed Won,67899.55,2024-10-09,2025-02-15,Commit
OPP-01180,Acct-0163,R005,Central,Closed Won,10737.51,2026-02-28,2026-06-08,Commit
OPP-01181,Acct-0074,R002,West,Prospecting,17277.47,2025-08-12,2025-09-15,Pipeline
OPP-01182,Acct-0032,R009,East,Closed Lost,26615.21,2025-11-24,2026-04-29,Omitted
OPP-01183,Acct-0170,R007,Central,Prospecting,7165.53,2025-07-01,2025-10-17,Pipeline
OPP-01184,Acct-0045,R009,East,Closed Won,7468.36,2024-06-21,2024-11-22,Commit
OPP-01185,Acct-0098,R002,West,Proposal,11210.12,2024-02-22,2024-06-29,Best Case
OPP-01186,Acct-0077,R003,West,Proposal,11634.14,2026-02-23,2026-04-14,Best Case
OPP-01187,Acct-0079,R008,Central,Qualification,4958.81,2025-08-05,2025-12-03,Pipeline
OPP-01188,Acct-0048,R011,East,Negotiation,24655.59,2024-04-19,2024-05-10,Best Case
OPP-01189,Acct-0040,R007,Central,Proposal,8008.25,2024-03-27,2024-08-29,Commit
OPP-01190,Acct-0121,R007,Central,Prospecting,26291.01,2025-11-03,2026-01-26,Pipeline
OPP-01191,Acct-0113,R007,Central,Proposal,3863.57,2025-07-03,2025-09-29,Pipeline
OPP-01192,Acct-0051,R011,East,Closed Won,11993.18,2025-03-20,2025-04-10,Commit
OPP-01193,Acct-0042,R002,West,Qualification,8329.86,2026-01-31,2026-05-15,Pipeline
OPP-01194,Acct-0126,R011,East,Qualification,24452.89,2024-09-29,2024-11-18,Best Case
OPP-01195,Acct-0100,R009,East,Negotiation,37107.57,2026-02-08,2026-06-10,Commit
OPP-01196,Acct-0174,R003,West,Prospecting,9286.61,2026-02-24,2026-05-15,Pipeline
OPP-01197,Acct-0125,R006,Central,Proposal,31291.85,2025-05-06,2025-08-08,Best Case
OPP-01198,Acct-0072,R002,West,Closed Won,16991.16,2025-06-07,2025-08-13,Commit
OPP-01199,Acct-0129,R002,West,Closed Lost,49888.25,2025-12-24,2026-02-08,Omitted
OPP-01200,Acct-0071,R010,East,Qualification,35222.24,2024-05-15,2024-09-14,Pipeline
OPP-01201,Acct-0105,R004,West,Closed Lost,19996.65,2024-04-03,2024-05-06,Omitted
OPP-01202,Acct-0016,R009,East,Proposal,35164.93,2024-12-10,2025-04-18,Best Case
OPP-01203,Acct-0001,R009,East,Proposal,41515.57,2024-02-18,2024-04-24,Pipeline
OPP-01204,Acct-0111,R001,West,Closed Won,18300.37,2024-10-13,2025-04-06,Commit
OPP-01205,Acct-0004,R003,West,Qualification,26364.95,2024-04-24,2024-06-07,Commit
OPP-01206,Acct-0151,R011,East,Negotiation,62047.74,2026-01-29,2026-05-21,Commit
OPP-01207,Acct-0028,R009,East,Negotiation,15395.76,2025-08-21,2025-12-17,Pipeline
OPP-01208,Acct-0115,R003,West,Closed Won,31696.44,2025-11-01,2026-01-08,Commit
OPP-01209,Acct-0137,R002,West,Prospecting,30014.79,2026-01-12,2026-06-02,Pipeline
OPP-01210,Acct-0089,R012,East,Qualification,10019.84,2025-12-29,2026-03-23,Commit
OPP-01211,Acct-0154,R006,Central,Proposal,8528.78,2025-05-30,2025-06-24,Pipeline
OPP-01212,Acct-0102,R005,Central,Closed Won,44219.59,2025-12-11,2026-02-17,Commit
OPP-01213,Acct-0103,R008,Central,Closed Won,3388.84,2025-01-28,2025-07-10,Commit
OPP-01214,Acct-0003,R010,East,Qualification,15052.38,2024-08-11,2025-01-29,Commit
OPP-01215,Acct-0069,R009,East,Proposal,52860.05,2024-11-06,2025-01-21,Best Case
OPP-01216,Acct-0038,R009,East,Prospecting,10787.68,2024-10-25,2024-11-24,Commit
OPP-01217,Acct-0137,R005,Central,Closed Lost,4950.13,2025-10-19,2026-01-10,Omitted
OPP-01218,Acct-0141,R002,West,Prospecting,14816.82,2025-01-12,2025-04-25,Pipeline
OPP-01219,Acct-0003,R005,Central,Closed Won,18690.18,2024-11-28,2025-01-01,Commit
OPP-01220,Acct-0177,R006,Central,Qualification,129831.23,2026-03-07,2026-08-23,Pipeline
OPP-01221,Acct-0114,R007,Central,Closed Lost,9873.79,2025-09-10,2026-02-18,Omitted
OPP-01222,Acct-0115,R004,West,Proposal,7825.52,2026-02-09,2026-06-10,Pipeline
OPP-01223,Acct-0047,R004,West,Closed Won,23865.15,2025-05-05,2025-06-17,Commit
OPP-01224,Acct-0073,R008,Central,Qualification,53622.49,2025-05-17,2025-07-22,Commit
OPP-01225,Acct-0063,R001,West,Proposal,38414.93,2024-05-26,2024-07-03,Best Case
OPP-01226,Acct-0097,R008,Central,Closed Lost,31298.26,2024-01-13,2024-07-05,Omitted
OPP-01227,Acct-0064,R007,Central,Prospecting,226715.61,2025-10-21,2025-11-21,Pipeline
OPP-01228,Acct-0139,R002,West,Qualification,146009.67,2026-03-22,2026-04-13,Pipeline
OPP-01229,Acct-0178,R012,East,Closed Won,15203.62,2024-09-06,2024-10-10,Commit
OPP-01230,Acct-0001,R005,Central,Closed Won,11248.62,2025-06-07,2025-10-11,Commit
OPP-01231,Acct-0176,R004,West,Prospecting,23577.62,2025-11-02,2026-02-03,Pipeline
OPP-01232,Acct-0092,R007,Central,Closed Won,6850.33,2024-08-17,2024-10-02,Commit
OPP-01233,Acct-0047,R002,West,Negotiation,32738.67,2025-06-27,2025-10-10,Commit
OPP-01234,Acct-0027,R011,East,Proposal,187245.77,2025-10-01,2026-01-02,Best Case
OPP-01235,Acct-0168,R005,Central,Closed Lost,141743.43,2024-03-19,2024-04-08,Omitted
OPP-01236,Acct-0029,R003,West,Proposal,14674.05,2026-03-15,2026-08-04,Pipeline
OPP-01237,Acct-0099,R010,East,Proposal,40507.16,2024-11-26,2025-01-17,Pipeline
OPP-01238,Acct-0086,R006,Central,Proposal,18332.08,2025-02-27,2025-08-20,Commit
OPP-01239,Acct-0138,R003,West,Closed Won,36872.29,2025-03-04,2025-08-11,Commit
OPP-01240,Acct-0108,R009,East,Negotiation,28929.67,2024-03-26,2024-09-10,Commit
OPP-01241,Acct-0093,R009,East,Negotiation,88157.57,2025-12-20,2026-01-31,Pipeline
OPP-01242,Acct-0016,R001,West,Qualification,62879.7,2025-04-30,2025-06-23,Pipeline
OPP-01243,Acct-0054,R006,Central,Proposal,9586.21,2025-07-18,2025-11-22,Pipeline
OPP-01244,Acct-0014,R004,West,Prospecting,44616.25,2024-01-27,2024-06-03,Best Case
OPP-01245,Acct-0038,R012,East,Prospecting,34229.27,2025-08-31,2025-10-30,Pipeline
OPP-01246,Acct-0036,R006,Central,Qualification,64603.09,2026-02-22,2026-04-29,Best Case
OPP-01247,Acct-0166,R012,East,Negotiation,99486.96,2026-01-09,2026-04-25,Best Case
OPP-01248,Acct-0003,R012,East,Prospecting,46894.82,2024-06-26,2024-11-21,Pipeline
OPP-01249,Acct-0129,R007,Central,Closed Won,252616.75,2025-07-21,2025-10-15,Commit
OPP-01250,Acct-0033,R005,Central,Closed Won,23393.96,2024-04-04,2024-09-04,Commit
OPP-01251,Acct-0020,R012,East,Qualification,34040.69,2024-07-07,2024-12-17,Commit
OPP-01252,Acct-0096,R012,East,Proposal,12022.96,2025-01-24,2025-03-27,Pipeline
OPP-01253,Acct-0008,R011,East,Proposal,18094.28,2025-01-06,2025-06-29,Best Case
OPP-01254,Acct-0049,R004,West,Qualification,28815.39,2025-09-03,2025-09-25,Best Case
OPP-01255,Acct-0012,R009,East,Qualification,64365.18,2024-03-28,2024-09-09,Commit
OPP-01256,Acct-0092,R010,East,Closed Lost,26205.81,2024-04-05,2024-07-13,Omitted
OPP-01257,Acct-0180,R005,Central,Closed Lost,26916.28,2025-02-04,2025-05-26,Omitted
OPP-01258,Acct-0007,R011,East,Prospecting,15465.13,2024-04-13,2024-09-08,Pipeline
OPP-01259,Acct-0039,R010,East,Closed Won,20511.8,2024-02-08,2024-05-12,Commit
OPP-01260,Acct-0133,R011,East,Proposal,106185.3,2026-02-26,2026-04-28,Commit
OPP-01261,Acct-0075,R012,East,Negotiation,31426.39,2025-04-03,2025-05-26,Best Case
OPP-01262,Acct-0156,R006,Central,Closed Won,75800.79,2024-09-01,2024-11-13,Commit
OPP-01263,Acct-0025,R002,West,Closed Lost,48802.1,2026-03-27,2026-05-08,Omitted
OPP-01264,Acct-0118,R008,Central,Proposal,15784.26,2024-04-01,2024-05-09,Pipeline
OPP-01265,Acct-0011,R005,Central,Closed Lost,8267.85,2024-05-06,2024-10-18,Omitted
OPP-01266,Acct-0094,R006,Central,Closed Lost,9232.0,2025-11-27,2026-01-19,Omitted
OPP-01267,Acct-0116,R009,East,Closed Lost,81991.08,2025-11-29,2026-04-03,Omitted
OPP-01268,Acct-0027,R005,Central,Closed Lost,119884.05,2025-07-28,2025-08-19,Omitted
OPP-01269,Acct-0172,R005,Central,Proposal,56433.01,2024-08-16,2024-12-13,Best Case
OPP-01270,Acct-0047,R002,West,Proposal,24229.95,2025-04-21,2025-06-07,Pipeline
OPP-01271,Acct-0085,R012,East,Prospecting,87252.41,2025-03-19,2025-05-29,Best Case
OPP-01272,Acct-0140,R002,West,Proposal,48839.91,2024-10-12,2025-02-25,Pipeline
OPP-01273,Acct-0098,R003,West,Closed Lost,13415.1,2025-08-04,2025-09-01,Omitted
OPP-01274,Acct-0055,R001,West,Closed Lost,18485.64,2025-04-29,2025-07-12,Omitted
OPP-01275,Acct-0037,R001,West,Closed Lost,39671.59,2025-10-12,2025-12-16,Omitted
OPP-01276,Acct-0014,R002,West,Qualification,23641.13,2024-08-07,2024-11-01,Pipeline
OPP-01277,Acct-0090,R002,West,Closed Lost,1323.49,2024-10-31,2025-01-01,Omitted
OPP-01278,Acct-0178,R007,Central,Negotiation,34670.09,2025-12-14,2026-04-24,Best Case
OPP-01279,Acct-0038,R010,East,Proposal,31653.92,2025-11-14,2026-05-01,Commit
OPP-01280,Acct-0039,R006,Central,Closed Won,176358.08,2026-01-24,2026-05-05,Commit
OPP-01281,Acct-0134,R008,Central,Closed Lost,26869.52,2026-03-22,2026-07-24,Omitted
OPP-01282,Acct-0149,R012,East,Prospecting,17055.62,2024-05-08,2024-09-20,Commit
OPP-01283,Acct-0154,R002,West,Prospecting,42916.11,2025-12-14,2026-05-22,Pipeline
OPP-01284,Acct-0095,R007,Central,Qualification,15459.43,2025-11-26,2026-05-12,Pipeline
OPP-01285,Acct-0117,R006,Central,Prospecting,92040.14,2024-05-07,2024-10-01,Commit
OPP-01286,Acct-0046,R007,Central,Proposal,16338.46,2025-06-19,2025-10-02,Pipeline
OPP-01287,Acct-0073,R008,Central,Proposal,7852.3,2025-07-09,2025-11-17,Best Case
OPP-01288,Acct-0027,R011,East,Closed Won,23514.05,2025-09-27,2025-11-11,Commit
OPP-01289,Acct-0026,R002,West,Closed Won,36494.03,2025-05-23,2025-11-18,Commit
OPP-01290,Acct-0058,R011,East,Proposal,30627.51,2024-10-23,2025-02-27,Pipeline
OPP-01291,Acct-0166,R008,Central,Negotiation,78529.3,2026-03-23,2026-08-08,Best Case
OPP-01292,Acct-0073,R012,East,Closed Won,1874.06,2026-03-11,2026-05-27,Commit
OPP-01293,Acct-0062,R005,Central,Closed Lost,2832.12,2026-03-25,2026-07-29,Omitted
OPP-01294,Acct-0154,R001,West,Closed Lost,23529.18,2024-06-06,2024-09-29,Omitted
OPP-01295,Acct-0033,R006,Central,Proposal,7082.89,2024-02-22,2024-08-07,Best Case
OPP-01296,Acct-0112,R011,East,Proposal,48536.33,2024-11-21,2025-04-22,Pipeline
OPP-01297,Acct-0161,R004,West,Prospecting,68733.37,2025-10-08,2026-03-24,Best Case
OPP-01298,Acct-0112,R005,Central,Closed Won,12371.06,2024-04-05,2024-05-18,Commit
OPP-01299,Acct-0147,R001,West,Closed Won,31199.46,2025-12-25,2026-06-02,Commit
OPP-01300,Acct-0057,R007,Central,Prospecting,68421.68,2024-07-10,2024-09-29,Commit
OPP-01301,Acct-0169,R005,Central,Qualification,183624.23,2026-03-15,2026-07-09,Best Case
OPP-01302,Acct-0153,R001,West,Qualification,44709.74,2024-04-15,2024-06-02,Best Case
OPP-01303,Acct-0026,R002,West,Prospecting,7760.68,2025-01-05,2025-03-19,Best Case
OPP-01304,Acct-0176,R008,Central,Closed Won,20757.09,2025-10-02,2025-11-10,Commit
OPP-01305,Acct-0146,R007,Central,Proposal,48089.96,2024-01-11,2024-03-16,Commit
OPP-01306,Acct-0066,R011,East,Negotiation,39661.01,2024-06-11,2024-11-11,Commit
OPP-01307,Acct-0008,R002,West,Qualification,27484.92,2025-01-08,2025-02-26,Pipeline
OPP-01308,Acct-0142,R006,Central,Prospecting,12163.78,2024-07-23,2024-09-04,Best Case
OPP-01309,Acct-0065,R011,East,Qualification,57002.12,2025-06-08,2025-10-08,Pipeline
OPP-01310,Acct-0151,R003,West,Qualification,178176.2,2025-02-06,2025-03-24,Commit
OPP-01311,Acct-0153,R005,Central,Qualification,5249.43,2025-03-19,2025-07-31,Best Case
OPP-01312,Acct-0146,R012,East,Qualification,19661.64,2025-01-27,2025-06-05,Pipeline
OPP-01313,Acct-0065,R006,Central,Proposal,33488.4,2024-06-20,2024-07-18,Commit
OPP-01314,Acct-0008,R010,East,Proposal,99376.69,2025-06-27,2025-10-15,Best Case
OPP-01315,Acct-0056,R002,West,Qualification,7264.22,2025-01-01,2025-03-24,Pipeline
OPP-01316,Acct-0003,R011,East,Proposal,12095.22,2024-01-10,2024-04-20,Commit
OPP-01317,Acct-0099,R012,East,Proposal,20721.48,2024-08-26,2025-02-05,Pipeline
OPP-01318,Acct-0020,R005,Central,Negotiation,28195.61,2024-10-11,2025-04-04,Commit
OPP-01319,Acct-0051,R010,East,Closed Lost,16390.29,2024-11-21,2025-03-02,Omitted
OPP-01320,Acct-0116,R001,West,Closed Won,21723.7,2025-03-07,2025-04-26,Commit
OPP-01321,Acct-0165,R003,West,Negotiation,32349.39,2024-01-22,2024-04-23,Pipeline
OPP-01322,Acct-0136,R010,East,Closed Lost,65389.49,2025-02-16,2025-03-17,Omitted
OPP-01323,Acct-0082,R001,West,Proposal,6575.51,2025-03-01,2025-06-06,Best Case
OPP-01324,Acct-0077,R006,Central,Proposal,30543.26,2025-09-19,2025-10-21,Best Case
OPP-01325,Acct-0027,R012,East,Closed Lost,26142.94,2024-05-04,2024-08-27,Omitted
OPP-01326,Acct-0044,R001,West,Qualification,48215.7,2024-11-26,2025-04-06,Pipeline
OPP-01327,Acct-0014,R002,West,Qualification,71979.05,2025-07-04,2025-07-25,Commit
OPP-01328,Acct-0070,R005,Central,Closed Lost,17847.05,2025-12-05,2026-05-30,Omitted
OPP-01329,Acct-0150,R012,East,Qualification,9537.21,2024-05-09,2024-08-18,Pipeline
OPP-01330,Acct-0170,R007,Central,Closed Won,46311.41,2024-09-03,2025-02-17,Commit
OPP-01331,Acct-0076,R008,Central,Closed Lost,9685.08,2024-08-19,2024-10-01,Omitted
OPP-01332,Acct-0020,R012,East,Prospecting,54757.62,2025-11-06,2026-01-17,Commit
OPP-01333,Acct-0132,R002,West,Closed Lost,15707.64,2024-08-01,2025-01-19,Omitted
OPP-01334,Acct-0034,R006,Central,Closed Won,15801.5,2024-06-06,2024-11-02,Commit
OPP-01335,Acct-0103,R004,West,Closed Lost,19484.19,2025-09-27,2026-02-25,Omitted
OPP-01336,Acct-0119,R004,West,Prospecting,18426.1,2025-08-14,2025-09-29,Pipeline
OPP-01337,Acct-0022,R002,West,Closed Won,42473.77,2024-09-28,2024-11-17,Commit
OPP-01338,Acct-0113,R006,Central,Proposal,9103.23,2025-06-04,2025-09-17,Pipeline
OPP-01339,Acct-0049,R005,Central,Proposal,8713.52,2025-03-08,2025-05-16,Best Case
OPP-01340,Acct-0175,R007,Central,Qualification,11144.22,2025-06-15,2025-10-23,Pipeline
OPP-01341,Acct-0159,R001,West,Closed Won,18279.54,2024-04-13,2024-07-12,Commit
OPP-01342,Acct-0053,R012,East,Closed Won,22343.62,2026-01-21,2026-04-19,Commit
OPP-01343,Acct-0001,R003,West,Closed Won,19333.51,2025-09-02,2025-12-04,Commit
OPP-01344,Acct-0062,R002,West,Qualification,142364.47,2026-01-26,2026-05-04,Commit
OPP-01345,Acct-0171,R003,West,Proposal,11872.75,2025-04-11,2025-06-06,Pipeline
OPP-01346,Acct-0091,R008,Central,Proposal,54712.06,2026-02-17,2026-03-11,Commit
OPP-01347,Acct-0146,R008,Central,Negotiation,26265.43,2024-04-22,2024-05-23,Pipeline
OPP-01348,Acct-0026,R011,East,Closed Lost,80072.98,2024-06-20,2024-08-16,Omitted
OPP-01349,Acct-0170,R005,Central,Closed Won,16348.36,2024-12-25,2025-06-02,Commit
OPP-01350,Acct-0170,R008,Central,Qualification,18587.8,2024-11-04,2025-02-17,Commit
OPP-01351,Acct-0106,R010,East,Negotiation,12849.26,2025-10-17,2025-11-11,Pipeline
OPP-01352,Acct-0179,R004,West,Closed Won,8938.81,2024-09-07,2025-02-21,Commit
OPP-01353,Acct-0161,R007,Central,Proposal,42959.56,2025-01-21,2025-03-09,Best Case
OPP-01354,Acct-0101,R011,East,Negotiation,54383.24,2025-11-26,2026-03-15,Best Case
OPP-01355,Acct-0111,R010,East,Proposal,6146.61,2024-12-17,2025-06-11,Pipeline
OPP-01356,Acct-0176,R008,Central,Negotiation,53726.14,2024-04-22,2024-05-14,Best Case
OPP-01357,Acct-0017,R003,West,Proposal,47543.57,2024-11-06,2025-03-30,Best Case
OPP-01358,Acct-0126,R005,Central,Prospecting,10011.33,2025-08-30,2025-10-20,Pipeline
OPP-01359,Acct-0090,R005,Central,Prospecting,6801.57,2024-02-21,2024-05-15,Pipeline
OPP-01360,Acct-0070,R005,Central,Closed Won,28975.34,2025-07-28,2025-09-25,Commit
OPP-01361,Acct-0009,R003,West,Closed Lost,8700.07,2024-03-23,2024-06-25,Omitted
OPP-01362,Acct-0026,R008,Central,Closed Lost,8048.89,2025-01-30,2025-06-07,Omitted
OPP-01363,Acct-0036,R005,Central,Closed Lost,32248.72,2025-03-22,2025-07-02,Omitted
OPP-01364,Acct-0022,R011,East,Closed Won,13887.61,2024-07-23,2024-10-28,Commit
OPP-01365,Acct-0036,R005,Central,Negotiation,41615.47,2025-01-19,2025-05-30,Pipeline
OPP-01366,Acct-0106,R009,East,Proposal,49883.47,2025-03-13,2025-07-30,Best Case
OPP-01367,Acct-0158,R008,Central,Prospecting,228589.54,2025-03-07,2025-04-18,Pipeline
OPP-01368,Acct-0076,R005,Central,Closed Won,32788.31,2025-09-27,2026-03-05,Commit
OPP-01369,Acct-0118,R001,West,Closed Won,20382.26,2024-01-07,2024-05-24,Commit
OPP-01370,Acct-0177,R001,West,Prospecting,6029.37,2024-10-24,2025-04-06,Best Case
OPP-01371,Acct-0053,R006,Central,Closed Lost,6587.33,2025-06-07,2025-07-10,Omitted
OPP-01372,Acct-0161,R009,East,Qualification,56134.77,2024-08-16,2024-10-14,Best Case
OPP-01373,Acct-0155,R005,Central,Closed Won,34162.25,2024-03-09,2024-03-29,Commit
OPP-01374,Acct-0101,R002,West,Negotiation,17406.17,2024-01-26,2024-06-23,Best Case
OPP-01375,Acct-0067,R001,West,Closed Lost,14789.27,2024-07-07,2024-09-25,Omitted
OPP-01376,Acct-0006,R010,East,Closed Won,114587.01,2025-03-18,2025-05-14,Commit
OPP-01377,Acct-0122,R003,West,Qualification,44238.88,2025-06-07,2025-11-13,Pipeline
OPP-01378,Acct-0028,R008,Central,Qualification,26037.92,2025-02-04,2025-06-02,Commit
OPP-01379,Acct-0100,R008,Central,Proposal,23875.41,2025-04-13,2025-06-02,Commit
OPP-01380,Acct-0118,R001,West,Negotiation,41642.93,2024-12-29,2025-02-22,Best Case
OPP-01381,Acct-0135,R005,Central,Prospecting,9353.85,2025-05-30,2025-08-11,Best Case
OPP-01382,Acct-0118,R007,Central,Negotiation,14879.88,2025-11-02,2026-04-15,Best Case
OPP-01383,Acct-0130,R012,East,Closed Lost,13763.03,2025-09-12,2025-11-17,Omitted
OPP-01384,Acct-0159,R011,East,Negotiation,11539.24,2025-08-17,2025-12-04,Commit
OPP-01385,Acct-0060,R007,Central,Prospecting,7804.79,2025-05-26,2025-10-14,Best Case
OPP-01386,Acct-0157,R012,East,Closed Won,47665.24,2025-03-06,2025-04-11,Commit
OPP-01387,Acct-0028,R005,Central,Prospecting,75614.31,2024-01-31,2024-04-04,Best Case
OPP-01388,Acct-0065,R012,East,Proposal,5643.33,2025-07-23,2025-10-02,Pipeline
OPP-01389,Acct-0050,R008,Central,Proposal,17792.68,2024-06-14,2024-10-23,Commit
OPP-01390,Acct-0002,R002,West,Negotiation,49101.69,2024-07-27,2024-08-24,Pipeline
OPP-01391,Acct-0165,R006,Central,Closed Won,58579.91,2024-12-14,2025-02-19,Commit
OPP-01392,Acct-0092,R009,East,Negotiation,88837.76,2025-04-30,2025-09-25,Best Case
OPP-01393,Acct-0033,R010,East,Closed Lost,20910.95,2024-03-13,2024-08-25,Omitted
OPP-01394,Acct-0006,R009,East,Qualification,12497.85,2025-09-07,2026-02-12,Best Case
OPP-01395,Acct-0041,R004,West,Closed Won,4073.9,2025-02-03,2025-05-25,Commit
OPP-01396,Acct-0103,R005,Central,Prospecting,59428.71,2025-09-17,2026-02-12,Best Case
OPP-01397,Acct-0008,R010,East,Prospecting,37910.82,2025-04-27,2025-07-23,Commit
OPP-01398,Acct-0053,R001,West,Proposal,15447.53,2026-02-22,2026-03-29,Pipeline
OPP-01399,Acct-0019,R009,East,Closed Won,9098.2,2024-03-04,2024-05-23,Commit
OPP-01400,Acct-0107,R010,East,Closed Lost,102497.82,2024-02-06,2024-05-24,Omitted
OPP-01401,Acct-0010,R010,East,Closed Won,25909.09,2026-01-10,2026-02-09,Commit
OPP-01402,Acct-0015,R008,Central,Negotiation,40469.65,2024-11-06,2025-01-23,Pipeline
OPP-01403,Acct-0124,R001,West,Closed Won,75511.18,2025-01-23,2025-02-16,Commit
OPP-01404,Acct-0036,R001,West,Proposal,21661.77,2025-12-19,2026-04-27,Commit
OPP-01405,Acct-0060,R002,West,Proposal,20883.07,2025-03-23,2025-04-26,Pipeline
OPP-01406,Acct-0012,R002,West,Negotiation,5072.57,2026-03-23,2026-08-27,Commit
OPP-01407,Acct-0047,R001,West,Closed Lost,17864.99,2024-02-28,2024-04-20,Omitted
OPP-01408,Acct-0156,R005,Central,Prospecting,13722.75,2024-09-07,2024-12-10,Pipeline
OPP-01409,Acct-0114,R007,Central,Proposal,11554.75,2025-05-21,2025-09-09,Pipeline
OPP-01410,Acct-0069,R012,East,Proposal,17017.73,2025-10-31,2026-01-21,Commit
OPP-01411,Acct-0072,R006,Central,Closed Won,27054.9,2025-02-24,2025-08-22,Commit
OPP-01412,Acct-0037,R002,West,Qualification,5366.82,2024-08-03,2024-09-23,Best Case
OPP-01413,Acct-0128,R001,West,Closed Lost,64519.8,2025-04-09,2025-05-28,Omitted
OPP-01414,Acct-0157,R001,West,Qualification,32687.38,2024-03-27,2024-05-01,Best Case
OPP-01415,Acct-0098,R007,Central,Negotiation,66853.11,2024-02-15,2024-05-02,Pipeline
OPP-01416,Acct-0007,R003,West,Closed Won,31185.99,2024-02-02,2024-07-09,Commit
OPP-01417,Acct-0008,R010,East,Closed Won,6176.14,2024-09-25,2025-03-15,Commit
OPP-01418,Acct-0142,R006,Central,Closed Won,108837.5,2026-03-12,2026-04-15,Commit
OPP-01419,Acct-0147,R007,Central,Closed Lost,68669.03,2025-07-01,2025-11-16,Omitted
OPP-01420,Acct-0061,R012,East,Negotiation,27857.82,2025-01-25,2025-06-13,Commit
OPP-01421,Acct-0139,R003,West,Closed Lost,9257.9,2024-10-07,2024-11-17,Omitted
OPP-01422,Acct-0065,R005,Central,Proposal,17618.68,2025-01-05,2025-04-03,Commit
OPP-01423,Acct-0046,R011,East,Closed Won,32546.28,2025-08-05,2025-11-15,Commit
OPP-01424,Acct-0143,R008,Central,Proposal,22609.25,2025-01-02,2025-05-24,Commit
OPP-01425,Acct-0017,R004,West,Proposal,30744.67,2025-09-16,2026-02-24,Best Case
OPP-01426,Acct-0162,R008,Central,Qualification,47444.94,2025-05-21,2025-07-12,Pipeline
OPP-01427,Acct-0176,R003,West,Qualification,32585.11,2024-04-27,2024-05-26,Pipeline
OPP-01428,Acct-0067,R009,East,Closed Lost,30599.87,2026-01-04,2026-03-23,Omitted
OPP-01429,Acct-0020,R005,Central,Prospecting,28720.44,2024-08-28,2024-12-15,Pipeline
OPP-01430,Acct-0175,R009,East,Proposal,27510.7,2024-11-29,2025-05-14,Best Case
OPP-01431,Acct-0093,R007,Central,Prospecting,22963.35,2024-01-26,2024-05-08,Commit
OPP-01432,Acct-0042,R006,Central,Closed Lost,71772.41,2024-10-28,2025-04-25,Omitted
OPP-01433,Acct-0089,R006,Central,Prospecting,71124.42,2026-03-10,2026-08-07,Commit
OPP-01434,Acct-0021,R004,West,Proposal,39037.07,2024-06-02,2024-09-27,Commit
OPP-01435,Acct-0156,R002,West,Closed Lost,58893.79,2024-05-04,2024-10-06,Omitted
OPP-01436,Acct-0063,R008,Central,Closed Won,28168.71,2024-07-18,2025-01-01,Commit
OPP-01437,Acct-0030,R006,Central,Qualification,51414.1,2025-04-11,2025-07-20,Commit
OPP-01438,Acct-0168,R012,East,Qualification,19359.05,2025-06-01,2025-07-10,Best Case
OPP-01439,Acct-0063,R008,Central,Negotiation,23492.12,2025-08-06,2025-09-27,Commit
OPP-01440,Acct-0081,R007,Central,Closed Won,51502.05,2026-03-25,2026-06-26,Commit
OPP-01441,Acct-0117,R002,West,Prospecting,37029.14,2026-03-02,2026-05-11,Pipeline
OPP-01442,Acct-0026,R001,West,Qualification,15743.77,2025-12-29,2026-05-18,Commit
OPP-01443,Acct-0033,R003,West,Closed Lost,28250.49,2025-02-01,2025-06-09,Omitted
OPP-01444,Acct-0156,R007,Central,Closed Won,15291.04,2024-12-10,2025-03-26,Commit
OPP-01445,Acct-0162,R010,East,Prospecting,38962.48,2024-12-29,2025-05-12,Best Case
OPP-01446,Acct-0047,R008,Central,Closed Won,17859.21,2025-12-17,2026-02-09,Commit
OPP-01447,Acct-0083,R012,East,Closed Won,33834.29,2025-10-26,2026-03-11,Commit
OPP-01448,Acct-0077,R008,Central,Qualification,43335.98,2026-03-02,2026-04-15,Pipeline
OPP-01449,Acct-0074,R008,Central,Proposal,70555.53,2025-08-16,2026-01-13,Best Case
OPP-01450,Acct-0089,R006,Central,Proposal,23188.32,2025-09-22,2025-12-31,Pipeline
OPP-01451,Acct-0067,R005,Central,Qualification,14213.18,2024-08-17,2024-10-19,Best Case
OPP-01452,Acct-0154,R010,East,Closed Won,13375.36,2025-06-04,2025-08-06,Commit
OPP-01453,Acct-0095,R001,West,Closed Lost,36531.81,2024-01-07,2024-05-31,Omitted
OPP-01454,Acct-0117,R004,West,Qualification,89840.03,2025-03-31,2025-08-31,Pipeline
OPP-01455,Acct-0172,R005,Central,Closed Lost,26598.13,2024-05-20,2024-08-19,Omitted
OPP-01456,Acct-0041,R002,West,Closed Lost,168264.62,2024-08-15,2024-09-23,Omitted
OPP-01457,Acct-0177,R009,East,Proposal,20503.11,2025-11-19,2025-12-27,Commit
OPP-01458,Acct-0161,R006,Central,Closed Lost,52131.61,2024-07-13,2024-12-22,Omitted
OPP-01459,Acct-0173,R001,West,Closed Lost,34912.96,2025-08-23,2025-12-17,Omitted
OPP-01460,Acct-0055,R004,West,Qualification,44474.21,2024-07-22,2024-09-02,Commit
OPP-01461,Acct-0108,R001,West,Proposal,25926.78,2025-12-28,2026-03-03,Pipeline
OPP-01462,Acct-0136,R012,East,Qualification,17254.14,2025-10-15,2026-02-01,Best Case
OPP-01463,Acct-0092,R011,East,Closed Lost,153891.37,2025-05-16,2025-09-13,Omitted
OPP-01464,Acct-0082,R009,East,Negotiation,12105.68,2024-04-28,2024-07-02,Best Case
OPP-01465,Acct-0154,R011,East,Prospecting,75377.49,2026-03-03,2026-07-24,Best Case
OPP-01466,Acct-0144,R007,Central,Closed Won,9962.32,2024-08-08,2024-12-10,Commit
OPP-01467,Acct-0067,R006,Central,Qualification,16938.21,2025-03-28,2025-08-03,Best Case
OPP-01468,Acct-0105,R001,West,Qualification,45875.3,2024-02-16,2024-05-24,Best Case
OPP-01469,Acct-0157,R004,West,Negotiation,14064.31,2025-10-02,2025-11-19,Commit
OPP-01470,Acct-0086,R006,Central,Prospecting,92491.73,2024-01-22,2024-05-18,Pipeline
OPP-01471,Acct-0138,R006,Central,Closed Won,34086.95,2025-06-15,2025-08-27,Commit
OPP-01472,Acct-0042,R004,West,Closed Lost,63813.25,2026-01-05,2026-03-24,Omitted
OPP-01473,Acct-0135,R006,Central,Proposal,5184.52,2024-01-14,2024-02-12,Pipeline
OPP-01474,Acct-0032,R002,West,Negotiation,51594.31,2024-02-04,2024-05-03,Commit
OPP-01475,Acct-0107,R007,Central,Closed Won,18250.18,2024-03-16,2024-08-12,Commit
OPP-01476,Acct-0151,R001,West,Prospecting,97779.25,2024-06-04,2024-07-18,Commit
OPP-01477,Acct-0006,R007,Central,Qualification,34106.84,2024-11-27,2025-04-04,Commit
OPP-01478,Acct-0097,R005,Central,Qualification,14415.04,2025-11-02,2026-04-18,Best Case
OPP-01479,Acct-0180,R005,Central,Proposal,13064.5,2024-10-12,2025-03-04,Best Case
OPP-01480,Acct-0007,R009,East,Negotiation,111420.57,2025-04-08,2025-06-24,Commit
OPP-01481,Acct-0037,R007,Central,Closed Won,23013.71,2024-04-21,2024-07-29,Commit
OPP-01482,Acct-0022,R011,East,Closed Lost,12682.93,2025-05-16,2025-11-03,Omitted
OPP-01483,Acct-0127,R003,West,Proposal,80435.66,2025-08-03,2025-10-21,Pipeline
OPP-01484,Acct-0145,R005,Central,Proposal,253058.0,2024-02-07,2024-05-19,Commit
OPP-01485,Acct-0167,R010,East,Proposal,183137.72,2025-07-12,2025-12-06,Best Case
OPP-01486,Acct-0109,R004,West,Proposal,52268.18,2026-01-27,2026-03-08,Pipeline
OPP-01487,Acct-0010,R012,East,Prospecting,27862.65,2024-07-21,2024-11-30,Pipeline
OPP-01488,Acct-0103,R007,Central,Negotiation,40527.71,2024-05-23,2024-10-30,Best Case
OPP-01489,Acct-0083,R001,West,Qualification,23361.7,2025-11-23,2026-02-20,Commit
OPP-01490,Acct-0053,R010,East,Closed Lost,30276.4,2024-10-24,2025-03-26,Omitted
OPP-01491,Acct-0085,R010,East,Closed Lost,16274.73,2025-04-28,2025-09-13,Omitted
OPP-01492,Acct-0082,R012,East,Closed Won,50476.02,2025-06-20,2025-11-08,Commit
OPP-01493,Acct-0016,R007,Central,Qualification,16116.32,2025-04-14,2025-07-27,Pipeline
OPP-01494,Acct-0161,R010,East,Proposal,11889.23,2025-07-26,2025-10-11,Best Case
OPP-01495,Acct-0079,R001,West,Closed Lost,3859.51,2025-03-12,2025-08-28,Omitted
OPP-01496,Acct-0152,R006,Central,Closed Won,22017.57,2025-07-08,2025-09-17,Commit
OPP-01497,Acct-0134,R003,West,Prospecting,15790.71,2025-07-31,2025-09-15,Pipeline
OPP-01498,Acct-0158,R010,East,Closed Won,17572.69,2025-08-29,2026-02-19,Commit
OPP-01499,Acct-0043,R011,East,Closed Lost,15860.4,2025-09-21,2025-11-17,Omitted
OPP-01500,Acct-0113,R008,Central,Closed Lost,1955.63,2024-02-23,2024-04-18,Omitted
OPP-01501,Acct-0101,R007,Central,Closed Won,15766.77,2024-04-30,2024-07-20,Commit
OPP-01502,Acct-0021,R007,Central,Closed Won,44077.01,2025-06-18,2025-09-27,Commit
OPP-01503,Acct-0126,R010,East,Closed Lost,160239.11,2025-03-23,2025-09-02,Omitted
OPP-01504,Acct-0007,R012,East,Closed Won,51399.25,2025-03-21,2025-07-08,Commit
OPP-01505,Acct-0144,R006,Central,Closed Lost,50979.09,2025-03-10,2025-05-23,Omitted
OPP-01506,Acct-0093,R004,West,Proposal,3775.16,2024-01-11,2024-03-21,Best Case
OPP-01507,Acct-0004,R009,East,Qualification,32799.16,2025-01-12,2025-04-06,Commit
OPP-01508,Acct-0065,R010,East,Qualification,50733.5,2025-02-11,2025-03-14,Commit
OPP-01509,Acct-0010,R005,Central,Closed Won,26148.8,2025-10-25,2026-04-02,Commit
OPP-01510,Acct-0022,R006,Central,Prospecting,55207.76,2026-01-23,2026-03-29,Pipeline
OPP-01511,Acct-0025,R007,Central,Closed Won,9361.44,2025-12-28,2026-02-01,Commit
OPP-01512,Acct-0173,R009,East,Qualification,130399.83,2026-01-25,2026-02-18,Best Case
OPP-01513,Acct-0171,R006,Central,Closed Lost,46220.74,2024-01-15,2024-05-17,Omitted
OPP-01514,Acct-0045,R011,East,Prospecting,3691.96,2024-05-31,2024-08-27,Pipeline
OPP-01515,Acct-0001,R008,Central,Prospecting,46087.98,2025-02-23,2025-04-28,Commit
OPP-01516,Acct-0119,R005,Central,Qualification,18956.99,2025-08-04,2025-09-15,Commit
OPP-01517,Acct-0056,R002,West,Prospecting,8208.55,2024-01-21,2024-03-24,Pipeline
OPP-01518,Acct-0034,R011,East,Proposal,2431.93,2025-10-19,2025-12-26,Commit
OPP-01519,Acct-0106,R005,Central,Prospecting,39607.48,2024-05-23,2024-11-03,Best Case
OPP-01520,Acct-0113,R004,West,Closed Won,17360.18,2024-10-29,2025-01-23,Commit
OPP-01521,Acct-0162,R005,Central,Prospecting,18931.43,2026-03-01,2026-08-01,Best Case
OPP-01522,Acct-0166,R011,East,Closed Won,18361.19,2024-08-03,2024-12-12,Commit
OPP-01523,Acct-0069,R011,East,Closed Won,5979.47,2025-05-30,2025-11-07,Commit
OPP-01524,Acct-0133,R002,West,Negotiation,15194.14,2024-09-24,2024-10-22,Pipeline
OPP-01525,Acct-0097,R011,East,Closed Won,25038.14,2024-11-26,2025-03-21,Commit
OPP-01526,Acct-0122,R011,East,Negotiation,124220.07,2024-01-09,2024-03-09,Best Case
OPP-01527,Acct-0120,R006,Central,Proposal,57838.35,2025-01-01,2025-04-09,Pipeline
OPP-01528,Acct-0063,R009,East,Qualification,22957.78,2025-03-21,2025-07-21,Best Case
OPP-01529,Acct-0060,R005,Central,Closed Won,36358.98,2025-02-14,2025-05-21,Commit
OPP-01530,Acct-0008,R009,East,Prospecting,23003.48,2025-08-14,2025-12-14,Commit
OPP-01531,Acct-0080,R003,West,Negotiation,42061.93,2024-12-07,2025-01-09,Pipeline
OPP-01532,Acct-0045,R003,West,Closed Won,24925.01,2024-01-01,2024-02-27,Commit
OPP-01533,Acct-0002,R005,Central,Proposal,18861.43,2024-06-06,2024-11-15,Best Case
OPP-01534,Acct-0172,R008,Central,Qualification,6821.28,2025-02-07,2025-04-22,Best Case
OPP-01535,Acct-0082,R007,Central,Closed Won,103135.5,2024-04-08,2024-08-05,Commit
OPP-01536,Acct-0101,R003,West,Proposal,18538.49,2025-11-21,2026-03-29,Commit
OPP-01537,Acct-0156,R009,East,Prospecting,25095.95,2025-08-23,2025-09-18,Pipeline
OPP-01538,Acct-0102,R003,West,Closed Won,19809.63,2024-01-02,2024-06-26,Commit
OPP-01539,Acct-0024,R002,West,Closed Won,13519.02,2024-08-04,2024-11-09,Commit
OPP-01540,Acct-0124,R006,Central,Proposal,15032.97,2024-11-14,2025-03-13,Commit
OPP-01541,Acct-0089,R001,West,Qualification,19426.61,2024-04-18,2024-09-04,Pipeline
OPP-01542,Acct-0033,R011,East,Closed Won,40300.07,2024-01-13,2024-03-14,Commit
OPP-01543,Acct-0109,R010,East,Negotiation,55275.88,2025-03-08,2025-04-10,Best Case
OPP-01544,Acct-0086,R005,Central,Closed Won,95392.35,2026-03-10,2026-07-29,Commit
OPP-01545,Acct-0173,R009,East,Closed Lost,12962.97,2025-03-10,2025-08-13,Omitted
OPP-01546,Acct-0013,R002,West,Qualification,31999.48,2025-09-21,2026-02-04,Best Case
OPP-01547,Acct-0176,R008,Central,Qualification,8562.38,2025-01-10,2025-02-11,Commit
OPP-01548,Acct-0046,R006,Central,Qualification,18834.71,2024-01-25,2024-07-01,Best Case
OPP-01549,Acct-0029,R005,Central,Proposal,8928.36,2025-10-13,2025-11-11,Commit
OPP-01550,Acct-0025,R006,Central,Closed Won,29142.67,2024-06-28,2024-08-08,Commit
OPP-01551,Acct-0177,R003,West,Closed Won,38589.7,2024-10-08,2025-01-24,Commit
OPP-01552,Acct-0084,R010,East,Qualification,57185.61,2025-04-14,2025-05-14,Pipeline
OPP-01553,Acct-0021,R006,Central,Prospecting,49578.64,2024-04-13,2024-08-08,Commit
OPP-01554,Acct-0066,R006,Central,Closed Lost,52389.54,2024-01-23,2024-03-30,Omitted
OPP-01555,Acct-0078,R012,East,Closed Won,23949.04,2024-07-15,2024-12-28,Commit
OPP-01556,Acct-0147,R010,East,Negotiation,55449.79,2026-03-29,2026-04-30,Best Case
OPP-01557,Acct-0129,R008,Central,Qualification,67991.01,2025-12-06,2026-02-11,Best Case
OPP-01558,Acct-0105,R011,East,Prospecting,22223.68,2024-10-18,2025-01-15,Pipeline
OPP-01559,Acct-0163,R004,West,Prospecting,23109.39,2024-09-30,2025-02-15,Commit
OPP-01560,Acct-0074,R006,Central,Prospecting,6247.55,2024-08-14,2024-09-19,Commit
OPP-01561,Acct-0139,R012,East,Closed Won,91590.92,2025-10-12,2026-04-02,Commit
OPP-01562,Acct-0039,R007,Central,Proposal,30806.66,2024-11-23,2025-03-11,Best Case
OPP-01563,Acct-0104,R008,Central,Closed Lost,26812.29,2024-06-23,2024-10-20,Omitted
OPP-01564,Acct-0022,R001,West,Closed Won,30318.08,2025-05-13,2025-10-23,Commit
OPP-01565,Acct-0173,R004,West,Closed Won,28728.59,2026-02-07,2026-05-18,Commit
OPP-01566,Acct-0107,R008,Central,Prospecting,33906.45,2024-12-26,2025-06-08,Best Case
OPP-01567,Acct-0034,R001,West,Closed Won,7305.11,2024-08-28,2024-12-22,Commit
OPP-01568,Acct-0105,R007,Central,Negotiation,30729.62,2024-06-11,2024-10-11,Commit
OPP-01569,Acct-0028,R006,Central,Closed Won,19629.17,2024-11-23,2025-03-15,Commit
OPP-01570,Acct-0127,R011,East,Closed Lost,14678.33,2025-02-05,2025-04-23,Omitted
OPP-01571,Acct-0119,R008,Central,Qualification,70319.52,2024-01-04,2024-06-08,Best Case
OPP-01572,Acct-0106,R011,East,Qualification,74589.87,2025-10-30,2026-03-06,Best Case
OPP-01573,Acct-0154,R004,West,Closed Won,33291.81,2025-09-26,2026-02-21,Commit
OPP-01574,Acct-0161,R010,East,Closed Won,74535.37,2024-09-12,2024-11-13,Commit
OPP-01575,Acct-0050,R008,Central,Closed Won,56651.36,2025-02-02,2025-07-13,Commit
OPP-01576,Acct-0034,R003,West,Proposal,42308.74,2025-04-28,2025-07-08,Best Case
OPP-01577,Acct-0119,R005,Central,Prospecting,22044.62,2025-03-30,2025-06-19,Pipeline
OPP-01578,Acct-0009,R009,East,Closed Won,6520.91,2024-03-12,2024-04-02,Commit
OPP-01579,Acct-0156,R011,East,Closed Won,22629.38,2026-01-03,2026-06-09,Commit
OPP-01580,Acct-0102,R011,East,Closed Lost,48560.53,2026-01-13,2026-02-17,Omitted
OPP-01581,Acct-0032,R012,East,Closed Won,12779.37,2025-06-07,2025-10-17,Commit
OPP-01582,Acct-0044,R002,West,Qualification,3300.59,2026-02-10,2026-03-30,Commit
OPP-01583,Acct-0178,R006,Central,Proposal,47939.29,2024-04-09,2024-07-22,Commit
OPP-01584,Acct-0076,R002,West,Proposal,99144.25,2026-02-14,2026-05-11,Best Case
OPP-01585,Acct-0010,R012,East,Proposal,117810.91,2025-08-04,2025-11-02,Commit
OPP-01586,Acct-0075,R003,West,Qualification,17688.29,2025-01-14,2025-06-27,Best Case
OPP-01587,Acct-0076,R005,Central,Closed Lost,6367.49,2025-05-01,2025-09-10,Omitted
OPP-01588,Acct-0164,R003,West,Closed Won,38288.83,2024-10-26,2025-02-21,Commit
OPP-01589,Acct-0094,R004,West,Prospecting,14204.61,2025-08-21,2025-09-13,Best Case
OPP-01590,Acct-0089,R012,East,Negotiation,87820.72,2025-05-03,2025-10-28,Pipeline
OPP-01591,Acct-0166,R011,East,Qualification,59513.63,2025-01-18,2025-05-14,Best Case
OPP-01592,Acct-0017,R003,West,Closed Lost,25496.53,2025-01-23,2025-02-15,Omitted
OPP-01593,Acct-0051,R006,Central,Qualification,15783.03,2025-09-15,2025-11-04,Commit
OPP-01594,Acct-0052,R006,Central,Negotiation,36190.62,2024-01-13,2024-06-15,Pipeline
OPP-01595,Acct-0070,R006,Central,Closed Won,22608.54,2024-12-03,2025-05-01,Commit
OPP-01596,Acct-0146,R009,East,Closed Lost,85618.39,2024-03-22,2024-04-25,Omitted
OPP-01597,Acct-0177,R009,East,Qualification,6339.81,2025-12-07,2026-02-27,Pipeline
OPP-01598,Acct-0134,R012,East,Proposal,29387.3,2024-07-13,2024-08-18,Pipeline
OPP-01599,Acct-0026,R005,Central,Prospecting,9748.31,2025-08-18,2026-01-07,Best Case
OPP-01600,Acct-0051,R009,East,Closed Lost,7604.19,2025-03-28,2025-05-08,Omitted
OPP-01601,Acct-0111,R002,West,Negotiation,11405.28,2025-08-05,2025-08-27,Commit
OPP-01602,Acct-0001,R002,West,Closed Won,20998.21,2025-08-26,2026-02-19,Commit
OPP-01603,Acct-0124,R005,Central,Closed Won,36622.39,2024-06-29,2024-10-11,Commit
OPP-01604,Acct-0071,R009,East,Qualification,36492.03,2025-06-28,2025-09-19,Best Case
OPP-01605,Acct-0002,R011,East,Negotiation,15879.95,2026-02-13,2026-04-20,Best Case
OPP-01606,Acct-0173,R006,Central,Closed Lost,27701.37,2024-07-02,2024-08-07,Omitted
OPP-01607,Acct-0050,R005,Central,Prospecting,62947.02,2025-12-04,2026-05-10,Pipeline
OPP-01608,Acct-0027,R002,West,Closed Won,11061.92,2024-11-23,2025-04-27,Commit
OPP-01609,Acct-0050,R011,East,Proposal,39902.54,2024-06-07,2024-09-17,Pipeline
OPP-01610,Acct-0122,R007,Central,Closed Won,108596.21,2024-06-09,2024-09-20,Commit
OPP-01611,Acct-0078,R011,East,Negotiation,16831.14,2024-08-22,2024-11-17,Best Case
OPP-01612,Acct-0079,R006,Central,Qualification,18081.2,2026-02-02,2026-05-13,Best Case
OPP-01613,Acct-0005,R007,Central,Negotiation,18077.25,2024-05-23,2024-10-06,Best Case
OPP-01614,Acct-0110,R012,East,Qualification,37656.83,2025-01-17,2025-02-12,Best Case
OPP-01615,Acct-0113,R007,Central,Proposal,30202.06,2024-08-08,2025-02-02,Commit
OPP-01616,Acct-0012,R005,Central,Prospecting,14943.63,2025-05-06,2025-10-24,Best Case
OPP-01617,Acct-0138,R011,East,Proposal,30987.6,2024-02-27,2024-06-13,Best Case
OPP-01618,Acct-0106,R006,Central,Proposal,14317.7,2026-02-06,2026-03-16,Best Case
OPP-01619,Acct-0063,R003,West,Closed Lost,37255.86,2025-07-29,2025-09-09,Omitted
OPP-01620,Acct-0006,R006,Central,Negotiation,46575.33,2025-06-27,2025-09-29,Commit
OPP-01621,Acct-0055,R003,West,Closed Won,43294.27,2025-01-04,2025-05-18,Commit
OPP-01622,Acct-0155,R003,West,Proposal,13915.72,2024-07-22,2024-10-16,Best Case
OPP-01623,Acct-0013,R012,East,Closed Lost,5696.01,2025-03-13,2025-07-12,Omitted
OPP-01624,Acct-0130,R009,East,Prospecting,89917.62,2025-08-02,2025-12-11,Pipeline
OPP-01625,Acct-0020,R006,Central,Closed Won,26133.78,2025-10-11,2025-11-17,Commit
OPP-01626,Acct-0147,R010,East,Prospecting,29773.94,2024-06-11,2024-11-09,Pipeline
OPP-01627,Acct-0039,R008,Central,Negotiation,55533.76,2024-10-10,2025-02-26,Best Case
OPP-01628,Acct-0111,R011,East,Proposal,8458.69,2025-04-09,2025-09-11,Commit
OPP-01629,Acct-0058,R001,West,Proposal,11545.28,2025-02-03,2025-02-27,Pipeline
OPP-01630,Acct-0118,R006,Central,Proposal,16661.99,2025-11-21,2026-03-04,Commit
OPP-01631,Acct-0049,R011,East,Closed Won,71633.78,2024-12-29,2025-06-14,Commit
OPP-01632,Acct-0090,R003,West,Qualification,74108.14,2026-03-09,2026-04-30,Commit
OPP-01633,Acct-0042,R002,West,Proposal,18576.81,2024-08-01,2024-10-11,Best Case
OPP-01634,Acct-0103,R007,Central,Closed Lost,53690.24,2024-02-20,2024-07-03,Omitted
OPP-01635,Acct-0149,R004,West,Qualification,9950.79,2024-04-05,2024-06-08,Commit
OPP-01636,Acct-0082,R012,East,Negotiation,13925.0,2025-05-15,2025-11-05,Best Case
OPP-01637,Acct-0002,R007,Central,Qualification,20119.66,2024-04-24,2024-09-07,Pipeline
OPP-01638,Acct-0017,R007,Central,Closed Won,9135.31,2024-12-29,2025-04-20,Commit
OPP-01639,Acct-0165,R007,Central,Closed Lost,36480.56,2025-12-19,2026-01-29,Omitted
OPP-01640,Acct-0153,R007,Central,Closed Lost,27818.07,2025-04-26,2025-05-25,Omitted
OPP-01641,Acct-0045,R004,West,Closed Lost,39955.6,2025-02-28,2025-04-29,Omitted
OPP-01642,Acct-0128,R003,West,Closed Lost,48312.84,2024-04-22,2024-06-22,Omitted
OPP-01643,Acct-0008,R004,West,Proposal,225415.22,2024-09-28,2025-03-26,Best Case
OPP-01644,Acct-0041,R001,West,Proposal,8743.17,2025-09-04,2026-02-05,Pipeline
OPP-01645,Acct-0155,R002,West,Prospecting,2816.07,2025-07-03,2025-11-12,Pipeline
OPP-01646,Acct-0169,R011,East,Prospecting,18673.34,2024-09-20,2024-11-11,Best Case
OPP-01647,Acct-0147,R009,East,Proposal,49927.56,2025-05-04,2025-09-27,Commit
OPP-01648,Acct-0022,R004,West,Prospecting,30240.27,2024-05-26,2024-08-11,Commit
OPP-01649,Acct-0065,R012,East,Prospecting,7237.65,2024-04-17,2024-07-09,Pipeline
OPP-01650,Acct-0133,R003,West,Closed Won,9315.23,2025-04-18,2025-10-06,Commit
OPP-01651,Acct-0009,R010,East,Closed Lost,17590.52,2024-05-28,2024-11-12,Omitted
OPP-01652,Acct-0037,R012,East,Closed Lost,22326.63,2024-07-21,2024-09-25,Omitted
OPP-01653,Acct-0124,R011,East,Prospecting,46306.12,2024-11-26,2024-12-18,Commit
OPP-01654,Acct-0068,R008,Central,Closed Lost,91398.47,2024-08-07,2024-12-21,Omitted
OPP-01655,Acct-0048,R009,East,Proposal,80638.72,2025-06-10,2025-09-24,Best Case
OPP-01656,Acct-0017,R005,Central,Proposal,24967.97,2024-12-16,2025-05-17,Best Case
OPP-01657,Acct-0089,R006,Central,Proposal,48016.99,2025-12-30,2026-04-04,Pipeline
OPP-01658,Acct-0131,R005,Central,Proposal,104954.91,2025-05-31,2025-08-05,Best Case
OPP-01659,Acct-0154,R004,West,Qualification,93354.64,2024-07-22,2024-11-09,Commit
OPP-01660,Acct-0059,R003,West,Negotiation,28268.78,2025-06-29,2025-10-19,Commit
OPP-01661,Acct-0163,R012,East,Closed Lost,29033.22,2024-04-12,2024-06-13,Omitted
OPP-01662,Acct-0013,R010,East,Qualification,109609.88,2025-03-10,2025-05-20,Best Case
OPP-01663,Acct-0020,R007,Central,Qualification,84350.63,2024-05-19,2024-08-23,Pipeline
OPP-01664,Acct-0018,R005,Central,Closed Won,37348.83,2026-01-21,2026-07-16,Commit
OPP-01665,Acct-0041,R001,West,Closed Won,9228.73,2024-06-13,2024-09-03,Commit
OPP-01666,Acct-0071,R011,East,Proposal,32462.33,2024-12-24,2025-01-31,Pipeline
OPP-01667,Acct-0164,R003,West,Closed Lost,20605.0,2026-02-17,2026-05-31,Omitted
OPP-01668,Acct-0170,R002,West,Negotiation,31694.85,2025-09-04,2026-01-22,Pipeline
OPP-01669,Acct-0011,R008,Central,Qualification,24939.51,2026-02-11,2026-05-29,Best Case
OPP-01670,Acct-0178,R007,Central,Closed Won,9779.16,2025-03-12,2025-08-28,Commit
OPP-01671,Acct-0093,R008,Central,Closed Won,16747.34,2026-01-19,2026-07-12,Commit
OPP-01672,Acct-0164,R004,West,Closed Lost,127936.6,2025-03-18,2025-07-23,Omitted
OPP-01673,Acct-0131,R002,West,Closed Lost,7865.18,2024-10-09,2025-01-01,Omitted
OPP-01674,Acct-0112,R006,Central,Proposal,50205.94,2025-05-21,2025-08-05,Commit
OPP-01675,Acct-0133,R011,East,Qualification,25651.49,2025-08-02,2025-11-26,Commit
OPP-01676,Acct-0025,R011,East,Proposal,39464.62,2026-03-23,2026-05-07,Commit
OPP-01677,Acct-0101,R002,West,Closed Lost,10289.02,2025-12-27,2026-06-19,Omitted
OPP-01678,Acct-0010,R012,East,Closed Won,8841.55,2025-04-16,2025-09-29,Commit
OPP-01679,Acct-0146,R007,Central,Closed Won,65484.15,2025-11-16,2025-12-12,Commit
OPP-01680,Acct-0089,R003,West,Prospecting,281757.35,2024-09-16,2025-01-05,Commit
OPP-01681,Acct-0179,R006,Central,Closed Lost,13354.8,2024-02-18,2024-05-31,Omitted
OPP-01682,Acct-0083,R011,East,Qualification,47736.06,2026-02-28,2026-08-07,Commit
OPP-01683,Acct-0091,R012,East,Proposal,7575.85,2025-05-26,2025-07-07,Best Case
OPP-01684,Acct-0104,R010,East,Negotiation,17888.83,2026-01-09,2026-02-21,Commit
OPP-01685,Acct-0125,R006,Central,Closed Won,65160.7,2024-07-26,2024-10-21,Commit
OPP-01686,Acct-0005,R006,Central,Proposal,23144.82,2024-06-12,2024-08-14,Best Case
OPP-01687,Acct-0144,R002,West,Qualification,14878.45,2025-10-19,2026-03-31,Best Case
OPP-01688,Acct-0154,R009,East,Qualification,32792.25,2024-04-05,2024-05-18,Commit
OPP-01689,Acct-0035,R011,East,Proposal,7435.79,2025-06-29,2025-10-17,Best Case
OPP-01690,Acct-0058,R007,Central,Prospecting,62769.49,2025-08-06,2025-09-16,Best Case
OPP-01691,Acct-0058,R008,Central,Closed Won,16910.86,2024-10-07,2024-11-02,Commit
OPP-01692,Acct-0004,R012,East,Closed Lost,16189.81,2025-10-25,2026-01-08,Omitted
OPP-01693,Acct-0106,R005,Central,Qualification,65589.39,2025-07-18,2025-12-30,Pipeline
OPP-01694,Acct-0094,R003,West,Closed Lost,37612.21,2025-01-31,2025-04-27,Omitted
OPP-01695,Acct-0092,R005,Central,Proposal,1622.81,2024-08-28,2024-12-07,Commit
OPP-01696,Acct-0122,R002,West,Closed Lost,28791.36,2026-03-14,2026-08-10,Omitted
OPP-01697,Acct-0180,R009,East,Proposal,89164.32,2026-01-07,2026-04-26,Commit
OPP-01698,Acct-0118,R011,East,Closed Lost,50960.44,2024-10-02,2025-03-18,Omitted
OPP-01699,Acct-0115,R010,East,Proposal,31266.99,2024-06-24,2024-07-19,Commit
OPP-01700,Acct-0175,R009,East,Closed Won,86487.07,2025-12-24,2026-02-19,Commit
OPP-01701,Acct-0154,R006,Central,Prospecting,59008.04,2026-01-15,2026-02-11,Commit
OPP-01702,Acct-0116,R008,Central,Proposal,43087.23,2025-02-09,2025-04-25,Commit
OPP-01703,Acct-0037,R005,Central,Negotiation,40248.65,2025-08-06,2026-01-03,Best Case
OPP-01704,Acct-0092,R009,East,Closed Lost,71478.1,2025-09-16,2025-10-19,Omitted
OPP-01705,Acct-0154,R010,East,Prospecting,31904.07,2026-01-20,2026-03-30,Pipeline
OPP-01706,Acct-0180,R003,West,Closed Won,45631.86,2024-04-06,2024-08-07,Commit
OPP-01707,Acct-0025,R011,East,Proposal,16813.54,2024-05-21,2024-09-05,Pipeline
OPP-01708,Acct-0090,R005,Central,Proposal,26886.98,2025-02-15,2025-04-27,Pipeline
OPP-01709,Acct-0156,R011,East,Closed Won,9925.75,2025-06-20,2025-09-13,Commit
OPP-01710,Acct-0004,R001,West,Closed Lost,9082.93,2024-06-21,2024-07-11,Omitted
OPP-01711,Acct-0018,R001,West,Proposal,6027.55,2025-08-04,2026-01-15,Best Case
OPP-01712,Acct-0175,R003,West,Qualification,33795.64,2024-08-11,2024-11-27,Pipeline
OPP-01713,Acct-0039,R003,West,Negotiation,77049.79,2025-12-24,2026-02-27,Commit
OPP-01714,Acct-0075,R008,Central,Prospecting,5767.42,2026-03-23,2026-05-12,Best Case
OPP-01715,Acct-0155,R002,West,Proposal,9655.18,2024-04-12,2024-09-06,Pipeline
OPP-01716,Acct-0172,R003,West,Closed Lost,116308.6,2025-02-02,2025-06-16,Omitted
OPP-01717,Acct-0011,R009,East,Prospecting,17045.72,2025-05-17,2025-07-24,Best Case
OPP-01718,Acct-0134,R006,Central,Prospecting,112796.36,2025-11-06,2026-04-26,Pipeline
OPP-01719,Acct-0101,R002,West,Closed Won,14970.37,2025-08-11,2026-01-14,Commit
OPP-01720,Acct-0161,R009,East,Closed Won,18245.46,2026-02-20,2026-05-01,Commit
OPP-01721,Acct-0144,R007,Central,Proposal,18536.41,2025-05-18,2025-07-03,Best Case
OPP-01722,Acct-0011,R008,Central,Negotiation,166732.99,2025-12-16,2026-01-19,Commit
OPP-01723,Acct-0165,R004,West,Closed Lost,13070.44,2025-08-07,2026-01-12,Omitted
OPP-01724,Acct-0091,R006,Central,Closed Won,28440.5,2024-11-06,2025-03-04,Commit
OPP-01725,Acct-0175,R009,East,Prospecting,58320.8,2024-07-01,2024-11-28,Best Case
OPP-01726,Acct-0082,R012,East,Prospecting,11942.22,2024-07-09,2024-09-23,Commit
OPP-01727,Acct-0098,R002,West,Closed Won,26449.42,2025-09-19,2025-10-12,Commit
OPP-01728,Acct-0100,R004,West,Closed Lost,11674.35,2024-09-03,2024-12-16,Omitted
OPP-01729,Acct-0175,R004,West,Proposal,12914.08,2025-11-15,2026-02-09,Best Case
OPP-01730,Acct-0177,R010,East,Closed Won,66130.8,2025-10-31,2026-01-28,Commit
OPP-01731,Acct-0154,R001,West,Proposal,22366.05,2024-07-13,2024-12-04,Best Case
OPP-01732,Acct-0177,R001,West,Closed Won,15821.03,2025-04-04,2025-05-26,Commit
OPP-01733,Acct-0047,R004,West,Prospecting,13254.77,2026-03-21,2026-08-13,Pipeline
OPP-01734,Acct-0138,R009,East,Proposal,67574.85,2025-11-28,2026-03-29,Best Case
OPP-01735,Acct-0023,R005,Central,Qualification,30376.31,2024-05-02,2024-08-31,Pipeline
OPP-01736,Acct-0028,R009,East,Closed Lost,10312.33,2024-02-06,2024-06-25,Omitted
OPP-01737,Acct-0112,R002,West,Qualification,50545.39,2026-02-19,2026-03-28,Pipeline
OPP-01738,Acct-0129,R010,East,Proposal,52027.5,2026-02-26,2026-03-28,Commit
OPP-01739,Acct-0065,R004,West,Closed Won,38682.64,2024-01-15,2024-03-14,Commit
OPP-01740,Acct-0075,R003,West,Proposal,7340.93,2025-02-04,2025-06-01,Pipeline
OPP-01741,Acct-0113,R009,East,Prospecting,14681.51,2025-11-04,2026-03-16,Pipeline
OPP-01742,Acct-0082,R002,West,Closed Lost,33536.52,2024-06-13,2024-08-08,Omitted
OPP-01743,Acct-0044,R001,West,Prospecting,6679.93,2024-01-18,2024-07-14,Commit
OPP-01744,Acct-0098,R012,East,Closed Lost,21297.16,2024-04-16,2024-07-04,Omitted
OPP-01745,Acct-0010,R001,West,Negotiation,218384.17,2024-05-02,2024-07-18,Commit
OPP-01746,Acct-0158,R010,East,Negotiation,24712.58,2025-01-30,2025-05-02,Commit
OPP-01747,Acct-0163,R007,Central,Proposal,90020.26,2025-09-19,2025-12-12,Best Case
OPP-01748,Acct-0074,R008,Central,Proposal,83079.52,2025-01-03,2025-03-21,Pipeline
OPP-01749,Acct-0006,R011,East,Closed Won,86598.32,2024-09-20,2024-11-20,Commit
OPP-01750,Acct-0103,R007,Central,Closed Won,9722.54,2025-12-28,2026-06-04,Commit
OPP-01751,Acct-0100,R003,West,Closed Lost,21826.81,2026-01-21,2026-06-05,Omitted
OPP-01752,Acct-0063,R008,Central,Proposal,17207.62,2026-01-10,2026-06-14,Pipeline
OPP-01753,Acct-0119,R004,West,Closed Won,204990.38,2026-01-16,2026-07-13,Commit
OPP-01754,Acct-0037,R009,East,Closed Lost,55344.19,2024-11-10,2025-01-23,Omitted
OPP-01755,Acct-0014,R008,Central,Prospecting,37644.44,2026-03-04,2026-08-30,Best Case
OPP-01756,Acct-0047,R004,West,Qualification,29573.84,2025-01-28,2025-06-29,Best Case
OPP-01757,Acct-0175,R008,Central,Prospecting,9436.42,2024-06-25,2024-09-22,Commit
OPP-01758,Acct-0106,R010,East,Closed Won,44944.56,2026-03-31,2026-06-09,Commit
OPP-01759,Acct-0157,R006,Central,Proposal,51717.63,2025-05-13,2025-08-21,Commit
OPP-01760,Acct-0006,R009,East,Closed Won,161526.37,2026-03-16,2026-04-21,Commit
OPP-01761,Acct-0052,R001,West,Closed Lost,63153.82,2024-04-02,2024-07-11,Omitted
OPP-01762,Acct-0087,R012,East,Qualification,2612.97,2025-08-20,2026-01-01,Best Case
OPP-01763,Acct-0107,R012,East,Qualification,5785.39,2024-06-12,2024-08-09,Pipeline
OPP-01764,Acct-0180,R002,West,Negotiation,33422.3,2025-07-19,2026-01-15,Best Case
OPP-01765,Acct-0035,R005,Central,Closed Won,36188.21,2025-03-31,2025-05-14,Commit
OPP-01766,Acct-0150,R007,Central,Proposal,23079.61,2025-08-23,2025-12-13,Best Case
OPP-01767,Acct-0018,R010,East,Qualification,132149.12,2024-12-13,2025-01-23,Best Case
OPP-01768,Acct-0051,R003,West,Prospecting,16171.83,2024-06-02,2024-07-20,Commit
OPP-01769,Acct-0160,R011,East,Proposal,5320.33,2026-03-29,2026-08-22,Pipeline
OPP-01770,Acct-0082,R010,East,Proposal,13895.85,2025-06-16,2025-07-12,Best Case
OPP-01771,Acct-0011,R003,West,Prospecting,15038.54,2025-04-04,2025-08-12,Best Case
OPP-01772,Acct-0009,R005,Central,Closed Won,56393.12,2024-03-23,2024-07-06,Commit
OPP-01773,Acct-0100,R003,West,Closed Lost,31668.74,2024-07-23,2024-12-10,Omitted
OPP-01774,Acct-0105,R001,West,Closed Won,15250.83,2025-01-10,2025-06-10,Commit
OPP-01775,Acct-0172,R012,East,Proposal,31515.05,2024-09-30,2024-11-10,Best Case
OPP-01776,Acct-0061,R002,West,Closed Won,16609.39,2024-03-07,2024-05-05,Commit
OPP-01777,Acct-0085,R002,West,Closed Lost,33354.21,2025-10-03,2026-02-17,Omitted
OPP-01778,Acct-0024,R011,East,Prospecting,3741.36,2024-07-23,2024-09-01,Pipeline
OPP-01779,Acct-0051,R012,East,Closed Lost,10347.13,2025-06-26,2025-09-03,Omitted
OPP-01780,Acct-0114,R012,East,Closed Lost,32861.13,2024-10-21,2025-04-10,Omitted
OPP-01781,Acct-0048,R003,West,Negotiation,31059.87,2024-05-06,2024-06-14,Pipeline
OPP-01782,Acct-0106,R006,Central,Closed Won,13433.47,2025-08-29,2025-12-02,Commit
OPP-01783,Acct-0002,R009,East,Closed Won,15051.93,2024-12-19,2025-03-10,Commit
OPP-01784,Acct-0017,R011,East,Closed Lost,39909.09,2024-06-14,2024-07-20,Omitted
OPP-01785,Acct-0115,R008,Central,Proposal,69283.83,2025-03-16,2025-04-25,Commit
OPP-01786,Acct-0175,R001,West,Closed Lost,39945.95,2026-02-28,2026-06-20,Omitted
OPP-01787,Acct-0123,R010,East,Closed Won,10842.55,2024-11-22,2025-04-06,Commit
OPP-01788,Acct-0151,R006,Central,Negotiation,48649.99,2026-02-01,2026-04-10,Pipeline
OPP-01789,Acct-0119,R003,West,Prospecting,17597.43,2025-04-17,2025-07-29,Best Case
OPP-01790,Acct-0162,R008,Central,Proposal,23688.5,2024-05-22,2024-08-31,Best Case
OPP-01791,Acct-0025,R003,West,Proposal,36386.08,2025-08-30,2025-11-05,Pipeline
OPP-01792,Acct-0041,R001,West,Proposal,11900.18,2024-01-23,2024-06-18,Best Case
OPP-01793,Acct-0128,R005,Central,Closed Won,57312.6,2024-07-13,2024-12-04,Commit
OPP-01794,Acct-0028,R007,Central,Proposal,77567.77,2025-11-12,2025-12-17,Best Case
OPP-01795,Acct-0127,R002,West,Closed Lost,60541.98,2024-05-24,2024-08-12,Omitted
OPP-01796,Acct-0080,R004,West,Proposal,9075.48,2024-06-11,2024-09-25,Commit
OPP-01797,Acct-0096,R011,East,Negotiation,41353.9,2025-06-26,2025-09-26,Best Case
OPP-01798,Acct-0084,R012,East,Closed Lost,7943.21,2025-03-03,2025-05-25,Omitted
OPP-01799,Acct-0088,R012,East,Qualification,62018.77,2025-05-02,2025-08-01,Commit
OPP-01800,Acct-0061,R010,East,Closed Won,94770.84,2025-12-26,2026-06-15,Commit
OPP-01801,Acct-0038,R004,West,Negotiation,25651.95,2025-06-07,2025-07-21,Best Case
OPP-01802,Acct-0116,R010,East,Proposal,29260.95,2026-01-15,2026-04-13,Pipeline
OPP-01803,Acct-0122,R007,Central,Closed Won,50078.98,2024-05-26,2024-09-16,Commit
OPP-01804,Acct-0038,R004,West,Qualification,8170.37,2025-09-27,2026-02-17,Commit
OPP-01805,Acct-0049,R005,Central,Closed Lost,25992.18,2025-07-03,2025-09-12,Omitted
OPP-01806,Acct-0073,R010,East,Negotiation,19227.53,2024-07-18,2024-12-19,Commit
OPP-01807,Acct-0053,R004,West,Closed Won,13968.97,2024-01-12,2024-04-17,Commit
OPP-01808,Acct-0161,R003,West,Qualification,22199.94,2026-03-05,2026-05-01,Best Case
OPP-01809,Acct-0071,R007,Central,Negotiation,49014.99,2024-04-20,2024-07-19,Best Case
OPP-01810,Acct-0032,R004,West,Closed Won,24684.4,2024-05-11,2024-08-21,Commit
OPP-01811,Acct-0007,R001,West,Closed Lost,30595.5,2024-11-18,2025-03-14,Omitted
OPP-01812,Acct-0073,R011,East,Proposal,19325.87,2025-09-19,2025-10-17,Commit
OPP-01813,Acct-0017,R006,Central,Negotiation,66592.9,2024-02-27,2024-04-20,Best Case
OPP-01814,Acct-0093,R002,West,Prospecting,12912.62,2025-12-31,2026-03-21,Pipeline
OPP-01815,Acct-0016,R006,Central,Proposal,15656.51,2025-05-19,2025-09-18,Commit
OPP-01816,Acct-0115,R009,East,Proposal,116387.82,2025-07-15,2025-08-26,Pipeline
OPP-01817,Acct-0175,R003,West,Prospecting,63531.67,2024-09-02,2024-10-06,Commit
OPP-01818,Acct-0057,R009,East,Prospecting,55763.25,2025-05-05,2025-06-04,Pipeline
OPP-01819,Acct-0131,R004,West,Closed Lost,17066.59,2025-10-11,2026-02-09,Omitted
OPP-01820,Acct-0052,R005,Central,Negotiation,63881.74,2025-07-17,2025-08-23,Pipeline
OPP-01821,Acct-0095,R010,East,Prospecting,11834.17,2024-12-23,2025-02-01,Commit
OPP-01822,Acct-0160,R009,East,Closed Lost,13923.81,2025-07-03,2025-07-24,Omitted
OPP-01823,Acct-0086,R005,Central,Qualification,19587.82,2024-07-25,2025-01-16,Best Case
OPP-01824,Acct-0115,R004,West,Proposal,17675.12,2024-10-19,2025-03-03,Pipeline
OPP-01825,Acct-0011,R010,East,Closed Lost,85278.45,2024-07-28,2024-10-03,Omitted
OPP-01826,Acct-0173,R007,Central,Closed Won,9161.84,2026-02-04,2026-05-11,Commit
OPP-01827,Acct-0146,R004,West,Closed Lost,57985.69,2024-02-25,2024-08-23,Omitted
OPP-01828,Acct-0126,R005,Central,Qualification,20831.64,2025-02-04,2025-07-28,Pipeline
OPP-01829,Acct-0008,R008,Central,Negotiation,56062.41,2025-09-23,2025-11-09,Pipeline
OPP-01830,Acct-0096,R010,East,Prospecting,10056.38,2025-10-23,2025-12-30,Best Case
OPP-01831,Acct-0037,R002,West,Qualification,37708.06,2024-02-05,2024-03-26,Best Case
OPP-01832,Acct-0070,R005,Central,Proposal,14639.81,2025-12-12,2026-05-23,Best Case
OPP-01833,Acct-0102,R001,West,Closed Won,23943.2,2024-06-05,2024-08-19,Commit
OPP-01834,Acct-0004,R011,East,Proposal,7637.31,2025-04-21,2025-08-24,Pipeline
OPP-01835,Acct-0070,R010,East,Closed Lost,41103.3,2024-09-30,2024-10-26,Omitted
OPP-01836,Acct-0126,R004,West,Qualification,168270.33,2025-03-21,2025-08-31,Commit
OPP-01837,Acct-0117,R004,West,Closed Won,45470.79,2024-03-31,2024-09-20,Commit
OPP-01838,Acct-0038,R008,Central,Negotiation,3666.49,2026-01-13,2026-06-23,Commit
OPP-01839,Acct-0089,R006,Central,Closed Won,20203.79,2025-02-15,2025-06-10,Commit
OPP-01840,Acct-0093,R005,Central,Qualification,299819.9,2025-11-22,2026-04-29,Best Case
OPP-01841,Acct-0139,R007,Central,Prospecting,17294.22,2025-01-02,2025-05-21,Best Case
OPP-01842,Acct-0088,R011,East,Qualification,6437.41,2025-10-02,2025-11-28,Commit
OPP-01843,Acct-0011,R009,East,Closed Won,10868.13,2024-04-24,2024-09-19,Commit
OPP-01844,Acct-0030,R009,East,Prospecting,36472.61,2024-08-20,2024-12-03,Best Case
OPP-01845,Acct-0101,R006,Central,Closed Won,74252.72,2025-02-08,2025-07-11,Commit
OPP-01846,Acct-0165,R004,West,Negotiation,92550.68,2024-04-18,2024-07-04,Commit
OPP-01847,Acct-0028,R008,Central,Qualification,90570.77,2026-01-03,2026-01-23,Commit
OPP-01848,Acct-0025,R008,Central,Qualification,13750.3,2024-08-02,2025-01-07,Commit
OPP-01849,Acct-0116,R004,West,Prospecting,3081.13,2024-03-14,2024-04-20,Best Case
OPP-01850,Acct-0088,R002,West,Proposal,18610.84,2025-12-15,2026-06-05,Best Case
OPP-01851,Acct-0011,R007,Central,Proposal,12140.73,2025-05-04,2025-10-28,Commit
OPP-01852,Acct-0122,R011,East,Negotiation,9291.57,2024-02-01,2024-04-26,Commit
OPP-01853,Acct-0176,R007,Central,Closed Won,55356.09,2025-08-24,2026-02-18,Commit
OPP-01854,Acct-0022,R008,Central,Closed Lost,41689.17,2024-09-15,2025-02-21,Omitted
OPP-01855,Acct-0009,R004,West,Closed Won,20357.47,2024-09-04,2025-02-25,Commit
OPP-01856,Acct-0173,R006,Central,Proposal,12803.68,2024-01-11,2024-03-03,Commit
OPP-01857,Acct-0145,R001,West,Closed Lost,22644.86,2025-04-19,2025-07-18,Omitted
OPP-01858,Acct-0179,R007,Central,Closed Won,32851.15,2024-09-16,2025-03-04,Commit
OPP-01859,Acct-0154,R009,East,Negotiation,64793.43,2024-06-15,2024-07-15,Best Case
OPP-01860,Acct-0168,R006,Central,Proposal,7618.2,2024-09-12,2024-10-03,Best Case
OPP-01861,Acct-0114,R003,West,Closed Won,12344.53,2025-05-20,2025-08-06,Commit
OPP-01862,Acct-0007,R012,East,Closed Lost,13234.78,2024-05-15,2024-11-05,Omitted
OPP-01863,Acct-0095,R008,Central,Negotiation,59709.28,2025-12-26,2026-05-29,Commit
OPP-01864,Acct-0109,R011,East,Negotiation,23623.53,2025-03-22,2025-08-31,Commit
OPP-01865,Acct-0007,R002,West,Prospecting,18636.19,2024-09-06,2024-10-31,Pipeline
OPP-01866,Acct-0143,R003,West,Prospecting,14737.29,2025-11-06,2026-04-14,Best Case
OPP-01867,Acct-0038,R005,Central,Proposal,31051.6,2024-02-10,2024-04-29,Pipeline
OPP-01868,Acct-0078,R005,Central,Prospecting,4493.36,2025-08-22,2026-01-24,Pipeline
OPP-01869,Acct-0122,R003,West,Proposal,12561.07,2024-08-06,2024-10-13,Commit
OPP-01870,Acct-0019,R008,Central,Proposal,9785.89,2025-10-10,2026-04-08,Commit
OPP-01871,Acct-0132,R003,West,Closed Won,51354.55,2026-02-17,2026-03-26,Commit
OPP-01872,Acct-0068,R002,West,Negotiation,5520.87,2025-10-02,2026-01-22,Pipeline
OPP-01873,Acct-0050,R007,Central,Prospecting,11928.27,2026-03-10,2026-07-09,Pipeline
OPP-01874,Acct-0158,R011,East,Closed Won,18873.38,2024-08-18,2024-10-09,Commit
OPP-01875,Acct-0134,R009,East,Closed Lost,67640.35,2024-06-10,2024-08-30,Omitted
OPP-01876,Acct-0022,R005,Central,Negotiation,5221.14,2025-03-03,2025-04-08,Commit
OPP-01877,Acct-0072,R012,East,Closed Lost,5848.57,2025-01-13,2025-04-14,Omitted
OPP-01878,Acct-0079,R008,Central,Closed Won,84210.81,2025-07-02,2025-12-23,Commit
OPP-01879,Acct-0144,R008,Central,Negotiation,6870.54,2025-12-05,2026-05-24,Commit
OPP-01880,Acct-0178,R011,East,Negotiation,48220.37,2025-04-25,2025-08-09,Pipeline
OPP-01881,Acct-0069,R008,Central,Closed Lost,30692.15,2024-03-05,2024-05-28,Omitted
OPP-01882,Acct-0049,R005,Central,Closed Lost,32494.5,2024-11-27,2025-02-16,Omitted
OPP-01883,Acct-0068,R006,Central,Closed Lost,13154.79,2025-11-23,2026-03-28,Omitted
OPP-01884,Acct-0076,R010,East,Proposal,77678.22,2026-03-16,2026-05-10,Commit
OPP-01885,Acct-0149,R004,West,Closed Won,16852.64,2024-11-24,2025-02-04,Commit
OPP-01886,Acct-0166,R009,East,Qualification,35221.63,2026-03-19,2026-07-03,Pipeline
OPP-01887,Acct-0088,R008,Central,Proposal,14893.44,2025-08-04,2025-12-19,Commit
OPP-01888,Acct-0049,R003,West,Qualification,17603.15,2025-02-06,2025-02-26,Pipeline
OPP-01889,Acct-0069,R005,Central,Closed Lost,32161.21,2025-08-04,2025-12-09,Omitted
OPP-01890,Acct-0100,R001,West,Closed Lost,39636.83,2024-04-20,2024-09-08,Omitted
OPP-01891,Acct-0018,R006,Central,Prospecting,12444.94,2026-03-31,2026-05-03,Pipeline
OPP-01892,Acct-0011,R005,Central,Prospecting,28633.26,2024-04-08,2024-08-14,Pipeline
OPP-01893,Acct-0111,R011,East,Negotiation,8582.87,2025-10-01,2025-12-30,Best Case
OPP-01894,Acct-0061,R004,West,Qualification,41168.39,2024-09-30,2025-03-10,Best Case
OPP-01895,Acct-0139,R003,West,Prospecting,46467.92,2024-06-24,2024-10-20,Pipeline
OPP-01896,Acct-0032,R010,East,Prospecting,7919.44,2025-09-20,2025-12-18,Best Case
OPP-01897,Acct-0057,R002,West,Qualification,22233.24,2025-09-16,2025-11-17,Pipeline
OPP-01898,Acct-0115,R005,Central,Prospecting,15013.94,2025-08-16,2026-02-05,Best Case
OPP-01899,Acct-0099,R004,West,Qualification,66606.24,2025-03-30,2025-08-10,Pipeline
OPP-01900,Acct-0083,R010,East,Closed Won,6676.83,2025-03-23,2025-08-24,Commit
OPP-01901,Acct-0037,R001,West,Negotiation,81113.3,2025-09-13,2025-11-24,Best Case
OPP-01902,Acct-0056,R012,East,Prospecting,139042.65,2024-06-21,2024-10-22,Pipeline
OPP-01903,Acct-0121,R006,Central,Proposal,7916.52,2024-08-24,2024-12-19,Commit
OPP-01904,Acct-0006,R001,West,Closed Won,35444.25,2024-03-07,2024-07-20,Commit
OPP-01905,Acct-0023,R007,Central,Negotiation,21559.36,2025-03-22,2025-08-03,Best Case
OPP-01906,Acct-0044,R007,Central,Qualification,13881.83,2024-09-23,2025-02-12,Pipeline
OPP-01907,Acct-0094,R004,West,Closed Lost,47026.95,2024-07-19,2024-08-17,Omitted
OPP-01908,Acct-0072,R001,West,Closed Won,91092.12,2024-10-27,2024-12-22,Commit
OPP-01909,Acct-0014,R003,West,Qualification,14666.81,2024-08-25,2024-10-07,Commit
OPP-01910,Acct-0051,R010,East,Closed Won,96422.14,2024-06-20,2024-09-08,Commit
OPP-01911,Acct-0095,R010,East,Closed Won,48849.54,2024-05-07,2024-09-22,Commit
OPP-01912,Acct-0044,R012,East,Qualification,28678.52,2026-03-16,2026-04-07,Best Case
OPP-01913,Acct-0043,R005,Central,Negotiation,6042.24,2024-02-28,2024-06-27,Pipeline
OPP-01914,Acct-0072,R001,West,Proposal,54491.19,2025-09-15,2026-01-07,Commit
OPP-01915,Acct-0156,R008,Central,Qualification,15313.94,2024-09-11,2024-11-11,Commit
OPP-01916,Acct-0139,R001,West,Prospecting,19908.84,2025-11-24,2026-03-25,Commit
OPP-01917,Acct-0148,R012,East,Proposal,74656.58,2025-06-16,2025-10-04,Commit
OPP-01918,Acct-0128,R012,East,Closed Won,22125.05,2025-02-21,2025-04-24,Commit
OPP-01919,Acct-0155,R003,West,Closed Won,8683.64,2025-01-11,2025-04-17,Commit
OPP-01920,Acct-0038,R007,Central,Proposal,24859.21,2024-08-08,2024-12-17,Commit
OPP-01921,Acct-0063,R008,Central,Closed Lost,160927.02,2025-10-26,2026-01-31,Omitted
OPP-01922,Acct-0120,R003,West,Prospecting,12693.12,2025-05-13,2025-09-12,Best Case
OPP-01923,Acct-0164,R006,Central,Closed Lost,24416.25,2024-02-22,2024-05-14,Omitted
OPP-01924,Acct-0154,R002,West,Qualification,7406.52,2025-01-30,2025-06-09,Pipeline
OPP-01925,Acct-0085,R005,Central,Proposal,27919.79,2025-05-05,2025-06-11,Best Case
OPP-01926,Acct-0144,R004,West,Proposal,27186.82,2024-04-13,2024-06-09,Commit
OPP-01927,Acct-0104,R005,Central,Prospecting,27993.93,2025-01-15,2025-02-10,Best Case
OPP-01928,Acct-0133,R006,Central,Closed Won,22877.34,2024-10-18,2025-02-09,Commit
OPP-01929,Acct-0171,R010,East,Prospecting,22346.15,2026-02-20,2026-07-21,Pipeline
OPP-01930,Acct-0170,R009,East,Closed Won,30026.46,2024-06-06,2024-09-30,Commit
OPP-01931,Acct-0158,R012,East,Proposal,42994.54,2024-05-25,2024-08-03,Pipeline
OPP-01932,Acct-0141,R007,Central,Qualification,23010.5,2026-03-29,2026-05-26,Best Case
OPP-01933,Acct-0043,R010,East,Qualification,13361.91,2024-03-08,2024-05-23,Best Case
OPP-01934,Acct-0096,R011,East,Negotiation,8102.42,2024-12-16,2025-06-11,Commit
OPP-01935,Acct-0171,R008,Central,Closed Lost,11543.28,2026-01-29,2026-05-13,Omitted
OPP-01936,Acct-0072,R006,Central,Negotiation,129721.46,2025-08-26,2026-01-26,Commit
OPP-01937,Acct-0085,R010,East,Closed Won,3213.37,2025-03-20,2025-08-10,Commit
OPP-01938,Acct-0038,R009,East,Proposal,4930.68,2026-03-31,2026-06-24,Pipeline
OPP-01939,Acct-0085,R009,East,Qualification,27319.64,2025-02-13,2025-06-20,Commit
OPP-01940,Acct-0015,R005,Central,Prospecting,9852.41,2025-11-09,2025-12-15,Best Case
OPP-01941,Acct-0031,R007,Central,Proposal,22498.63,2024-02-01,2024-05-16,Best Case
OPP-01942,Acct-0104,R005,Central,Qualification,85127.77,2025-02-09,2025-07-29,Pipeline
OPP-01943,Acct-0154,R007,Central,Closed Lost,11538.0,2024-06-17,2024-10-01,Omitted
OPP-01944,Acct-0001,R006,Central,Negotiation,10451.37,2024-04-04,2024-06-01,Pipeline
OPP-01945,Acct-0147,R008,Central,Qualification,13982.79,2025-12-17,2026-04-07,Commit
OPP-01946,Acct-0011,R002,West,Prospecting,66540.06,2024-02-09,2024-07-27,Pipeline
OPP-01947,Acct-0019,R010,East,Prospecting,26362.18,2024-10-25,2025-04-20,Commit
OPP-01948,Acct-0180,R010,East,Qualification,4887.35,2024-09-23,2024-11-22,Commit
OPP-01949,Acct-0171,R009,East,Prospecting,45647.2,2024-02-02,2024-06-01,Best Case
OPP-01950,Acct-0168,R003,West,Closed Won,56786.81,2025-06-05,2025-09-11,Commit
OPP-01951,Acct-0084,R012,East,Closed Won,4349.14,2026-03-24,2026-07-01,Commit
OPP-01952,Acct-0031,R004,West,Qualification,14157.22,2024-03-22,2024-04-26,Commit
OPP-01953,Acct-0177,R003,West,Prospecting,24521.12,2024-03-16,2024-06-16,Best Case
OPP-01954,Acct-0151,R006,Central,Negotiation,48914.68,2024-05-05,2024-10-13,Commit
OPP-01955,Acct-0101,R005,Central,Closed Lost,11491.21,2024-02-04,2024-05-27,Omitted
OPP-01956,Acct-0102,R004,West,Proposal,57986.07,2025-05-24,2025-10-09,Commit
OPP-01957,Acct-0081,R012,East,Closed Lost,17635.87,2026-02-02,2026-06-10,Omitted
OPP-01958,Acct-0038,R010,East,Closed Lost,13468.57,2024-04-05,2024-08-27,Omitted
OPP-01959,Acct-0047,R001,West,Closed Lost,9765.1,2024-10-11,2024-12-21,Omitted
OPP-01960,Acct-0087,R007,Central,Prospecting,8222.89,2024-12-17,2025-06-12,Best Case
OPP-01961,Acct-0136,R001,West,Prospecting,15671.12,2025-11-27,2026-04-25,Best Case
OPP-01962,Acct-0152,R007,Central,Closed Lost,36557.51,2026-01-18,2026-02-17,Omitted
OPP-01963,Acct-0081,R009,East,Qualification,21201.42,2025-09-15,2026-02-28,Pipeline
OPP-01964,Acct-0136,R010,East,Qualification,49937.95,2025-02-08,2025-05-06,Pipeline
OPP-01965,Acct-0013,R004,West,Prospecting,95526.86,2025-02-10,2025-03-02,Best Case
OPP-01966,Acct-0129,R002,West,Closed Won,4091.45,2025-07-13,2025-11-16,Commit
OPP-01967,Acct-0149,R012,East,Closed Won,36739.22,2025-09-06,2025-10-09,Commit
OPP-01968,Acct-0085,R004,West,Negotiation,38828.84,2024-08-28,2024-12-25,Commit
OPP-01969,Acct-0063,R003,West,Negotiation,6188.3,2024-03-22,2024-07-04,Commit
OPP-01970,Acct-0042,R008,Central,Prospecting,9046.04,2025-11-18,2026-02-11,Best Case
OPP-01971,Acct-0178,R007,Central,Qualification,15137.86,2024-10-22,2025-01-29,Commit
OPP-01972,Acct-0116,R009,East,Closed Won,151445.41,2024-10-03,2024-12-07,Commit
OPP-01973,Acct-0124,R006,Central,Prospecting,173318.91,2025-04-21,2025-09-18,Pipeline
OPP-01974,Acct-0100,R011,East,Negotiation,53356.33,2024-04-04,2024-07-23,Pipeline
OPP-01975,Acct-0088,R004,West,Negotiation,44165.71,2024-03-05,2024-05-05,Pipeline
OPP-01976,Acct-0088,R003,West,Negotiation,38682.42,2026-02-14,2026-06-03,Pipeline
OPP-01977,Acct-0043,R007,Central,Closed Won,15653.49,2026-03-05,2026-07-06,Commit
OPP-01978,Acct-0059,R004,West,Closed Won,25289.01,2025-12-15,2026-01-21,Commit
OPP-01979,Acct-0165,R011,East,Closed Lost,71650.55,2025-04-13,2025-08-10,Omitted
OPP-01980,Acct-0005,R006,Central,Qualification,7386.08,2024-01-04,2024-06-18,Best Case
OPP-01981,Acct-0022,R011,East,Closed Lost,39849.41,2024-01-08,2024-04-17,Omitted
OPP-01982,Acct-0122,R003,West,Closed Lost,37541.2,2024-04-29,2024-10-17,Omitted
OPP-01983,Acct-0164,R008,Central,Negotiation,37578.59,2024-05-02,2024-10-28,Pipeline
OPP-01984,Acct-0077,R006,Central,Qualification,29723.15,2024-02-09,2024-03-27,Pipeline
OPP-01985,Acct-0088,R011,East,Closed Lost,12634.73,2025-01-23,2025-03-23,Omitted
OPP-01986,Acct-0077,R007,Central,Closed Lost,85225.09,2025-05-25,2025-08-31,Omitted
OPP-01987,Acct-0135,R007,Central,Prospecting,81252.37,2025-12-29,2026-02-10,Pipeline
OPP-01988,Acct-0021,R010,East,Negotiation,19533.16,2025-08-13,2025-10-26,Commit
OPP-01989,Acct-0141,R004,West,Prospecting,7974.85,2026-02-11,2026-07-19,Pipeline
OPP-01990,Acct-0104,R010,East,Closed Lost,57480.64,2025-11-04,2026-02-08,Omitted
OPP-01991,Acct-0151,R001,West,Proposal,9953.61,2024-05-20,2024-06-26,Pipeline
OPP-01992,Acct-0028,R001,West,Prospecting,25160.45,2025-01-04,2025-05-07,Commit
OPP-01993,Acct-0027,R005,Central,Qualification,14984.24,2024-07-08,2024-12-20,Commit
OPP-01994,Acct-0175,R011,East,Closed Won,22720.79,2024-05-09,2024-07-11,Commit
OPP-01995,Acct-0049,R009,East,Qualification,17217.94,2024-10-06,2025-03-22,Commit
OPP-01996,Acct-0136,R008,Central,Negotiation,11358.67,2025-11-13,2026-03-12,Pipeline
OPP-01997,Acct-0064,R005,Central,Proposal,18765.36,2025-08-15,2025-11-16,Best Case
OPP-01998,Acct-0001,R010,East,Closed Lost,9901.28,2025-10-25,2026-04-17,Omitted
OPP-01999,Acct-0165,R002,West,Proposal,14210.31,2024-05-11,2024-10-25,Pipeline
OPP-02000,Acct-0012,R010,East,Prospecting,36474.54,2024-02-11,2024-04-30,Pipeline
OPP-02001,Acct-0029,R012,East,Prospecting,18237.13,2024-01-03,2024-03-16,Commit
OPP-02002,Acct-0166,R012,East,Prospecting,12523.72,2024-05-27,2024-07-23,Commit
OPP-02003,Acct-0071,R002,West,Closed Lost,17008.32,2025-11-06,2026-04-07,Omitted
OPP-02004,Acct-0171,R008,Central,Closed Won,51366.19,2025-02-02,2025-05-23,Commit
OPP-02005,Acct-0111,R011,East,Qualification,26276.38,2024-02-20,2024-05-14,Pipeline
OPP-02006,Acct-0074,R008,Central,Qualification,60231.66,2024-07-27,2024-11-29,Pipeline
OPP-02007,Acct-0151,R003,West,Qualification,3105.75,2025-04-29,2025-10-01,Pipeline
OPP-02008,Acct-0100,R008,Central,Proposal,40314.22,2025-12-05,2026-03-05,Best Case
OPP-02009,Acct-0038,R005,Central,Qualification,26163.88,2025-07-18,2025-12-15,Commit
OPP-02010,Acct-0133,R002,West,Qualification,20586.24,2024-04-11,2024-07-09,Commit
OPP-02011,Acct-0172,R005,Central,Closed Won,58866.02,2024-10-16,2025-01-08,Commit
OPP-02012,Acct-0136,R009,East,Closed Lost,123052.14,2024-07-06,2025-01-02,Omitted
OPP-02013,Acct-0050,R001,West,Qualification,55136.86,2024-12-15,2025-01-04,Best Case
OPP-02014,Acct-0052,R003,West,Prospecting,7571.45,2024-09-14,2024-12-12,Commit
OPP-02015,Acct-0098,R011,East,Proposal,101210.68,2025-07-31,2025-11-19,Pipeline
OPP-02016,Acct-0062,R008,Central,Closed Won,65662.67,2024-12-10,2025-03-31,Commit
OPP-02017,Acct-0120,R009,East,Proposal,30229.51,2025-02-24,2025-03-27,Pipeline
OPP-02018,Acct-0035,R007,Central,Negotiation,40560.27,2025-07-15,2025-11-24,Commit
OPP-02019,Acct-0105,R004,West,Closed Won,16625.77,2024-09-19,2024-10-11,Commit
OPP-02020,Acct-0061,R002,West,Closed Lost,199550.49,2024-08-02,2024-09-14,Omitted
OPP-02021,Acct-0122,R010,East,Prospecting,31368.9,2026-02-18,2026-05-10,Pipeline
OPP-02022,Acct-0056,R012,East,Qualification,3234.33,2026-01-16,2026-02-06,Best Case
OPP-02023,Acct-0001,R007,Central,Closed Lost,7753.51,2024-08-22,2025-02-05,Omitted
OPP-02024,Acct-0147,R007,Central,Closed Won,29851.51,2026-01-26,2026-03-11,Commit
OPP-02025,Acct-0159,R001,West,Closed Won,13874.82,2024-03-03,2024-07-16,Commit
OPP-02026,Acct-0176,R003,West,Prospecting,95141.42,2025-01-10,2025-07-09,Best Case
OPP-02027,Acct-0045,R007,Central,Qualification,25825.77,2025-01-18,2025-02-15,Commit
OPP-02028,Acct-0040,R011,East,Closed Lost,23520.67,2024-06-10,2024-08-23,Omitted
OPP-02029,Acct-0143,R007,Central,Prospecting,2891.05,2024-09-29,2025-03-01,Commit
OPP-02030,Acct-0041,R011,East,Negotiation,122514.06,2025-08-22,2025-12-04,Best Case
OPP-02031,Acct-0114,R010,East,Negotiation,252733.57,2025-03-11,2025-05-14,Commit
OPP-02032,Acct-0104,R005,Central,Proposal,248677.95,2026-03-28,2026-04-22,Pipeline
OPP-02033,Acct-0033,R005,Central,Proposal,57084.22,2025-08-18,2025-10-06,Commit
OPP-02034,Acct-0035,R001,West,Qualification,8543.38,2025-10-27,2026-04-13,Commit
OPP-02035,Acct-0131,R001,West,Negotiation,29098.32,2024-05-09,2024-07-29,Pipeline
OPP-02036,Acct-0138,R010,East,Negotiation,6462.79,2024-03-26,2024-07-10,Commit
OPP-02037,Acct-0126,R002,West,Qualification,19927.49,2024-07-01,2024-08-01,Best Case
OPP-02038,Acct-0160,R004,West,Prospecting,118965.2,2024-04-01,2024-08-31,Pipeline
OPP-02039,Acct-0043,R008,Central,Prospecting,57097.39,2026-01-25,2026-05-07,Best Case
OPP-02040,Acct-0008,R011,East,Qualification,173434.57,2026-03-04,2026-03-30,Commit
OPP-02041,Acct-0177,R002,West,Proposal,213387.65,2025-08-22,2025-10-01,Pipeline
OPP-02042,Acct-0162,R004,West,Negotiation,62343.33,2025-07-05,2025-10-28,Pipeline
OPP-02043,Acct-0075,R012,East,Closed Lost,18682.25,2024-04-27,2024-09-23,Omitted
OPP-02044,Acct-0134,R005,Central,Qualification,38783.32,2025-05-03,2025-08-04,Best Case
OPP-02045,Acct-0098,R002,West,Qualification,54411.8,2025-09-28,2025-10-28,Best Case
OPP-02046,Acct-0170,R008,Central,Prospecting,24256.61,2025-09-05,2025-10-07,Pipeline
OPP-02047,Acct-0133,R005,Central,Closed Lost,16012.41,2024-03-31,2024-07-21,Omitted
OPP-02048,Acct-0069,R005,Central,Negotiation,19244.87,2024-08-29,2025-01-01,Pipeline
OPP-02049,Acct-0148,R009,East,Qualification,11930.87,2025-01-09,2025-04-18,Pipeline
OPP-02050,Acct-0054,R007,Central,Closed Won,29273.88,2025-04-26,2025-05-29,Commit
OPP-02051,Acct-0160,R004,West,Proposal,93376.2,2025-09-24,2026-01-12,Pipeline
OPP-02052,Acct-0069,R011,East,Closed Lost,85792.19,2024-05-08,2024-06-13,Omitted
OPP-02053,Acct-0136,R001,West,Closed Lost,57225.31,2025-06-25,2025-08-15,Omitted
OPP-02054,Acct-0122,R012,East,Prospecting,34945.34,2025-10-21,2025-12-25,Commit
OPP-02055,Acct-0166,R008,Central,Closed Lost,16635.58,2026-01-05,2026-03-14,Omitted
OPP-02056,Acct-0174,R002,West,Proposal,7965.63,2024-05-24,2024-09-23,Commit
OPP-02057,Acct-0077,R005,Central,Closed Won,29570.42,2025-11-13,2026-02-19,Commit
OPP-02058,Acct-0022,R003,West,Prospecting,68602.1,2024-04-16,2024-07-24,Best Case
OPP-02059,Acct-0091,R008,Central,Closed Lost,54280.07,2025-10-08,2026-02-04,Omitted
OPP-02060,Acct-0140,R006,Central,Closed Won,22165.47,2025-11-22,2026-03-16,Commit
OPP-02061,Acct-0106,R011,East,Qualification,78296.16,2025-04-26,2025-08-20,Best Case
OPP-02062,Acct-0058,R005,Central,Closed Lost,44385.64,2025-06-27,2025-11-23,Omitted
OPP-02063,Acct-0085,R012,East,Prospecting,7191.99,2025-06-15,2025-08-19,Best Case
OPP-02064,Acct-0075,R012,East,Closed Lost,19635.12,2024-03-04,2024-06-19,Omitted
OPP-02065,Acct-0135,R011,East,Closed Won,15036.44,2026-02-22,2026-06-12,Commit
OPP-02066,Acct-0154,R005,Central,Negotiation,166839.78,2024-04-14,2024-05-27,Pipeline
OPP-02067,Acct-0051,R008,Central,Negotiation,134135.18,2025-07-11,2025-08-12,Commit
OPP-02068,Acct-0165,R004,West,Negotiation,34611.77,2024-08-09,2024-10-02,Best Case
OPP-02069,Acct-0157,R006,Central,Closed Lost,8110.97,2024-02-05,2024-03-15,Omitted
OPP-02070,Acct-0054,R009,East,Negotiation,55008.45,2024-01-09,2024-01-31,Pipeline
OPP-02071,Acct-0004,R001,West,Closed Lost,43672.34,2024-05-10,2024-10-29,Omitted
OPP-02072,Acct-0073,R004,West,Closed Won,13274.95,2025-05-24,2025-08-19,Commit
OPP-02073,Acct-0055,R010,East,Prospecting,48716.26,2024-01-04,2024-06-30,Commit
OPP-02074,Acct-0155,R007,Central,Proposal,45283.78,2024-02-29,2024-04-08,Best Case
OPP-02075,Acct-0139,R002,West,Closed Won,131575.4,2025-08-11,2025-11-12,Commit
OPP-02076,Acct-0105,R005,Central,Qualification,19845.51,2024-01-28,2024-07-16,Pipeline
OPP-02077,Acct-0071,R004,West,Qualification,37532.98,2024-03-16,2024-06-05,Best Case
OPP-02078,Acct-0134,R006,Central,Proposal,11188.6,2024-02-07,2024-05-12,Pipeline
OPP-02079,Acct-0061,R009,East,Proposal,252491.57,2025-10-07,2025-11-01,Best Case
OPP-02080,Acct-0178,R008,Central,Closed Lost,1025.72,2026-01-31,2026-03-03,Omitted
OPP-02081,Acct-0023,R002,West,Prospecting,27980.15,2025-02-03,2025-06-04,Commit
OPP-02082,Acct-0045,R001,West,Proposal,36602.41,2026-02-02,2026-04-17,Pipeline
OPP-02083,Acct-0047,R004,West,Qualification,20749.3,2025-03-16,2025-08-13,Commit
OPP-02084,Acct-0037,R007,Central,Negotiation,23204.68,2025-03-10,2025-08-20,Commit
OPP-02085,Acct-0062,R010,East,Qualification,28321.15,2026-02-06,2026-03-08,Pipeline
OPP-02086,Acct-0171,R005,Central,Closed Lost,24325.69,2024-11-01,2025-01-20,Omitted
OPP-02087,Acct-0096,R009,East,Closed Won,28985.27,2024-08-05,2024-10-23,Commit
OPP-02088,Acct-0095,R010,East,Closed Won,21067.4,2025-09-12,2025-10-14,Commit
OPP-02089,Acct-0116,R010,East,Negotiation,10452.13,2025-08-10,2025-10-15,Pipeline
OPP-02090,Acct-0161,R005,Central,Negotiation,3236.03,2025-12-24,2026-06-08,Commit
OPP-02091,Acct-0165,R007,Central,Closed Won,32205.18,2026-03-10,2026-06-13,Commit
OPP-02092,Acct-0134,R010,East,Closed Won,86858.65,2026-02-18,2026-07-04,Commit
OPP-02093,Acct-0038,R005,Central,Qualification,76153.89,2025-10-14,2026-03-28,Pipeline
OPP-02094,Acct-0050,R006,Central,Negotiation,6673.72,2024-11-13,2025-04-27,Commit
OPP-02095,Acct-0104,R003,West,Closed Lost,49524.1,2026-03-10,2026-05-05,Omitted
OPP-02096,Acct-0122,R010,East,Negotiation,84183.65,2025-12-17,2026-01-11,Commit
OPP-02097,Acct-0059,R003,West,Proposal,18821.7,2024-11-12,2025-04-24,Commit
OPP-02098,Acct-0036,R009,East,Negotiation,12123.22,2025-01-05,2025-03-28,Commit
OPP-02099,Acct-0105,R011,East,Closed Lost,302311.33,2024-10-18,2024-11-07,Omitted
OPP-02100,Acct-0008,R011,East,Prospecting,4399.24,2025-09-16,2026-01-25,Best Case
OPP-02101,Acct-0174,R009,East,Closed Won,56313.05,2026-02-20,2026-06-11,Commit
OPP-02102,Acct-0089,R003,West,Proposal,5068.1,2025-01-26,2025-07-11,Best Case
OPP-02103,Acct-0026,R007,Central,Closed Won,61983.23,2025-07-29,2025-12-19,Commit
OPP-02104,Acct-0050,R011,East,Closed Won,53700.53,2024-12-10,2025-01-29,Commit
OPP-02105,Acct-0070,R005,Central,Proposal,7227.76,2026-03-02,2026-06-09,Commit
OPP-02106,Acct-0132,R011,East,Closed Lost,3317.22,2024-01-02,2024-01-23,Omitted
OPP-02107,Acct-0129,R007,Central,Negotiation,75343.55,2024-02-26,2024-04-15,Best Case
OPP-02108,Acct-0017,R004,West,Prospecting,109046.97,2024-12-08,2025-01-03,Pipeline
OPP-02109,Acct-0083,R007,Central,Negotiation,34202.97,2024-10-27,2025-04-20,Pipeline
OPP-02110,Acct-0037,R001,West,Proposal,34986.73,2025-03-29,2025-08-01,Commit
OPP-02111,Acct-0114,R001,West,Closed Won,14776.99,2024-01-18,2024-06-12,Commit
OPP-02112,Acct-0104,R010,East,Qualification,4337.16,2025-04-04,2025-05-29,Commit
OPP-02113,Acct-0126,R007,Central,Closed Won,33754.61,2025-07-22,2025-09-03,Commit
OPP-02114,Acct-0180,R012,East,Closed Won,25213.42,2024-02-18,2024-04-19,Commit
OPP-02115,Acct-0092,R010,East,Prospecting,11469.62,2024-04-01,2024-05-24,Best Case
OPP-02116,Acct-0053,R012,East,Closed Lost,20211.8,2024-03-22,2024-08-07,Omitted
OPP-02117,Acct-0172,R003,West,Closed Won,21215.17,2025-03-08,2025-05-27,Commit
OPP-02118,Acct-0049,R006,Central,Prospecting,26492.31,2024-12-19,2025-04-14,Pipeline
OPP-02119,Acct-0013,R004,West,Proposal,101591.08,2024-11-10,2025-02-05,Commit
OPP-02120,Acct-0131,R012,East,Closed Lost,61786.71,2024-05-24,2024-09-22,Omitted
OPP-02121,Acct-0053,R001,West,Closed Lost,11339.04,2024-02-24,2024-05-14,Omitted
OPP-02122,Acct-0128,R011,East,Qualification,8421.72,2024-04-20,2024-06-15,Best Case
OPP-02123,Acct-0047,R011,East,Negotiation,112259.07,2025-05-18,2025-11-04,Commit
OPP-02124,Acct-0176,R002,West,Closed Won,20142.31,2024-12-14,2025-05-08,Commit
OPP-02125,Acct-0046,R010,East,Proposal,2604.53,2024-09-05,2024-10-24,Commit
OPP-02126,Acct-0006,R009,East,Closed Won,20156.05,2024-08-22,2025-02-04,Commit
OPP-02127,Acct-0031,R008,Central,Closed Won,43791.72,2025-03-14,2025-07-15,Commit
OPP-02128,Acct-0094,R008,Central,Proposal,25469.58,2025-06-14,2025-08-10,Pipeline
OPP-02129,Acct-0162,R001,West,Proposal,5360.72,2024-06-24,2024-08-29,Pipeline
OPP-02130,Acct-0115,R006,Central,Proposal,60515.11,2024-01-16,2024-04-30,Commit
OPP-02131,Acct-0045,R002,West,Closed Won,22634.95,2024-03-15,2024-08-15,Commit
OPP-02132,Acct-0143,R002,West,Closed Lost,7400.2,2025-04-12,2025-10-01,Omitted
OPP-02133,Acct-0074,R010,East,Negotiation,38837.88,2025-09-30,2026-03-24,Commit
OPP-02134,Acct-0154,R009,East,Closed Lost,39516.61,2025-07-09,2025-11-16,Omitted
OPP-02135,Acct-0087,R012,East,Closed Won,27338.47,2024-05-13,2024-08-17,Commit
OPP-02136,Acct-0116,R012,East,Negotiation,29392.91,2024-03-27,2024-06-27,Best Case
OPP-02137,Acct-0092,R011,East,Negotiation,19097.29,2024-02-06,2024-06-17,Pipeline
OPP-02138,Acct-0169,R003,West,Qualification,30421.04,2025-05-04,2025-07-13,Commit
OPP-02139,Acct-0017,R003,West,Prospecting,34410.39,2026-03-09,2026-04-17,Commit
OPP-02140,Acct-0139,R012,East,Closed Won,114340.95,2025-06-28,2025-11-21,Commit
OPP-02141,Acct-0082,R003,West,Closed Lost,33003.52,2025-05-24,2025-07-22,Omitted
OPP-02142,Acct-0175,R009,East,Negotiation,25910.58,2026-03-20,2026-08-23,Best Case
OPP-02143,Acct-0014,R009,East,Prospecting,54052.67,2026-03-22,2026-06-10,Best Case
OPP-02144,Acct-0010,R012,East,Qualification,16594.57,2025-12-03,2026-04-18,Commit
OPP-02145,Acct-0047,R001,West,Closed Won,3737.91,2025-01-18,2025-04-16,Commit
OPP-02146,Acct-0048,R009,East,Proposal,32201.25,2024-12-27,2025-06-21,Best Case
OPP-02147,Acct-0050,R011,East,Qualification,299964.57,2026-03-19,2026-07-17,Pipeline
OPP-02148,Acct-0137,R009,East,Closed Lost,20024.21,2024-03-22,2024-07-03,Omitted
OPP-02149,Acct-0151,R006,Central,Closed Won,82842.91,2025-08-12,2025-10-14,Commit
OPP-02150,Acct-0058,R004,West,Closed Lost,10809.13,2026-03-11,2026-07-03,Omitted
OPP-02151,Acct-0068,R009,East,Prospecting,45050.41,2024-01-27,2024-06-20,Commit
OPP-02152,Acct-0074,R007,Central,Closed Lost,29497.09,2024-11-24,2025-04-17,Omitted
OPP-02153,Acct-0020,R005,Central,Qualification,7556.64,2024-05-02,2024-09-30,Commit
OPP-02154,Acct-0086,R002,West,Closed Lost,32306.36,2024-07-22,2024-12-22,Omitted
OPP-02155,Acct-0079,R010,East,Qualification,44166.36,2025-01-07,2025-03-21,Best Case
OPP-02156,Acct-0056,R002,West,Proposal,24191.66,2024-12-01,2025-02-10,Pipeline
OPP-02157,Acct-0135,R012,East,Qualification,34017.9,2025-03-05,2025-07-24,Commit
OPP-02158,Acct-0069,R002,West,Qualification,12492.77,2024-02-16,2024-03-11,Commit
OPP-02159,Acct-0091,R003,West,Closed Won,34488.06,2026-02-27,2026-04-10,Commit
OPP-02160,Acct-0155,R003,West,Proposal,6441.61,2025-04-29,2025-10-09,Pipeline
OPP-02161,Acct-0090,R012,East,Closed Won,20321.41,2025-06-10,2025-11-11,Commit
OPP-02162,Acct-0015,R007,Central,Qualification,11637.93,2026-03-05,2026-07-12,Best Case
OPP-02163,Acct-0114,R006,Central,Closed Lost,33548.58,2026-02-11,2026-06-26,Omitted
OPP-02164,Acct-0172,R005,Central,Qualification,9781.82,2024-12-11,2025-05-10,Best Case
OPP-02165,Acct-0158,R005,Central,Negotiation,14738.09,2025-01-07,2025-04-18,Commit
OPP-02166,Acct-0002,R005,Central,Qualification,62533.29,2024-12-06,2025-01-01,Pipeline
OPP-02167,Acct-0060,R001,West,Prospecting,56508.67,2024-08-23,2025-02-09,Commit
OPP-02168,Acct-0047,R002,West,Closed Lost,20831.32,2024-07-27,2024-12-02,Omitted
OPP-02169,Acct-0099,R011,East,Prospecting,3497.08,2025-06-21,2025-12-15,Best Case
OPP-02170,Acct-0115,R010,East,Negotiation,39773.83,2025-12-07,2026-02-21,Best Case
OPP-02171,Acct-0002,R011,East,Closed Won,43426.46,2025-02-27,2025-04-26,Commit
OPP-02172,Acct-0054,R003,West,Proposal,29451.63,2024-06-20,2024-10-12,Best Case
OPP-02173,Acct-0035,R002,West,Negotiation,47574.58,2025-07-10,2025-08-26,Commit
OPP-02174,Acct-0079,R004,West,Closed Won,6206.8,2025-10-22,2025-11-12,Commit
OPP-02175,Acct-0053,R010,East,Prospecting,11632.11,2024-09-25,2025-02-17,Pipeline
OPP-02176,Acct-0133,R012,East,Negotiation,16124.63,2026-02-24,2026-07-14,Best Case
OPP-02177,Acct-0083,R012,East,Prospecting,19562.53,2024-12-24,2025-05-15,Best Case
OPP-02178,Acct-0040,R005,Central,Closed Won,15253.56,2025-05-10,2025-07-03,Commit
OPP-02179,Acct-0169,R010,East,Closed Lost,13270.59,2025-06-07,2025-10-21,Omitted
OPP-02180,Acct-0017,R009,East,Qualification,203322.22,2024-05-03,2024-09-20,Pipeline
OPP-02181,Acct-0168,R008,Central,Closed Won,3014.06,2026-01-15,2026-03-31,Commit
OPP-02182,Acct-0055,R010,East,Closed Lost,19438.23,2025-08-13,2026-01-25,Omitted
OPP-02183,Acct-0150,R012,East,Proposal,15297.02,2025-03-13,2025-06-24,Commit
OPP-02184,Acct-0168,R002,West,Closed Won,10870.5,2024-08-30,2024-10-31,Commit
OPP-02185,Acct-0143,R006,Central,Closed Won,10573.98,2025-07-07,2025-09-17,Commit
OPP-02186,Acct-0101,R005,Central,Qualification,21532.28,2025-05-19,2025-08-03,Pipeline
OPP-02187,Acct-0157,R005,Central,Qualification,8852.91,2024-09-16,2025-03-02,Best Case
OPP-02188,Acct-0048,R012,East,Closed Won,11027.26,2025-08-19,2025-12-29,Commit
OPP-02189,Acct-0126,R010,East,Qualification,24275.26,2025-05-24,2025-07-11,Pipeline
OPP-02190,Acct-0034,R012,East,Closed Lost,14245.76,2025-07-25,2025-12-24,Omitted
OPP-02191,Acct-0049,R003,West,Prospecting,11078.89,2026-01-16,2026-02-18,Commit
OPP-02192,Acct-0129,R003,West,Prospecting,24582.08,2025-12-03,2026-04-21,Commit
OPP-02193,Acct-0132,R009,East,Closed Lost,19915.61,2025-12-10,2026-04-04,Omitted
OPP-02194,Acct-0005,R006,Central,Qualification,38190.37,2024-03-03,2024-04-02,Pipeline
OPP-02195,Acct-0083,R005,Central,Closed Lost,13833.64,2024-03-24,2024-09-06,Omitted
OPP-02196,Acct-0006,R002,West,Proposal,4254.06,2024-08-03,2025-01-16,Pipeline
OPP-02197,Acct-0168,R003,West,Closed Won,35561.82,2024-07-22,2024-12-11,Commit
OPP-02198,Acct-0176,R012,East,Negotiation,120687.92,2025-04-26,2025-06-06,Pipeline
OPP-02199,Acct-0039,R010,East,Negotiation,32521.94,2025-02-11,2025-03-15,Commit
OPP-02200,Acct-0120,R012,East,Qualification,16114.52,2025-12-04,2026-04-20,Best Case
OPP-02201,Acct-0034,R011,East,Prospecting,36420.96,2025-01-26,2025-05-29,Pipeline
OPP-02202,Acct-0136,R003,West,Prospecting,32448.55,2024-05-19,2024-09-03,Commit
OPP-02203,Acct-0076,R008,Central,Closed Lost,7809.28,2026-01-17,2026-04-01,Omitted
OPP-02204,Acct-0167,R010,East,Qualification,21300.78,2024-01-14,2024-03-19,Best Case
OPP-02205,Acct-0026,R011,East,Closed Won,43326.53,2026-02-21,2026-05-24,Commit
OPP-02206,Acct-0087,R002,West,Qualification,110399.53,2025-10-02,2026-03-05,Pipeline
OPP-02207,Acct-0033,R001,West,Negotiation,19745.72,2025-09-02,2025-12-04,Best Case
OPP-02208,Acct-0098,R001,West,Closed Won,43104.69,2025-01-10,2025-04-29,Commit
OPP-02209,Acct-0005,R002,West,Closed Won,31647.07,2026-03-08,2026-08-24,Commit
OPP-02210,Acct-0141,R002,West,Qualification,24754.35,2024-07-14,2024-11-19,Best Case
OPP-02211,Acct-0067,R006,Central,Negotiation,12933.39,2024-05-13,2024-07-26,Pipeline
OPP-02212,Acct-0143,R002,West,Closed Lost,22301.36,2024-06-14,2024-11-03,Omitted
OPP-02213,Acct-0110,R008,Central,Qualification,6949.37,2025-03-29,2025-05-09,Best Case
OPP-02214,Acct-0028,R010,East,Prospecting,16640.34,2024-10-15,2025-03-19,Commit
OPP-02215,Acct-0074,R006,Central,Proposal,131564.21,2024-01-08,2024-03-24,Commit
OPP-02216,Acct-0164,R001,West,Qualification,5945.83,2025-02-19,2025-07-16,Commit
OPP-02217,Acct-0152,R008,Central,Proposal,64684.48,2024-03-07,2024-06-29,Best Case
OPP-02218,Acct-0123,R011,East,Closed Won,19376.57,2024-06-25,2024-09-16,Commit
OPP-02219,Acct-0143,R002,West,Prospecting,65478.88,2024-01-03,2024-02-20,Pipeline
OPP-02220,Acct-0106,R001,West,Closed Won,69197.43,2024-02-09,2024-04-22,Commit
OPP-02221,Acct-0109,R009,East,Qualification,24146.84,2024-04-02,2024-08-25,Pipeline
OPP-02222,Acct-0008,R009,East,Prospecting,46744.26,2024-04-19,2024-06-15,Commit
OPP-02223,Acct-0011,R012,East,Prospecting,20773.66,2024-03-27,2024-06-05,Commit
OPP-02224,Acct-0013,R007,Central,Proposal,12998.33,2024-08-22,2024-12-05,Pipeline
OPP-02225,Acct-0045,R005,Central,Proposal,28721.93,2024-11-03,2025-01-13,Best Case
OPP-02226,Acct-0110,R002,West,Closed Won,9420.8,2025-06-24,2025-10-12,Commit
OPP-02227,Acct-0104,R012,East,Proposal,6548.84,2026-03-06,2026-05-16,Commit
OPP-02228,Acct-0112,R003,West,Closed Won,85425.62,2024-09-17,2025-01-26,Commit
OPP-02229,Acct-0009,R003,West,Prospecting,35473.64,2024-05-21,2024-10-09,Pipeline
OPP-02230,Acct-0151,R001,West,Closed Lost,20728.0,2024-11-14,2025-02-26,Omitted
OPP-02231,Acct-0006,R001,West,Closed Won,40531.37,2024-05-07,2024-07-30,Commit
OPP-02232,Acct-0145,R012,East,Closed Won,35941.09,2025-07-19,2025-08-25,Commit
OPP-02233,Acct-0171,R012,East,Closed Lost,35491.87,2024-01-04,2024-04-13,Omitted
OPP-02234,Acct-0154,R012,East,Prospecting,37898.13,2025-08-26,2025-11-30,Commit
OPP-02235,Acct-0017,R008,Central,Closed Lost,17826.14,2025-05-19,2025-08-04,Omitted
OPP-02236,Acct-0143,R004,West,Proposal,24172.5,2025-02-28,2025-06-25,Commit
OPP-02237,Acct-0125,R012,East,Qualification,21533.48,2024-04-11,2024-06-08,Pipeline
OPP-02238,Acct-0083,R005,Central,Closed Lost,25491.23,2024-09-11,2024-11-29,Omitted
OPP-02239,Acct-0157,R007,Central,Qualification,51393.07,2025-08-19,2026-01-31,Pipeline
OPP-02240,Acct-0139,R008,Central,Closed Won,13248.98,2024-02-22,2024-07-22,Commit
OPP-02241,Acct-0170,R003,West,Prospecting,11306.2,2025-11-07,2025-12-04,Commit
OPP-02242,Acct-0176,R011,East,Qualification,376795.89,2024-03-26,2024-06-14,Best Case
OPP-02243,Acct-0038,R012,East,Closed Won,35352.91,2026-03-09,2026-08-25,Commit
OPP-02244,Acct-0151,R002,West,Prospecting,24643.7,2025-07-04,2025-11-29,Commit
OPP-02245,Acct-0067,R005,Central,Closed Lost,28816.4,2024-03-13,2024-08-19,Omitted
OPP-02246,Acct-0060,R005,Central,Negotiation,14832.21,2024-12-30,2025-06-01,Commit
OPP-02247,Acct-0016,R010,East,Closed Lost,86254.21,2024-01-12,2024-06-18,Omitted
OPP-02248,Acct-0049,R001,West,Qualification,7108.19,2025-04-29,2025-06-11,Pipeline
OPP-02249,Acct-0131,R007,Central,Negotiation,16017.02,2026-02-21,2026-04-03,Pipeline
OPP-02250,Acct-0130,R008,Central,Closed Won,52550.5,2025-09-06,2026-01-12,Commit
OPP-02251,Acct-0163,R003,West,Proposal,67769.81,2025-11-17,2026-04-08,Commit
OPP-02252,Acct-0149,R001,West,Qualification,32144.25,2024-04-30,2024-07-25,Pipeline
OPP-02253,Acct-0125,R007,Central,Prospecting,21537.55,2025-07-19,2025-10-10,Pipeline
OPP-02254,Acct-0097,R005,Central,Closed Won,78121.4,2024-08-17,2024-11-30,Commit
OPP-02255,Acct-0075,R006,Central,Prospecting,131710.19,2025-11-05,2026-03-06,Pipeline
OPP-02256,Acct-0097,R011,East,Prospecting,35583.09,2025-10-17,2026-01-17,Commit
OPP-02257,Acct-0017,R007,Central,Negotiation,23187.56,2025-06-07,2025-09-14,Pipeline
OPP-02258,Acct-0149,R008,Central,Prospecting,29870.24,2024-05-25,2024-07-24,Best Case
OPP-02259,Acct-0147,R004,West,Closed Won,19630.01,2024-05-08,2024-05-28,Commit
OPP-02260,Acct-0112,R004,West,Qualification,16181.54,2024-08-21,2025-02-14,Pipeline
OPP-02261,Acct-0155,R003,West,Closed Lost,22232.62,2026-02-09,2026-07-13,Omitted
OPP-02262,Acct-0105,R010,East,Prospecting,8543.72,2025-09-06,2025-11-06,Pipeline
OPP-02263,Acct-0064,R002,West,Qualification,25213.29,2024-01-01,2024-04-17,Pipeline
OPP-02264,Acct-0006,R001,West,Closed Lost,15297.73,2025-02-14,2025-05-30,Omitted
OPP-02265,Acct-0082,R003,West,Proposal,26656.16,2025-09-23,2025-11-06,Best Case
OPP-02266,Acct-0103,R011,East,Prospecting,13818.04,2024-01-29,2024-07-12,Best Case
OPP-02267,Acct-0140,R002,West,Proposal,29181.87,2025-08-31,2026-02-04,Commit
OPP-02268,Acct-0142,R011,East,Prospecting,53393.7,2024-01-03,2024-05-04,Best Case
OPP-02269,Acct-0084,R003,West,Prospecting,11045.96,2025-06-13,2025-07-29,Pipeline
OPP-02270,Acct-0158,R010,East,Qualification,20718.56,2024-09-28,2025-03-06,Best Case
OPP-02271,Acct-0159,R011,East,Negotiation,50339.56,2025-08-18,2025-12-17,Commit
OPP-02272,Acct-0088,R009,East,Proposal,78716.31,2024-11-15,2024-12-28,Best Case
OPP-02273,Acct-0035,R010,East,Qualification,11539.94,2024-04-23,2024-06-13,Commit
OPP-02274,Acct-0153,R012,East,Negotiation,8639.81,2025-03-08,2025-04-12,Pipeline
OPP-02275,Acct-0106,R009,East,Closed Won,30975.31,2025-03-07,2025-06-15,Commit
OPP-02276,Acct-0015,R012,East,Closed Won,6198.94,2024-12-01,2025-03-26,Commit
OPP-02277,Acct-0149,R007,Central,Negotiation,37583.5,2024-05-19,2024-08-23,Commit
OPP-02278,Acct-0143,R005,Central,Qualification,16128.23,2025-01-19,2025-04-19,Commit
OPP-02279,Acct-0042,R010,East,Proposal,26794.25,2026-03-19,2026-07-28,Best Case
OPP-02280,Acct-0088,R001,West,Closed Won,71110.62,2025-01-07,2025-06-01,Commit
OPP-02281,Acct-0050,R009,East,Closed Lost,44602.32,2024-11-11,2025-02-20,Omitted
OPP-02282,Acct-0034,R009,East,Closed Won,64495.96,2026-03-29,2026-07-30,Commit
OPP-02283,Acct-0162,R011,East,Qualification,17692.95,2024-02-25,2024-04-12,Best Case
OPP-02284,Acct-0076,R006,Central,Negotiation,12130.87,2024-05-01,2024-07-04,Pipeline
OPP-02285,Acct-0103,R003,West,Closed Lost,60183.45,2025-05-04,2025-09-22,Omitted
OPP-02286,Acct-0072,R003,West,Closed Won,35838.35,2024-04-16,2024-05-26,Commit
OPP-02287,Acct-0002,R012,East,Closed Lost,4059.39,2025-10-16,2026-02-12,Omitted
OPP-02288,Acct-0127,R009,East,Prospecting,24807.0,2025-02-09,2025-07-02,Commit
OPP-02289,Acct-0004,R009,East,Prospecting,54138.68,2025-09-01,2025-12-21,Best Case
OPP-02290,Acct-0109,R005,Central,Proposal,97747.58,2024-09-26,2024-11-27,Commit
OPP-02291,Acct-0059,R002,West,Qualification,13106.51,2024-07-27,2024-12-29,Best Case
OPP-02292,Acct-0099,R012,East,Closed Won,25782.36,2024-12-20,2025-06-08,Commit
OPP-02293,Acct-0068,R009,East,Prospecting,644873.43,2025-10-12,2025-12-14,Best Case
OPP-02294,Acct-0084,R009,East,Qualification,4674.39,2025-12-12,2026-03-01,Commit
OPP-02295,Acct-0120,R005,Central,Proposal,22986.98,2025-01-11,2025-04-14,Commit
OPP-02296,Acct-0159,R006,Central,Closed Won,34379.4,2026-01-18,2026-06-12,Commit
OPP-02297,Acct-0063,R012,East,Closed Won,8593.16,2026-03-03,2026-07-02,Commit
OPP-02298,Acct-0050,R011,East,Qualification,62802.2,2025-05-16,2025-07-18,Pipeline
OPP-02299,Acct-0004,R009,East,Negotiation,131199.5,2025-05-01,2025-08-19,Commit
OPP-02300,Acct-0099,R011,East,Negotiation,52945.0,2026-01-01,2026-03-11,Pipeline
OPP-02301,Acct-0069,R010,East,Closed Lost,80445.21,2025-07-12,2025-12-07,Omitted
OPP-02302,Acct-0180,R010,East,Closed Lost,19175.48,2024-11-08,2024-12-01,Omitted
OPP-02303,Acct-0130,R011,East,Closed Won,29134.9,2025-02-09,2025-06-21,Commit
OPP-02304,Acct-0066,R005,Central,Negotiation,8410.58,2024-06-25,2024-09-24,Best Case
OPP-02305,Acct-0093,R011,East,Closed Lost,14146.24,2025-06-28,2025-09-09,Omitted
OPP-02306,Acct-0004,R012,East,Prospecting,32950.4,2025-12-22,2026-06-01,Pipeline
OPP-02307,Acct-0165,R011,East,Closed Won,194479.21,2025-11-16,2026-02-26,Commit
OPP-02308,Acct-0099,R010,East,Prospecting,111997.25,2025-06-08,2025-09-01,Commit
OPP-02309,Acct-0154,R010,East,Negotiation,20378.94,2025-06-10,2025-08-08,Commit
OPP-02310,Acct-0027,R001,West,Proposal,114044.37,2025-12-20,2026-02-12,Best Case
OPP-02311,Acct-0154,R005,Central,Closed Won,39126.52,2024-08-26,2024-09-24,Commit
OPP-02312,Acct-0143,R009,East,Closed Won,21054.27,2024-10-01,2024-11-23,Commit
OPP-02313,Acct-0039,R011,East,Qualification,22860.42,2024-08-31,2025-02-12,Pipeline
OPP-02314,Acct-0054,R002,West,Closed Lost,44028.54,2025-02-05,2025-04-06,Omitted
OPP-02315,Acct-0043,R003,West,Negotiation,27552.52,2025-08-14,2026-01-23,Pipeline
OPP-02316,Acct-0131,R003,West,Prospecting,19709.87,2024-04-27,2024-05-28,Pipeline
OPP-02317,Acct-0022,R011,East,Negotiation,70052.89,2024-05-04,2024-05-26,Commit
OPP-02318,Acct-0075,R005,Central,Qualification,22071.98,2024-03-04,2024-05-23,Commit
OPP-02319,Acct-0071,R006,Central,Closed Won,34139.02,2025-06-06,2025-07-08,Commit
OPP-02320,Acct-0080,R007,Central,Closed Won,67159.45,2024-05-21,2024-07-29,Commit
OPP-02321,Acct-0001,R007,Central,Closed Lost,60807.96,2026-03-20,2026-05-04,Omitted
OPP-02322,Acct-0001,R004,West,Closed Won,109801.07,2026-02-08,2026-06-11,Commit
OPP-02323,Acct-0113,R006,Central,Closed Won,16171.99,2026-01-30,2026-07-19,Commit
OPP-02324,Acct-0024,R002,West,Proposal,9843.2,2025-02-03,2025-06-11,Best Case
OPP-02325,Acct-0024,R002,West,Prospecting,405175.41,2024-11-02,2024-12-14,Commit
OPP-02326,Acct-0103,R012,East,Closed Lost,4678.13,2025-07-08,2025-10-18,Omitted
OPP-02327,Acct-0134,R010,East,Closed Won,64805.0,2025-09-25,2026-02-12,Commit
OPP-02328,Acct-0052,R010,East,Prospecting,156035.16,2025-03-16,2025-07-21,Commit
OPP-02329,Acct-0041,R005,Central,Negotiation,13535.26,2025-08-01,2026-01-27,Best Case
OPP-02330,Acct-0143,R007,Central,Negotiation,68315.65,2025-07-06,2025-11-13,Commit
OPP-02331,Acct-0019,R009,East,Closed Lost,32612.41,2025-11-29,2026-04-22,Omitted
OPP-02332,Acct-0146,R006,Central,Prospecting,60995.26,2025-01-06,2025-05-22,Pipeline
OPP-02333,Acct-0144,R008,Central,Closed Lost,50787.64,2025-10-08,2026-03-10,Omitted
OPP-02334,Acct-0036,R003,West,Proposal,19329.92,2024-01-06,2024-06-20,Best Case
OPP-02335,Acct-0117,R002,West,Closed Won,17365.2,2024-04-30,2024-09-14,Commit
OPP-02336,Acct-0048,R005,Central,Closed Won,36541.82,2024-10-30,2025-02-25,Commit
OPP-02337,Acct-0024,R002,West,Prospecting,135468.44,2025-07-18,2025-09-13,Best Case
OPP-02338,Acct-0037,R010,East,Closed Won,22605.97,2024-09-29,2024-12-03,Commit
OPP-02339,Acct-0068,R010,East,Closed Lost,14464.68,2025-04-05,2025-05-08,Omitted
OPP-02340,Acct-0076,R012,East,Closed Won,17756.96,2025-07-20,2025-11-05,Commit
OPP-02341,Acct-0001,R006,Central,Negotiation,57497.26,2026-03-09,2026-08-05,Pipeline
OPP-02342,Acct-0013,R010,East,Qualification,62359.04,2024-01-01,2024-06-16,Pipeline
OPP-02343,Acct-0014,R002,West,Closed Won,6226.36,2024-12-16,2025-04-19,Commit
OPP-02344,Acct-0042,R008,Central,Qualification,54193.31,2025-04-26,2025-06-30,Commit
OPP-02345,Acct-0133,R009,East,Negotiation,18755.68,2025-05-12,2025-10-12,Commit
OPP-02346,Acct-0019,R003,West,Qualification,13741.32,2024-04-02,2024-05-26,Best Case
OPP-02347,Acct-0124,R007,Central,Closed Lost,69458.41,2026-03-01,2026-06-24,Omitted
OPP-02348,Acct-0030,R002,West,Prospecting,15926.53,2025-12-15,2026-01-19,Pipeline
OPP-02349,Acct-0048,R010,East,Proposal,20134.41,2025-11-03,2025-12-15,Best Case
OPP-02350,Acct-0146,R007,Central,Prospecting,2699.77,2026-03-23,2026-08-02,Pipeline
OPP-02351,Acct-0066,R003,West,Qualification,22991.85,2024-01-16,2024-02-06,Best Case
OPP-02352,Acct-0084,R012,East,Closed Won,185849.44,2025-08-10,2025-11-17,Commit
OPP-02353,Acct-0106,R012,East,Qualification,47023.74,2025-08-04,2026-01-04,Best Case
OPP-02354,Acct-0106,R010,East,Negotiation,14873.9,2024-10-12,2025-03-01,Pipeline
OPP-02355,Acct-0080,R012,East,Prospecting,53547.86,2024-05-24,2024-10-12,Pipeline
OPP-02356,Acct-0144,R009,East,Prospecting,11014.51,2024-02-16,2024-04-15,Best Case
OPP-02357,Acct-0093,R011,East,Negotiation,15900.44,2025-04-24,2025-07-28,Pipeline
OPP-02358,Acct-0136,R008,Central,Qualification,271999.65,2024-12-11,2025-02-07,Best Case
OPP-02359,Acct-0050,R001,West,Proposal,12439.13,2024-02-09,2024-06-17,Best Case
OPP-02360,Acct-0098,R010,East,Negotiation,27215.0,2024-06-30,2024-10-09,Pipeline
OPP-02361,Acct-0071,R011,East,Closed Lost,29517.48,2024-02-24,2024-07-07,Omitted
OPP-02362,Acct-0102,R012,East,Prospecting,15241.63,2024-12-26,2025-02-04,Best Case
OPP-02363,Acct-0011,R003,West,Qualification,36912.69,2024-12-07,2025-03-20,Pipeline
OPP-02364,Acct-0085,R008,Central,Closed Won,27417.71,2025-09-07,2025-10-01,Commit
OPP-02365,Acct-0163,R005,Central,Closed Won,23422.92,2025-12-04,2026-02-07,Commit
OPP-02366,Acct-0022,R001,West,Proposal,272907.77,2024-11-18,2025-02-14,Commit
OPP-02367,Acct-0016,R011,East,Qualification,9880.8,2024-11-17,2025-04-30,Best Case
OPP-02368,Acct-0029,R001,West,Qualification,13660.97,2024-02-21,2024-04-01,Best Case
OPP-02369,Acct-0113,R006,Central,Qualification,40733.73,2024-12-21,2025-06-09,Best Case
OPP-02370,Acct-0114,R011,East,Closed Lost,17323.05,2024-02-14,2024-07-09,Omitted
OPP-02371,Acct-0152,R012,East,Qualification,6543.95,2024-02-20,2024-06-09,Commit
OPP-02372,Acct-0174,R011,East,Proposal,40733.69,2024-01-10,2024-05-09,Best Case
OPP-02373,Acct-0001,R010,East,Qualification,9083.9,2024-07-27,2025-01-11,Pipeline
OPP-02374,Acct-0019,R005,Central,Proposal,21504.65,2025-12-16,2026-03-18,Pipeline
OPP-02375,Acct-0158,R009,East,Qualification,32638.95,2024-08-14,2024-11-28,Commit
OPP-02376,Acct-0146,R003,West,Closed Lost,10874.4,2024-09-06,2024-12-30,Omitted
OPP-02377,Acct-0146,R006,Central,Qualification,21367.88,2024-03-01,2024-07-03,Best Case
OPP-02378,Acct-0068,R010,East,Prospecting,29119.68,2025-01-31,2025-06-12,Best Case
OPP-02379,Acct-0050,R001,West,Closed Won,27033.14,2024-05-08,2024-07-22,Commit
OPP-02380,Acct-0001,R010,East,Closed Lost,9987.87,2025-01-18,2025-04-05,Omitted
OPP-02381,Acct-0003,R007,Central,Negotiation,7706.51,2024-06-09,2024-09-22,Best Case
OPP-02382,Acct-0101,R004,West,Qualification,13169.32,2024-11-16,2025-02-09,Pipeline
OPP-02383,Acct-0048,R003,West,Qualification,24731.67,2025-08-19,2025-09-23,Commit
OPP-02384,Acct-0085,R011,East,Closed Lost,38851.93,2026-03-19,2026-06-03,Omitted
OPP-02385,Acct-0164,R002,West,Prospecting,18513.39,2024-12-30,2025-03-22,Pipeline
OPP-02386,Acct-0023,R009,East,Negotiation,22520.7,2024-01-15,2024-03-13,Pipeline
OPP-02387,Acct-0086,R007,Central,Proposal,16309.3,2024-01-07,2024-04-08,Commit
OPP-02388,Acct-0083,R008,Central,Proposal,101597.2,2026-03-19,2026-08-25,Best Case
OPP-02389,Acct-0043,R010,East,Closed Lost,5621.81,2025-08-30,2026-01-05,Omitted
OPP-02390,Acct-0178,R007,Central,Prospecting,67584.05,2025-11-18,2026-01-22,Pipeline
OPP-02391,Acct-0007,R003,West,Proposal,20381.07,2024-09-18,2025-02-03,Best Case
OPP-02392,Acct-0141,R012,East,Negotiation,10266.16,2024-06-14,2024-08-30,Commit
OPP-02393,Acct-0170,R001,West,Qualification,2238.18,2024-04-11,2024-10-03,Commit
OPP-02394,Acct-0126,R003,West,Prospecting,100816.25,2024-05-07,2024-10-07,Commit
OPP-02395,Acct-0112,R012,East,Prospecting,21409.64,2024-04-18,2024-06-05,Commit
OPP-02396,Acct-0146,R004,West,Negotiation,15121.86,2026-01-17,2026-07-06,Best Case
OPP-02397,Acct-0013,R012,East,Proposal,43316.87,2025-06-13,2025-07-14,Commit
OPP-02398,Acct-0018,R006,Central,Closed Lost,23389.36,2025-12-17,2026-06-09,Omitted
OPP-02399,Acct-0131,R009,East,Closed Lost,32808.27,2025-08-18,2026-01-07,Omitted
OPP-02400,Acct-0014,R005,Central,Proposal,3595.0,2025-05-03,2025-07-03,Pipeline
OPP-02401,Acct-0170,R003,West,Negotiation,39471.98,2025-10-02,2025-12-19,Pipeline
OPP-02402,Acct-0034,R003,West,Prospecting,11153.38,2024-10-12,2024-12-25,Commit
OPP-02403,Acct-0051,R012,East,Closed Lost,40522.18,2025-01-03,2025-06-19,Omitted
OPP-02404,Acct-0163,R012,East,Prospecting,5726.36,2024-01-14,2024-03-06,Pipeline
OPP-02405,Acct-0034,R004,West,Closed Lost,8058.32,2024-06-01,2024-08-16,Omitted
OPP-02406,Acct-0034,R012,East,Proposal,37666.04,2025-01-16,2025-03-26,Pipeline
OPP-02407,Acct-0001,R009,East,Prospecting,20607.78,2024-09-16,2025-01-15,Pipeline
OPP-02408,Acct-0092,R011,East,Closed Lost,255286.61,2025-03-26,2025-08-09,Omitted
OPP-02409,Acct-0006,R007,Central,Closed Lost,6987.21,2024-05-15,2024-06-22,Omitted
OPP-02410,Acct-0077,R011,East,Qualification,34875.2,2025-12-03,2026-01-10,Best Case
OPP-02411,Acct-0068,R007,Central,Closed Lost,472092.59,2024-08-11,2024-09-30,Omitted
OPP-02412,Acct-0101,R004,West,Closed Lost,217156.82,2024-03-09,2024-09-03,Omitted
OPP-02413,Acct-0094,R003,West,Qualification,86501.95,2024-01-15,2024-06-11,Pipeline
OPP-02414,Acct-0099,R007,Central,Negotiation,7494.09,2025-02-06,2025-06-23,Pipeline
OPP-02415,Acct-0149,R004,West,Closed Won,27748.27,2025-01-05,2025-02-09,Commit
OPP-02416,Acct-0101,R005,Central,Closed Won,50269.17,2024-02-07,2024-06-18,Commit
OPP-02417,Acct-0089,R004,West,Closed Won,32831.45,2024-08-18,2025-01-30,Commit
OPP-02418,Acct-0099,R001,West,Proposal,32656.2,2024-07-13,2024-09-04,Pipeline
OPP-02419,Acct-0036,R003,West,Proposal,71126.62,2026-03-15,2026-07-18,Commit
OPP-02420,Acct-0174,R012,East,Proposal,58890.79,2024-09-29,2024-11-26,Pipeline
OPP-02421,Acct-0160,R009,East,Closed Lost,29819.95,2025-08-31,2026-02-25,Omitted
OPP-02422,Acct-0154,R007,Central,Qualification,15025.18,2025-12-29,2026-02-08,Commit
OPP-02423,Acct-0073,R010,East,Closed Won,17039.88,2024-12-12,2025-03-03,Commit
OPP-02424,Acct-0061,R008,Central,Closed Lost,12548.6,2024-02-28,2024-06-20,Omitted
OPP-02425,Acct-0096,R004,West,Qualification,14403.66,2025-05-26,2025-09-26,Pipeline
OPP-02426,Acct-0085,R012,East,Qualification,15591.05,2025-11-22,2026-02-18,Best Case
OPP-02427,Acct-0093,R008,Central,Proposal,86847.28,2024-10-01,2025-01-14,Pipeline
OPP-02428,Acct-0098,R004,West,Proposal,15110.84,2026-01-15,2026-07-06,Commit
OPP-02429,Acct-0003,R002,West,Proposal,13388.54,2024-01-23,2024-06-28,Commit
OPP-02430,Acct-0088,R010,East,Proposal,105918.12,2024-11-09,2025-04-08,Pipeline
OPP-02431,Acct-0102,R003,West,Closed Won,33484.69,2025-01-15,2025-07-01,Commit
OPP-02432,Acct-0095,R005,Central,Closed Lost,12894.03,2024-10-09,2024-12-02,Omitted
OPP-02433,Acct-0171,R012,East,Negotiation,13102.86,2024-05-05,2024-08-06,Pipeline
OPP-02434,Acct-0078,R005,Central,Closed Won,31934.41,2024-06-10,2024-10-14,Commit
OPP-02435,Acct-0027,R006,Central,Closed Lost,23764.27,2025-11-04,2026-03-21,Omitted
OPP-02436,Acct-0037,R011,East,Closed Lost,54546.76,2025-06-27,2025-10-16,Omitted
OPP-02437,Acct-0041,R002,West,Prospecting,51094.22,2025-07-24,2025-10-23,Best Case
OPP-02438,Acct-0118,R004,West,Proposal,73557.52,2024-06-29,2024-11-06,Commit
OPP-02439,Acct-0128,R005,Central,Qualification,340153.72,2025-05-25,2025-06-26,Pipeline
OPP-02440,Acct-0136,R004,West,Closed Won,6148.82,2025-11-23,2025-12-19,Commit
OPP-02441,Acct-0111,R007,Central,Closed Won,12439.04,2025-04-08,2025-05-31,Commit
OPP-02442,Acct-0016,R007,Central,Closed Won,22496.82,2024-01-04,2024-02-21,Commit
OPP-02443,Acct-0138,R011,East,Closed Won,157966.2,2024-12-31,2025-02-28,Commit
OPP-02444,Acct-0007,R002,West,Prospecting,72993.45,2025-06-15,2025-07-16,Pipeline
OPP-02445,Acct-0082,R003,West,Negotiation,76204.27,2024-03-08,2024-06-15,Pipeline
OPP-02446,Acct-0102,R008,Central,Closed Won,9450.9,2025-08-10,2025-09-30,Commit
OPP-02447,Acct-0032,R009,East,Closed Won,48668.65,2024-06-17,2024-07-15,Commit
OPP-02448,Acct-0007,R004,West,Proposal,11868.71,2025-06-14,2025-10-12,Pipeline
OPP-02449,Acct-0033,R010,East,Closed Won,36920.67,2025-05-11,2025-08-02,Commit
OPP-02450,Acct-0038,R012,East,Proposal,75441.91,2025-11-06,2026-01-19,Pipeline
OPP-02451,Acct-0134,R003,West,Qualification,134571.15,2024-08-20,2025-02-13,Pipeline
OPP-02452,Acct-0058,R010,East,Negotiation,8025.82,2025-04-30,2025-07-15,Best Case
OPP-02453,Acct-0024,R003,West,Qualification,21390.27,2024-02-05,2024-06-24,Best Case
OPP-02454,Acct-0031,R001,West,Negotiation,23642.22,2025-02-02,2025-07-27,Best Case
OPP-02455,Acct-0126,R009,East,Closed Won,50835.95,2024-02-09,2024-03-25,Commit
OPP-02456,Acct-0174,R002,West,Qualification,4723.42,2025-07-20,2025-10-04,Commit
OPP-02457,Acct-0068,R009,East,Closed Won,15711.86,2025-05-19,2025-09-27,Commit
OPP-02458,Acct-0034,R009,East,Closed Lost,61514.0,2024-11-28,2025-04-10,Omitted
OPP-02459,Acct-0163,R003,West,Qualification,38093.64,2024-06-14,2024-11-11,Pipeline
OPP-02460,Acct-0091,R002,West,Closed Won,96186.68,2026-01-04,2026-03-12,Commit
OPP-02461,Acct-0063,R007,Central,Prospecting,84862.07,2025-01-15,2025-02-16,Best Case
OPP-02462,Acct-0015,R011,East,Closed Won,22863.03,2024-03-09,2024-04-27,Commit
OPP-02463,Acct-0172,R005,Central,Proposal,50242.37,2024-08-29,2024-09-19,Best Case
OPP-02464,Acct-0039,R006,Central,Qualification,30662.86,2024-05-04,2024-10-14,Best Case
OPP-02465,Acct-0103,R001,West,Closed Lost,6106.73,2025-06-04,2025-09-05,Omitted
OPP-02466,Acct-0071,R004,West,Negotiation,72424.69,2025-01-30,2025-03-07,Best Case
OPP-02467,Acct-0169,R008,Central,Prospecting,14044.88,2026-03-29,2026-06-01,Commit
OPP-02468,Acct-0173,R002,West,Proposal,18089.66,2024-03-14,2024-04-22,Commit
OPP-02469,Acct-0097,R006,Central,Proposal,11858.21,2025-11-17,2025-12-30,Commit
OPP-02470,Acct-0016,R010,East,Closed Lost,34740.92,2025-05-23,2025-09-11,Omitted
OPP-02471,Acct-0035,R008,Central,Closed Won,35490.72,2025-10-29,2026-03-25,Commit
OPP-02472,Acct-0104,R012,East,Closed Won,14635.99,2026-01-03,2026-05-13,Commit
OPP-02473,Acct-0056,R008,Central,Negotiation,39449.49,2025-08-02,2026-01-02,Best Case
OPP-02474,Acct-0034,R002,West,Qualification,26153.26,2024-03-22,2024-09-12,Pipeline
OPP-02475,Acct-0137,R008,Central,Closed Won,35524.96,2024-12-13,2025-05-29,Commit
OPP-02476,Acct-0176,R010,East,Proposal,29928.49,2025-10-14,2025-12-26,Commit
OPP-02477,Acct-0162,R010,East,Closed Lost,41893.97,2024-04-28,2024-10-19,Omitted
OPP-02478,Acct-0060,R007,Central,Proposal,92936.52,2025-10-14,2026-01-27,Pipeline
OPP-02479,Acct-0125,R002,West,Qualification,7527.11,2024-12-26,2025-01-21,Best Case
OPP-02480,Acct-0002,R007,Central,Qualification,10595.67,2026-03-29,2026-06-29,Best Case
OPP-02481,Acct-0103,R012,East,Prospecting,24846.79,2025-07-11,2025-11-19,Best Case
OPP-02482,Acct-0099,R005,Central,Negotiation,175469.88,2024-04-01,2024-08-06,Pipeline
OPP-02483,Acct-0179,R006,Central,Proposal,20585.03,2024-09-07,2024-12-26,Best Case
OPP-02484,Acct-0092,R004,West,Proposal,24302.03,2025-10-12,2026-03-25,Commit
OPP-02485,Acct-0120,R003,West,Negotiation,20485.05,2024-02-20,2024-06-13,Commit
OPP-02486,Acct-0106,R012,East,Prospecting,21396.58,2025-06-25,2025-08-25,Best Case
OPP-02487,Acct-0146,R011,East,Qualification,110589.13,2025-06-21,2025-12-16,Commit
OPP-02488,Acct-0077,R006,Central,Negotiation,19433.33,2025-11-04,2026-03-15,Pipeline
OPP-02489,Acct-0079,R006,Central,Closed Won,17815.9,2025-12-27,2026-03-22,Commit
OPP-02490,Acct-0067,R010,East,Prospecting,35248.37,2024-09-07,2025-03-01,Pipeline
OPP-02491,Acct-0005,R005,Central,Negotiation,12325.19,2024-10-03,2025-02-04,Best Case
OPP-02492,Acct-0013,R009,East,Closed Won,151897.62,2024-06-24,2024-08-20,Commit
OPP-02493,Acct-0172,R010,East,Proposal,19681.81,2025-05-03,2025-07-17,Commit
OPP-02494,Acct-0041,R009,East,Closed Won,110680.21,2024-10-03,2024-11-17,Commit
OPP-02495,Acct-0012,R002,West,Closed Lost,24598.44,2024-06-26,2024-08-14,Omitted
OPP-02496,Acct-0106,R008,Central,Proposal,96798.35,2024-07-16,2024-10-17,Commit
OPP-02497,Acct-0063,R006,Central,Proposal,45899.31,2026-03-07,2026-04-28,Pipeline
OPP-02498,Acct-0038,R001,West,Prospecting,14706.26,2024-11-07,2025-03-04,Pipeline
OPP-02499,Acct-0035,R012,East,Negotiation,48078.62,2024-05-24,2024-09-12,Pipeline
OPP-02500,Acct-0153,R002,West,Qualification,62471.71,2025-02-06,2025-05-28,Commit
