opportunity_id,account_name,contact_email,owner_id,stage,amount,close_date,created_date,source,amount_parsed,close_date_parsed,created_date_parsed,stage_standardized,email_valid
OP-01419,Northgate Auto,priya.brown@gmail.com,U-1015,prospecting,"$30,500",2025-08-24,2025-05-20,Web Form,30500.0,2025-08-24,2025-05-20,Prospecting,True
OP-02055,DeltaWave Media,sofia.taylor@gmail.com,U-1014,Qualified,43228.65,2026-05-31,2026-04-14,Trade Show,43228.65,2026-05-31,2026-04-14,Qualification,True
OP-03871,Larkspur Labs,ava.nguyen@yahoo.com,U-1035,Lost,"$89,754.68",2025-04-30,2024-12-10,Web Form,89754.68,2025-04-30,2024-12-10,Closed Lost,True
OP-03151,Umbra Defense,dev.anderson@gmail.com,U-8888,Prospecting,94797.75,2024-08-09,2024-07-13,Trade Show,94797.75,2024-08-09,2024-07-13,Prospecting,True
OP-01068,,marcus.miller@example.org,U-1010,Qualification,36314.72,2026-05-05,2025-09-18,Partner Referral,36314.72,2026-05-05,2025-09-18,Qualification,True
OP-00865,Zephyr Airlines,noah.patel@gmail.com,U-1019,Discovery,"USD 63,553.80",2025-06-13,2025-01-09,Bulk Import,63553.8,2025-06-13,2025-01-09,Qualification,True
OP-01847,Vertex Capital,kara.johnson@yahoo.com,U-1009,Lost,79418.46,2025-05-11,2024-11-30,Trade Show,79418.46,2025-05-11,2024-11-30,Closed Lost,True
OP-03886,Acme Industrial,aisha.brown@gmail.com,U-1010,PROSPECTING,99424.15,2026-11-08,2026-05-08,Inbound Call,99424.15,2026-11-08,2026-05-08,Prospecting,True
OP-00129,ForgePoint Systems,lena.brown@yahoo.com,U-1004,Qualified,"$38,191.84",2024-08-05,2024-05-22,Partner Referral,38191.84,2024-08-05,2024-05-22,Qualification,True
OP-02311,Ironclad Security,nina.kim@company.com,U-1006,Prospect,"$35,231",2026-09-14,2026-02-16,Partner Referral,35231.0,2026-09-14,2026-02-16,Prospecting,True
OP-04092,,ben.brown@gmail.com,U-1037,Prospecting,76721.46,2026-06-27,2026-06-06,Inbound Call,76721.46,2026-06-27,2026-06-06,Prospecting,True
OP-00064,Xenon Robotics,zoe.wilson@company.com,U-1006,Proposal Sent,27692.94,2024-05-12,2024-02-22,Partner Referral,27692.94,2024-05-12,2024-02-22,Proposal,True
OP-03496,Ironclad Security,raj.wilson@company.com,U-1017,Proposal,132153.86,2025-01-08,2024-08-25,Trade Show,132153.86,2025-01-08,2024-08-25,Proposal,True
OP-03023,Xenon Robotics,ella.davis@example.org,U-1006,Negotiation,183250.84,2026-09-16,2026-04-26,Web Form,183250.84,2026-09-16,2026-04-26,Proposal,True
OP-03016,Ironclad Security,zoe.johnson@example.org,U-1033,Qualification,24136.16,2025-02-23,2024-11-25,Trade Show,24136.16,2025-02-23,2024-11-25,Qualification,True
OP-04294,Yellowpine Lumber,priya.johnson@outlook.com,U-1035,prospecting,128234.73,2024-09-13,2024-06-14,Partner Referral,128234.73,2024-09-13,2024-06-14,Prospecting,True
OP-00629,Keystone Energy,noah.wilson@yahoo.com,U-1000,Discovery,225516.17,2025-06-16,2025-01-16,Inbound Call,225516.17,2025-06-16,2025-01-16,Qualification,True
OP-03973,Acme Industrial,,U-1025,qualification,99796.30,2025-01-15,2024-12-05,Web Form,99796.3,2025-01-15,2024-12-05,Qualification,
OP-01845,Willow Creek Farms,ethan.brown@yahoo.com,U-1007,proposal,,2025-10-05,2025-02-10,Inbound Call,,2025-10-05,2025-02-10,Proposal,True
OP-03276,Willow Creek Farms,tom.anderson@company.com,U-1021,proposal,206449.10,2024-06-10,2024-01-12,Inbound Call,206449.1,2024-06-10,2024-01-12,Proposal,True
OP-00330,Everline Health,tom.moore@example.org,U-1033,CLOSED WON,245085.64,2026-12-24,2027-04-27,Outbound SDR,245085.64,2026-12-24,2027-04-27,Closed Won,True
OP-00889,Keystone Energy,sofia.brown@outlook.com,U-1010,ClosedWon,247366.52,2024-11-30,2024-07-10,Outbound SDR,247366.52,2024-11-30,2024-07-10,Closed Won,True
OP-04137,Everline Health,raj.taylor@company.com,U-1032,ClosedWon,42854.15,2024-08-18,2024-07-23,Bulk Import,42854.15,2024-08-18,2024-07-23,Closed Won,True
OP-03532,Keystone Energy,liam.nguyen@yahoo.com,U-1010,Qualifcation,152055.37,2026-04-16,2026-03-14,Outbound SDR,152055.37,2026-04-16,2026-03-14,Qualification,True
OP-03402,Larkspur Labs,tom.taylor@gmail.com,U-1030,Quote Sent,9465.69,2026-09-12,2026-06-28,Inbound Call,9465.69,2026-09-12,2026-06-28,Proposal,True
OP-00721,Meridian Freight,liam.lee@company.com,U-1034,Prospecting,109070.67,2025-05-10,2024-09-20,Inbound Call,109070.67,2025-05-10,2024-09-20,Prospecting,True
OP-02375,Juniper Retail,nina.davis@company.com,U-1014,Closed-Lost,8242.74,2025-07-30,2025-04-17,Trade Show,8242.74,2025-07-30,2025-04-17,Closed Lost,True
OP-02086,Copperline Foods,sofia.davis@gmail.com,U-1039,qualification,68245.31,2026-06-25,2026-05-05,Outbound SDR,68245.31,2026-06-25,2026-05-05,Qualification,True
OP-04606,Tidewater Marine,ella.kim@yahoo.com,U-1020,closed won,155189.32,2025-08-06,2024-12-29,Inbound Call,155189.32,2025-08-06,2024-12-29,Closed Won,True
OP-02186,Acme Industrial,tom.brown@gmail.com,U-1024,Prospecting,163083.22,2024-09-25,2024-07-15,Web Form,163083.22,2024-09-25,2024-07-15,Prospecting,True
OP-04263,Meridian Freight,chris.taylor@yahoo.com,U-1016,Discovery,"$15,700.87",2024-09-30,2024-02-03,Partner Referral,15700.87,2024-09-30,2024-02-03,Qualification,True
OP-01480,Harborline Bank,tom.johnson@yahoo.com,U-1017,New Lead,100984.72,2025-10-09,2025-03-25,Outbound SDR,100984.72,2025-10-09,2025-03-25,Prospecting,True
OP-00087,Meridian Freight,raj.lee@gmail.com,U-1033,prospecting,170407.39,2027-01-29,2026-08-30,Partner Referral,170407.39,2027-01-29,2026-08-30,Prospecting,True
OP-03648,Zephyr Airlines,zoe.miller@company.com,U-1024,Discovery,192330.73,2025-05-11,2024-11-01,Outbound SDR,192330.73,2025-05-11,2024-11-01,Qualification,True
OP-01213,Quartzline Telecom,tom.garcia@gmail.com,U-1034,qualification,225481.07,2026-09-12,2026-04-11,Outbound SDR,225481.07,2026-09-12,2026-04-11,Qualification,True
OP-01185,ForgePoint Systems,marcus.patel@yahoo.com,U-1031,prospecting,73183.72,2025-05-06,2024-11-02,Inbound Call,73183.72,2025-05-06,2024-11-02,Prospecting,True
OP-01116,,lena.lee@example.org,U-1032,Discovery,200978.77,2026-08-19,2026-02-14,Trade Show,200978.77,2026-08-19,2026-02-14,Qualification,True
OP-00282,Onyx Pharma,ben.garcia@company.com,U-1028,Discovery,30066.55,2026-10-18,2026-04-29,Web Form,30066.55,2026-10-18,2026-04-29,Qualification,True
OP-04082,Tidewater Marine,ben.garcia@yahoo.com,U-1031,prospecting,155286.76,2024-10-20,2024-05-28,Trade Show,155286.76,2024-10-20,2024-05-28,Prospecting,True
OP-01993,Keystone Energy,liam.nguyen@yahoo.com,U-1032,Qualifcation,88451.29,2026-06-25,2026-02-22,Web Form,88451.29,2026-06-25,2026-02-22,Qualification,True
OP-01858,Acme Industrial,chris.nguyen@company.com,U-1038,,28599.15,2025-12-23,2025-09-02,Web Form,28599.15,2025-12-23,2025-09-02,,True
OP-02962,Onyx Pharma,maya.johnson@company.com,U-1009,Negotiation,110304.76,2025-03-23,2025-02-13,Inbound Call,110304.76,2025-03-23,2025-02-13,Proposal,True
OP-01691,Juniper Retail,owen.smith@yahoo.com,U-1036,Qualified,238105.62,2026-04-05,2025-10-13,Partner Referral,238105.62,2026-04-05,2025-10-13,Qualification,True
OP-D0016,Vertex Capital,ethan.kim@outlook.com,U-1017,New Lead,122613.22,2026-12-06,2026-07-18,Outbound SDR,122613.22,2026-12-06,2026-07-18,Prospecting,True
OP-02861,Redwood Outdoors,nina.garcia@gmail.com,U-1037,Won,157307.77,2026-01-04,2025-10-13,Bulk Import,157307.77,2026-01-04,2025-10-13,Closed Won,True
OP-01731,DeltaWave Media,aisha.moore@example.org,U-1006,closed won,150808.16,2026-06-07,2026-03-20,Web Form,150808.16,2026-06-07,2026-03-20,Closed Won,True
OP-02090,Ironclad Security,noah.moore@gmail.com,U-1014,Prospecting,86299.23,2024-03-13,2024-01-17,Partner Referral,86299.23,2024-03-13,2024-01-17,Prospecting,True
OP-02506,Xenon Robotics,lena.miller@company.com,U-1035,Closed-Lost,184931.64,2024-08-26,2024-07-09,Outbound SDR,184931.64,2024-08-26,2024-07-09,Closed Lost,True
OP-D0053,Larkspur Labs,ella.kim@outlook.com,U-1039,Qualification,115108.16,2025-07-01,2025-02-16,Partner Referral,115108.16,2025-07-01,2025-02-16,Qualification,True
OP-00725,Tidewater Marine,maya.smith@gmail.com,U-1003,Proposal,"USD 169,694.97",2026-01-08,2025-06-27,Partner Referral,169694.97,2026-01-08,2025-06-27,Proposal,True
OP-02633,Everline Health,kara.wilson@gmail.com,U-1005,Qualifcation,87732.16,2026-08-26,2026-05-15,Partner Referral,87732.16,2026-08-26,2026-05-15,Qualification,True
OP-00272,Onyx Pharma,lena.davis@company.com,U-1009,Discovery,,2025-05-09,2025-04-27,Trade Show,,2025-05-09,2025-04-27,Qualification,True
OP-03921,Granite Ridge Co,zoe.miller@yahoo.com,U-1036,Prospecting,99170.64,2026-01-21,2025-09-09,Bulk Import,99170.64,2026-01-21,2025-09-09,Prospecting,True
OP-04470,Everline Health,ella.patel@gmail.com,U-1037,Prospecting,184399.75,,2026-04-28,Trade Show,184399.75,,2026-04-28,Prospecting,True
OP-00842,Quartzline Telecom,liam.brown@company.com,U-1013,Qualifcation,"$138,129",2025-08-03,2025-07-04,Inbound Call,138129.0,2025-08-03,2025-07-04,Qualification,True
OP-04515,Onyx Pharma,owen.johnson@outlook.com,U-1030,Qualifcation,191832.44,2024-09-17,2024-04-02,Inbound Call,191832.44,2024-09-17,2024-04-02,Qualification,True
OP-02929,Larkspur Labs,noah.davis@outlook.com,U-1035,Qualifcation,26431.02,2025-12-15,2025-05-25,Inbound Call,26431.02,2025-12-15,2025-05-25,Qualification,True
OP-02742,Granite Ridge Co,dev.davis@company.com,U-1018,Prospect,"$184,200",2026-08-05,2025-12-12,Bulk Import,184200.0,2026-08-05,2025-12-12,Prospecting,True
OP-00702,Xenon Robotics,zoe.brown@outlook.com,U-1019,Qualification,178975.82,2025-03-10,2024-10-09,Bulk Import,178975.82,2025-03-10,2024-10-09,Qualification,True
OP-04431,ForgePoint Systems,priya.wilson@example.org,U-1033,Prospect,"$199,580.41",2025-07-10,2024-11-28,Partner Referral,199580.41,2025-07-10,2024-11-28,Prospecting,True
OP-02444,Copperline Foods,owen.nguyen@example.org,U-1005,ClosedLost,244213.24,2025-06-24,2025-01-05,Outbound SDR,244213.24,2025-06-24,2025-01-05,Closed Lost,True
OP-02035,Xenon Robotics,marcus.taylor@yahoo.com,U-1033,PROSPECTING,191848.33,2025-02-07,2024-11-12,Bulk Import,191848.33,2025-02-07,2024-11-12,Prospecting,True
OP-02052,Acme Industrial,ethan.miller@example.org,U-1010,ClosedWon,,2025-05-12,2025-04-16,Inbound Call,,2025-05-12,2025-04-16,Closed Won,True
OP-02118,Onyx Pharma,,U-1038,Proposal Sent,"$57,295.36",2025-03-24,2024-12-07,Partner Referral,57295.36,2025-03-24,2024-12-07,Proposal,
OP-02995,Larkspur Labs,nina.garcia@company.com,U-1032,Qualification,116355.87,2025-02-26,2024-07-03,Web Form,116355.87,2025-02-26,2024-07-03,Qualification,True
OP-02926,Granite Ridge Co,chris.taylor@outlook.com,U-1009,Discovery,173071.51,2024-08-16,2024-07-03,Inbound Call,173071.51,2024-08-16,2024-07-03,Qualification,True
OP-03513,Juniper Retail,zoe.johnson@yahoo.com,U-1032,Qualifcation,153325.86,2024-12-19,2024-05-23,Outbound SDR,153325.86,2024-12-19,2024-05-23,Qualification,True
OP-01201,Umbra Defense,aisha.garcia@example.org,U-1035,Closed Lost,114656.88,2027-02-21,2026-07-08,Inbound Call,114656.88,2027-02-21,2026-07-08,Closed Lost,True
OP-00608,BluePeak Logistics,lena.anderson@gmail.com,U-1032,,164508.44,2025-04-21,2024-10-05,Trade Show,164508.44,2025-04-21,2024-10-05,,True
OP-01159,BluePeak Logistics,karaanderson@outlook.com,U-8888,Lost,238927.77,2025-03-10,2025-01-18,Trade Show,238927.77,2025-03-10,2025-01-18,Closed Lost,True
OP-03851,Pinnacle Travel,marcus.anderson@yahoo.com,U-1011,Qualification,"$105,222.13",2026-08-15,2026-06-21,Trade Show,105222.13,2026-08-15,2026-06-21,Qualification,True
OP-01212,Copperline Foods,dev.moore@gmail.com,U-1019,,"$232,626.67",2025-01-14,2024-10-23,Trade Show,232626.67,2025-01-14,2024-10-23,,True
OP-03542,Acme Industrial,sofia.smith@yahoo.com,U-1010,Qualification,22661.30,2026-01-04,2025-06-06,Trade Show,22661.3,2026-01-04,2025-06-06,Qualification,True
OP-03575,Silverline SaaS,marcus.wilson@gmail.com,U-1033,closed won,129158.09,,2026-02-18,Bulk Import,129158.09,,2026-02-18,Closed Won,True
OP-04596,Redwood Outdoors,priya.davis@yahoo.com,U-1019,ClosedLost,103714.08,2024-04-22,2024-02-08,Trade Show,103714.08,2024-04-22,2024-02-08,Closed Lost,True
OP-00829,Onyx Pharma,lena.garcia@company.com,U-1030,Prospecting,220564.03,2025-09-09,2025-06-20,Bulk Import,220564.03,2025-09-09,2025-06-20,Prospecting,True
OP-D0001,Redwood Outdoors,zoe.lee@gmail.com,U-1028,Proposal Sent,"$130,253.91",2024-09-28,2024-07-11,Outbound SDR,130253.91,2024-09-28,2024-07-11,Proposal,True
OP-01521,Acme Industrial,ella.kim@outlook.com,U-1005,qualification,49300.84,2025-07-25,2025-02-12,Inbound Call,49300.84,2025-07-25,2025-02-12,Qualification,True
OP-D0293,Vertex Capital,dev.smith@gmail.com,U-1010,Qualified,38866.30,2026-03-25,2026-01-14,Bulk Import,38866.3,2026-03-25,2026-01-14,Qualification,True
OP-01407,Ironclad Security,dev.kim@gmail.com,U-1029,Closed Won,199025.05,2025-11-05,2025-07-28,Web Form,199025.05,2025-11-05,2025-07-28,Closed Won,True
OP-00293,Juniper Retail,priya.thomas@gmail.com,U-1030,Qualification,94805.49,2024-12-28,2024-08-09,Bulk Import,94805.49,2024-12-28,2024-08-09,Qualification,True
OP-01210,Silverline SaaS,ben.nguyen@outlook.com,U-1035,Closed-Lost,147820.95,2027-03-10,2026-07-19,Trade Show,147820.95,2027-03-10,2026-07-19,Closed Lost,True
OP-03544,BluePeak Logistics,aisha.taylor@gmail.com,U-1020,Prospecting,65443.53,2025-01-18,2024-10-09,Outbound SDR,65443.53,2025-01-18,2024-10-09,Prospecting,True
OP-04698,Onyx Pharma,maya.kim@company.com,U-1028,Qualified,237535.18,2024-09-18,2024-04-02,Inbound Call,237535.18,2024-09-18,2024-04-02,Qualification,True
OP-03374,Umbra Defense,marcus.taylor@company.com,U-1027,closed lost,188442.45,2026-10-22,2026-04-26,Trade Show,188442.45,2026-10-22,2026-04-26,Closed Lost,True
OP-01986,Copperline Foods,kara.anderson@gmail.com,U-1031,ClosedLost,"$207,703.54",2024-08-12,2024-06-23,Partner Referral,207703.54,2024-08-12,2024-06-23,Closed Lost,True
OP-D0125,Acme Industrial,owen.brown@yahoo.com,U-8888,,,2026-05-08,2026-03-19,Inbound Call,,2026-05-08,2026-03-19,,True
OP-01339,Northgate Auto,ben.kim@example.org,U-1008,prospecting,51208.78,2024-10-28,2024-07-28,Outbound SDR,51208.78,2024-10-28,2024-07-28,Prospecting,True
OP-03058,Juniper Retail,lena.moore@example.org,U-1038,Won,96484.37,2027-01-24,2026-07-07,Bulk Import,96484.37,2027-01-24,2026-07-07,Closed Won,True
OP-04543,Harborline Bank,ava.thomas@gmail.com,U-1002,Qualification,178909.22,2026-12-05,2026-07-06,Outbound SDR,178909.22,2026-12-05,2026-07-06,Qualification,True
OP-01705,Harborline Bank,liam.nguyen@outlook.com,U-1003,PROSPECTING,"$188,227",2025-11-19,2027-01-10,Web Form,188227.0,2025-11-19,2027-01-10,Prospecting,True
OP-00401,Meridian Freight,zoe.davis@example.org,U-1005,Closed Won,11168.60,2026-05-01,2026-03-05,Bulk Import,11168.6,2026-05-01,2026-03-05,Closed Won,True
OP-03359,ForgePoint Systems,raj.nguyen@example.org,U-1016,prospecting,120596.91,,2025-01-23,Partner Referral,120596.91,,2025-01-23,Prospecting,True
OP-D0231,Juniper Retail,ethan.moore@company.com,U-1036,Qualification,70187.83,2026-05-24,2026-01-18,Inbound Call,70187.83,2026-05-24,2026-01-18,Qualification,True
OP-D0103,Pinnacle Travel,dev.miller@example.org,U-1036,Qualification,241979.21,2026-02-11,2025-10-15,Web Form,241979.21,2026-02-11,2025-10-15,Qualification,True
OP-02481,Larkspur Labs,nina.patel@outlook.com,U-1018,Qualification,"$191,932.41",2025-07-01,2024-11-22,Bulk Import,191932.41,2025-07-01,2024-11-22,Qualification,True
OP-03390,Meridian Freight,owen.davis@outlook.com,U-1039,Proposal Sent,236653.16,2025-06-07,2025-01-13,Outbound SDR,236653.16,2025-06-07,2025-01-13,Proposal,True
OP-03775,Umbra Defense,liam.miller@example.org,U-1030,Proposal,146162.98,2025-10-28,2026-10-13,Partner Referral,146162.98,2025-10-28,2026-10-13,Proposal,True
OP-02314,Pinnacle Travel,chris.thomas@gmail.com,U-1025,,207510.54,2025-06-02,2024-12-29,Trade Show,207510.54,2025-06-02,2024-12-29,,True
OP-00435,,lena.patel@yahoo.com,U-1038,prospecting,84771.94,2024-06-21,2024-03-14,Inbound Call,84771.94,2024-06-21,2024-03-14,Prospecting,True
OP-04610,Meridian Freight,lena.miller@outlook.com,U-1014,New Lead,92666.44,2026-11-06,2026-06-22,Outbound SDR,92666.44,2026-11-06,2026-06-22,Prospecting,True
OP-03724,Granite Ridge Co,raj.brown@outlook.com,U-1005,Negotiation,,2024-07-16,2024-02-22,Web Form,,2024-07-16,2024-02-22,Proposal,True
OP-02235,Granite Ridge Co,marcus.anderson@example.org,U-8888,Proposal,131923.69,2024-07-02,2024-02-24,Outbound SDR,131923.69,2024-07-02,2024-02-24,Proposal,True
OP-01643,Xenon Robotics,owen.thomas@company.com,U-1030,Qualified,3220.13,2025-09-22,2025-07-06,Trade Show,3220.13,2025-09-22,2025-07-06,Qualification,True
OP-04617,Silverline SaaS,nina.kim@gmail.com,U-1034,qualification,141125.90,2024-04-12,2024-03-08,Trade Show,141125.9,2024-04-12,2024-03-08,Qualification,True
OP-02355,Vertex Capital,owen.wilson@gmail.com,U-1023,Qualification,178915.32,2025-06-01,2025-01-21,Web Form,178915.32,2025-06-01,2025-01-21,Qualification,True
OP-01567,Copperline Foods,aisha.johnson@gmail.com,U-1035,Qualifcation,,2024-04-19,2024-02-16,Trade Show,,2024-04-19,2024-02-16,Qualification,True
OP-02866,Harborline Bank,lena.moore@company.com,U-1032,Qualification,104019.15,2025-03-31,2024-11-18,Partner Referral,104019.15,2025-03-31,2024-11-18,Qualification,True
OP-00100,Willow Creek Farms,priya.brown@example.org,U-1030,PROSPECTING,105857.51,2024-06-16,2024-04-22,Trade Show,105857.51,2024-06-16,2024-04-22,Prospecting,True
OP-01105,Tidewater Marine,chris.smith@outlook.com,U-1025,closed lost,49864.34,2026-08-28,2026-07-24,Inbound Call,49864.34,2026-08-28,2026-07-24,Closed Lost,True
OP-00851,Yellowpine Lumber,raj.kim@example.org,U-1018,,48274.09,2025-08-05,2025-01-17,Inbound Call,48274.09,2025-08-05,2025-01-17,,True
OP-03729,Tidewater Marine,owen.taylor@outlook.com,U-1010,Quote Sent,152796.20,2024-08-05,2024-06-04,Trade Show,152796.2,2024-08-05,2024-06-04,Proposal,True
OP-02660,Yellowpine Lumber,owen.davis@outlook.com,U-1002,Qualification,173770.41,2025-05-04,2024-11-02,Trade Show,173770.41,2025-05-04,2024-11-02,Qualification,True
OP-03257,Harborline Bank,noah.brown@company.com,U-1006,Won,153084.18,2026-10-08,2026-06-22,Inbound Call,153084.18,2026-10-08,2026-06-22,Closed Won,True
OP-00066,Copperline Foods,marcus.moore@yahoo.com,U-1036,Prospect,114504.16,2026-06-25,2026-02-03,Bulk Import,114504.16,2026-06-25,2026-02-03,Prospecting,True
OP-03653,Zephyr Airlines,maya.kim@outlook.com,U-1000,prospecting,123577.39,2025-02-13,2024-09-17,Outbound SDR,123577.39,2025-02-13,2024-09-17,Prospecting,True
OP-03630,Copperline Foods,ava.miller@outlook.com,U-1006,Qualifcation,46290.58,2025-02-15,2024-09-26,Bulk Import,46290.58,2025-02-15,2024-09-26,Qualification,True
OP-02856,ForgePoint Systems,dev.smith@example.org,U-1002,PROSPECTING,238389.61,2026-05-17,2025-09-27,Outbound SDR,238389.61,2026-05-17,2025-09-27,Prospecting,True
OP-02536,Silverline SaaS,marcus.moore@yahoo.com,U-1001,closed won,176206.67,2025-01-07,2024-08-11,Trade Show,176206.67,2025-01-07,2024-08-11,Closed Won,True
OP-03776,Ironclad Security,ella.taylor@outlook.com,U-1018,Closed-Lost,184240.67,2026-09-13,2026-08-09,Web Form,184240.67,2026-09-13,2026-08-09,Closed Lost,True
OP-04123,Juniper Retail,lena.smith@example.org,U-1002,qualification,40640.56,2025-03-01,2025-01-05,Bulk Import,40640.56,2025-03-01,2025-01-05,Qualification,True
OP-01636,Vertex Capital,marcus.johnson@yahoo.com,U-1013,proposal,15926.77,2026-04-12,2025-09-22,Outbound SDR,15926.77,2026-04-12,2025-09-22,Proposal,True
OP-01544,Granite Ridge Co,zoe.patel@company.com,U-1001,Lost,78936.09,2024-04-14,2024-02-21,Trade Show,78936.09,2024-04-14,2024-02-21,Closed Lost,True
OP-02469,Juniper Retail,liam.wilson@example.org,U-1028,Qualified,"$97,812",2025-11-05,2025-06-29,Inbound Call,97812.0,2025-11-05,2025-06-29,Qualification,True
OP-01664,Juniper Retail,sofia.garcia@yahoo.com,U-1003,Negotiation,"$87,554",2026-08-03,2026-07-08,Outbound SDR,87554.0,2026-08-03,2026-07-08,Proposal,True
OP-00566,Juniper Retail,dev.wilson@company.com,U-1039,Closed-Lost,"$210,747",2025-06-28,2025-02-18,Web Form,210747.0,2025-06-28,2025-02-18,Closed Lost,True
OP-04086,Yellowpine Lumber,nina.nguyen@example.org,U-1020,Proposal Sent,"$26,763.83",2024-11-24,2024-08-07,Inbound Call,26763.83,2024-11-24,2024-08-07,Proposal,True
OP-01286,BluePeak Logistics,maya.miller@example.org,U-1022,Qualified,"$188,398.76",2024-09-16,2024-04-22,Trade Show,188398.76,2024-09-16,2024-04-22,Qualification,True
OP-01093,Onyx Pharma,chris.miller@outlook.com,U-1023,PROSPECTING,38656.13,2025-09-25,2025-04-24,Web Form,38656.13,2025-09-25,2025-04-24,Prospecting,True
OP-00579,Harborline Bank,ben.miller@gmail.com,U-1000,Prospect,187373.97,2024-09-08,2024-04-04,Trade Show,187373.97,2024-09-08,2024-04-04,Prospecting,True
OP-00212,Zephyr Airlines,priya.wilson@yahoo.com,U-1018,Discovery,102047.43,2025-07-18,2025-06-01,Inbound Call,102047.43,2025-07-18,2025-06-01,Qualification,True
OP-03611,Northgate Auto,maya.miller@example.org,U-1017,Discovery,32611.39,2026-06-20,2026-05-03,Trade Show,32611.39,2026-06-20,2026-05-03,Qualification,True
OP-03764,Everline Health,raj.lee@gmail.com,U-1030,Qualifcation,229779.01,2024-06-27,2024-01-28,Bulk Import,229779.01,2024-06-27,2024-01-28,Qualification,True
OP-03891,Willow Creek Farms,lena.davis@company.com,U-1012,,89284.59,2025-07-10,2025-01-03,Inbound Call,89284.59,2025-07-10,2025-01-03,,True
OP-02312,Ironclad Security,priya.davis@yahoo.com,admin,Quote Sent,45601.06,2025-05-18,2024-11-19,Trade Show,45601.06,2025-05-18,2024-11-19,Proposal,True
OP-01098,Juniper Retail,aisha.thomas@outlook.com,U-1011,ClosedLost,12561.66,,2024-09-09,Outbound SDR,12561.66,,2024-09-09,Closed Lost,True
OP-04399,Onyx Pharma,ava.smith@outlook.com,U-1032,,67858.76,2024-05-14,2024-01-05,Trade Show,67858.76,2024-05-14,2024-01-05,,True
OP-01796,Quartzline Telecom,rajtaylor@example.org,U-1005,Proposal,244920.65,2025-10-17,2025-07-13,Web Form,244920.65,2025-10-17,2025-07-13,Proposal,True
OP-04619,Xenon Robotics,lena.taylor@gmail.com,U-1018,Qualified,176280.12,2024-09-23,2024-03-16,Trade Show,176280.12,2024-09-23,2024-03-16,Qualification,True
OP-01316,Willow Creek Farms,aisha.miller@example.org,U-1003,Qualifcation,107627.87,2025-12-06,2025-09-20,Web Form,107627.87,2025-12-06,2025-09-20,Qualification,True
OP-02020,Meridian Freight,nina.smith@company.com,U-1035,ClosedLost,195488.93,2026-04-16,2026-04-06,Partner Referral,195488.93,2026-04-16,2026-04-06,Closed Lost,True
OP-D0198,Onyx Pharma,chris.brown@outlook.com,U-1021,Proposal Sent,"$200,353.28",,2024-06-01,Bulk Import,200353.28,,2024-06-01,Proposal,True
OP-03925,Willow Creek Farms,chris.taylor@example.org,U-1027,PROSPECTING,39062.03,2026-06-02,2025-11-14,Web Form,39062.03,2026-06-02,2025-11-14,Prospecting,True
OP-02937,Yellowpine Lumber,nina.davis@outlook.com,U-1031,qualification,234074.05,2026-09-05,2026-07-13,Bulk Import,234074.05,2026-09-05,2026-07-13,Qualification,True
OP-01033,Juniper Retail,dev.miller@outlook.com,U-1015,closed won,153772.70,2026-03-09,2025-12-27,Trade Show,153772.7,2026-03-09,2025-12-27,Closed Won,True
OP-03167,BluePeak Logistics,kara.lee@yahoo.com,U-1031,Proposal Sent,5169.87,2024-08-21,2024-07-08,Trade Show,5169.87,2024-08-21,2024-07-08,Proposal,True
OP-00924,Redwood Outdoors,lena.miller@gmail.com,U-1004,New Lead,,2026-07-23,2026-02-25,Partner Referral,,2026-07-23,2026-02-25,Prospecting,True
OP-02993,Willow Creek Farms,owen.johnson@yahoo.com,U-1037,Qualifcation,"$47,070.52",,2024-06-04,Outbound SDR,47070.52,,2024-06-04,Qualification,True
OP-00592,Willow Creek Farms,aisha.johnson@yahoo.com,U-1038,Quote Sent,91746.53,2025-01-01,2024-09-03,Inbound Call,91746.53,2025-01-01,2024-09-03,Proposal,True
OP-03467,Xenon Robotics,sofia.smith@example.org,U-1019,Won,214785.45,2024-08-19,2024-08-12,Outbound SDR,214785.45,2024-08-19,2024-08-12,Closed Won,True
OP-04341,Quartzline Telecom,tom.miller@@gmail.com,U-1037,PROSPECTING,214579.06,2027-03-06,2026-08-03,Inbound Call,214579.06,2027-03-06,2026-08-03,Prospecting,False
OP-01261,Vertex Capital,liam.taylor@outlook.com,U-1022,New Lead,"$64,241.71",2025-03-25,2025-03-18,Bulk Import,64241.71,2025-03-25,2025-03-18,Prospecting,True
OP-01992,Copperline Foods,maya.smith@example.org,U-1026,ClosedLost,13973.27,2024-12-20,2024-08-15,Outbound SDR,13973.27,2024-12-20,2024-08-15,Closed Lost,True
OP-01974,Umbra Defense,,U-1035,Qualifcation,"$121,066.54",2024-10-15,2024-03-18,Inbound Call,121066.54,2024-10-15,2024-03-18,Qualification,
OP-00549,Yellowpine Lumber,aisha.johnson@outlook.com,U-1023,closed won,177711.07,2025-11-09,2025-06-24,Outbound SDR,177711.07,2025-11-09,2025-06-24,Closed Won,True
OP-01171,Pinnacle Travel,,U-1039,Negotiation,158129.72,2025-01-06,2024-11-22,Outbound SDR,158129.72,2025-01-06,2024-11-22,Proposal,
OP-04511,Larkspur Labs,zoe.lee@gmail.com,U-8888,Won,65576.58,2026-07-22,2026-06-02,Trade Show,65576.58,2026-07-22,2026-06-02,Closed Won,True
OP-03529,Copperline Foods,liam.smith@example.org,U-1009,Closed-Won,"$105,252.11",2025-04-15,2024-10-24,Partner Referral,105252.11,2025-04-15,2024-10-24,Closed Won,True
OP-03304,Onyx Pharma,lena.garcia@example.org,U-1015,Qualified,169785.06,2025-04-15,2025-01-06,Trade Show,169785.06,2025-04-15,2025-01-06,Qualification,True
OP-03901,ForgePoint Systems,dev.nguyen@company.com,U-1030,Proposal,,2026-08-17,2026-05-04,Trade Show,,2026-08-17,2026-05-04,Proposal,True
OP-00345,Pinnacle Travel,maya.miller@yahoo.com,U-1036,Proposal,31599.96,2027-01-16,2026-07-17,Outbound SDR,31599.96,2027-01-16,2026-07-17,Proposal,True
OP-00775,Acme Industrial,lena.brown@yahoo.com,U-1021,proposal,193683.68,2025-03-26,2025-03-03,Partner Referral,193683.68,2025-03-26,2025-03-03,Proposal,True
OP-03613,Harborline Bank,ava.smith@example.org,U-1017,Discovery,124212.71,,2025-07-22,Partner Referral,124212.71,,2025-07-22,Qualification,True
OP-01265,Umbra Defense,maya.lee@example.org,U-1018,Prospecting,245468.05,2027-01-22,2026-07-25,Inbound Call,245468.05,2027-01-22,2026-07-25,Prospecting,True
OP-00006,Copperline Foods,,U-1038,Closed-Won,157606.62,2026-03-03,2026-02-12,Outbound SDR,157606.62,2026-03-03,2026-02-12,Closed Won,
OP-01689,Northgate Auto,not-an-email,U-1013,Discovery,"$3,922.60",2024-09-18,2024-05-13,Partner Referral,3922.6,2024-09-18,2024-05-13,Qualification,False
OP-04536,Granite Ridge Co,chris.kim@gmail.com,U-1038,Qualification,180439.08,2026-03-27,2026-01-28,Bulk Import,180439.08,2026-03-27,2026-01-28,Qualification,True
OP-01906,Zephyr Airlines,owen.wilson@outlook.com,U-1013,ClosedLost,36611.32,2025-10-07,2025-08-16,Partner Referral,36611.32,2025-10-07,2025-08-16,Closed Lost,True
OP-04548,Redwood Outdoors,liam.wilson@gmail.com,U-1036,prospecting,,2025-08-16,2025-02-05,Partner Referral,,2025-08-16,2025-02-05,Prospecting,True
OP-01963,Onyx Pharma,maya.nguyen@example.org,U-1033,Proposal Sent,159410.55,2026-07-20,2026-01-25,Web Form,159410.55,2026-07-20,2026-01-25,Proposal,True
OP-D0096,Yellowpine Lumber,tom.anderson@gmail.com,U-1027,Qualifcation,112780.46,2025-12-16,2025-11-02,Trade Show,112780.46,2025-12-16,2025-11-02,Qualification,True
OP-00971,Xenon Robotics,aisha.garcia@outlook.com,U-1028,Qualification,24061.93,2027-01-19,2026-06-25,Inbound Call,24061.93,2027-01-19,2026-06-25,Qualification,True
OP-02102,ForgePoint Systems,tom.taylor@example.org,U-1014,ClosedWon,137471.78,2025-02-18,2025-02-07,Inbound Call,137471.78,2025-02-18,2025-02-07,Closed Won,True
OP-02557,Zephyr Airlines,priya.brown@yahoo.com,U-1020,closed lost,79553.07,2026-09-02,2026-05-18,Web Form,79553.07,2026-09-02,2026-05-18,Closed Lost,True
OP-00730,Umbra Defense,,U-1021,Qualified,249046.18,,2024-09-01,Bulk Import,249046.18,,2024-09-01,Qualification,
OP-02820,Granite Ridge Co,dev.miller@company.com,U-1026,Closed Won,50295.22,2026-05-22,2026-02-26,Web Form,50295.22,2026-05-22,2026-02-26,Closed Won,True
OP-04383,Redwood Outdoors,dev.moore@outlook.com,U-1026,PROSPECTING,227682.93,2024-09-04,2024-04-10,Bulk Import,227682.93,2024-09-04,2024-04-10,Prospecting,True
OP-00545,Yellowpine Lumber,tom.anderson@gmail.com,U-1039,,,,2024-11-16,Web Form,,,2024-11-16,,True
OP-01300,Yellowpine Lumber,chris.garcia@example.org,U-1021,proposal,85839.84,2025-06-05,2025-02-07,Trade Show,85839.84,2025-06-05,2025-02-07,Proposal,True
OP-00352,Willow Creek Farms,priya.thomas@example.org,U-1030,New Lead,3073.57,2024-10-02,2024-07-15,Partner Referral,3073.57,2024-10-02,2024-07-15,Prospecting,True
OP-02174,ForgePoint Systems,ethan.garcia@example.org,U-1013,prospecting,"$134,171.46",2024-05-10,2024-03-05,Inbound Call,134171.46,2024-05-10,2024-03-05,Prospecting,True
OP-02335,Xenon Robotics,nina.smith@company.com,U-1010,qualification,144981.95,2025-05-10,2024-12-21,Trade Show,144981.95,2025-05-10,2024-12-21,Qualification,True
OP-01397,Everline Health,zoe.davis@outlook.com,U-1015,qualification,"$101,383",2024-04-12,2024-02-28,Web Form,101383.0,2024-04-12,2024-02-28,Qualification,True
OP-03157,,owen.nguyen@outlook.com,U-1003,Won,"USD 218,419.31",2024-08-01,2024-06-13,Inbound Call,218419.31,2024-08-01,2024-06-13,Closed Won,True
OP-02896,Quartzline Telecom,liam.thomas@company.com,U-1030,Discovery,151872.18,2024-12-01,2024-10-16,Trade Show,151872.18,2024-12-01,2024-10-16,Qualification,True
OP-02135,BluePeak Logistics,owen.brown@yahoo.com,U-1018,PROSPECTING,88968.63,2025-05-03,2024-11-27,Web Form,88968.63,2025-05-03,2024-11-27,Prospecting,True
OP-00523,Silverline SaaS,raj.lee@company.com,U-1029,Prospect,"$218,791.40",2025-09-25,2025-02-12,Web Form,218791.4,2025-09-25,2025-02-12,Prospecting,True
OP-02494,Tidewater Marine,lena.smith@example.org,U-1029,Qualifcation,55451.66,2026-10-09,2026-06-08,Web Form,55451.66,2026-10-09,2026-06-08,Qualification,True
OP-00329,Umbra Defense,aisha.lee@outlook.com,U-1029,New Lead,214041.00,,2025-09-18,Partner Referral,214041.0,,2025-09-18,Prospecting,True
OP-00057,Onyx Pharma,zoe.thomas@company.com,U-1031,,105943.43,2025-07-11,2025-01-14,Bulk Import,105943.43,2025-07-11,2025-01-14,,True
OP-03873,Tidewater Marine,owen.brown@example.org,U-1007,New Lead,36209.11,2026-05-03,2025-09-09,Web Form,36209.11,2026-05-03,2025-09-09,Prospecting,True
OP-00706,Silverline SaaS,ethan.davis@outlook.com,U-1006,Closed-Won,48743.56,2025-11-09,2025-07-30,Trade Show,48743.56,2025-11-09,2025-07-30,Closed Won,True
OP-03397,Onyx Pharma,chris.taylor@example.org,U-1012,prospecting,127754.03,2026-11-04,2026-07-07,Web Form,127754.03,2026-11-04,2026-07-07,Prospecting,True
OP-01668,Pinnacle Travel,zoe.kim@yahoo.com,U-1005,qualification,200518.36,2026-05-12,2025-09-14,Bulk Import,200518.36,2026-05-12,2025-09-14,Qualification,True
OP-00711,Redwood Outdoors,marcus.brown@outlook.com,U-1034,Qualification,134504.45,2024-12-14,2024-06-26,Web Form,134504.45,2024-12-14,2024-06-26,Qualification,True
OP-04667,Harborline Bank,liam.brown@@outlook.com,U-1005,Qualification,,2025-01-16,2024-07-30,Trade Show,,2025-01-16,2024-07-30,Qualification,False
OP-04275,Pinnacle Travel,noah.johnson@yahoo.com,U-1030,Proposal Sent,25547.39,2024-04-13,2024-02-13,Web Form,25547.39,2024-04-13,2024-02-13,Proposal,True
OP-03861,Silverline SaaS,ava.thomas@outlook.com,U-1038,prospecting,192890.06,,2025-11-07,Bulk Import,192890.06,,2025-11-07,Prospecting,True
OP-04411,Larkspur Labs,,U-1016,Discovery,220133.08,2026-06-20,2026-04-23,Web Form,220133.08,2026-06-20,2026-04-23,Qualification,
OP-00362,DeltaWave Media,sofia.garcia@example.org,U-1027,Prospect,126686.59,2026-06-05,2025-12-08,Inbound Call,126686.59,2026-06-05,2025-12-08,Prospecting,True
OP-04449,Yellowpine Lumber,aisha.garcia@gmail.com,U-1028,closed won,129813.80,2025-03-15,2024-12-17,Web Form,129813.8,2025-03-15,2024-12-17,Closed Won,True
OP-00495,Larkspur Labs,sofia.nguyen@yahoo.com,U-1038,Prospecting,47074.40,2026-04-22,2025-12-29,Web Form,47074.4,2026-04-22,2025-12-29,Prospecting,True
OP-01577,Onyx Pharma,chris.moore@outlook.com,U-1031,Closed-Lost,240459.20,2024-10-01,2024-08-29,Trade Show,240459.2,2024-10-01,2024-08-29,Closed Lost,True
OP-01092,Yellowpine Lumber,sofia.miller@gmail.com,U-1001,Prospect,208904.45,2024-08-25,2024-03-24,Trade Show,208904.45,2024-08-25,2024-03-24,Prospecting,True
OP-03967,Harborline Bank,nina.moore@gmail.com,U-1031,Qualifcation,35648.30,2025-07-24,2025-05-02,Inbound Call,35648.3,2025-07-24,2025-05-02,Qualification,True
OP-03953,Harborline Bank,priya.thomas@outlook.com,U-1015,,"USD 150,145.49",2026-04-03,2026-01-02,Bulk Import,150145.49,2026-04-03,2026-01-02,,True
OP-02078,Acme Industrial,chris.lee@company.com,U-1010,New Lead,158010.48,,2025-12-05,Outbound SDR,158010.48,,2025-12-05,Prospecting,True
OP-02467,Willow Creek Farms,sofia.mooreexample.org,U-1013,Discovery,182771.94,2025-09-27,2025-07-14,Outbound SDR,182771.94,2025-09-27,2025-07-14,Qualification,False
OP-04599,Onyx Pharma,aisha.wilson@company.com,U-1029,New Lead,"173,414.33 $",2026-02-09,2025-11-12,Partner Referral,173414.33,2026-02-09,2025-11-12,Prospecting,True
OP-03500,Northgate Auto,tom.davis@gmail.com,U-1028,Qualification,234081.97,2024-11-03,2024-08-24,Trade Show,234081.97,2024-11-03,2024-08-24,Qualification,True
OP-02790,Larkspur Labs,zoe.anderson@yahoo.com,U-1022,New Lead,223637.49,2027-01-07,2026-08-08,Outbound SDR,223637.49,2027-01-07,2026-08-08,Prospecting,True
OP-01506,Meridian Freight,tom.wilson@gmail.com,U-1008,Discovery,"$10,231.21",2026-11-09,2026-03-14,Partner Referral,10231.21,2026-11-09,2026-03-14,Qualification,True
OP-02939,Tidewater Marine,ava.taylor@gmail.com,U-1005,Discovery,3429.85,2024-07-21,2024-03-08,Inbound Call,3429.85,2024-07-21,2024-03-08,Qualification,True
OP-01042,,dev.taylor@outlook.com,U-9999,prospecting,"$35,102.19",2027-02-19,2026-08-02,Inbound Call,35102.19,2027-02-19,2026-08-02,Prospecting,True
OP-03854,Acme Industrial,chris.thomas@company.com,U-1023,Qualifcation,117125.38,2024-09-27,2024-04-11,Inbound Call,117125.38,2024-09-27,2024-04-11,Qualification,True
OP-04648,Redwood Outdoors,nina.wilson@outlook.com,U-1004,proposal,245718.70,2024-09-01,2024-03-14,Outbound SDR,245718.7,2024-09-01,2024-03-14,Proposal,True
OP-01916,Umbra Defense,maya.lee@yahoo.com,U-1036,Qualifcation,"$220,355.02",2024-10-27,2024-05-23,Bulk Import,220355.02,2024-10-27,2024-05-23,Qualification,True
OP-03001,Willow Creek Farms,raj.thomas@company.com,U-1024,closed lost,"$248,458.40",2024-08-20,2024-03-15,Bulk Import,248458.4,2024-08-20,2024-03-15,Closed Lost,True
OP-00420,Tidewater Marine,liam.anderson@yahoo.com,U-1026,Quote Sent,2484.83,2025-03-15,2024-09-15,Partner Referral,2484.83,2025-03-15,2024-09-15,Proposal,True
OP-02719,Northgate Auto,chris.garcia@example.org,U-1010,Quote Sent,105519.79,2024-09-07,2024-08-23,Trade Show,105519.79,2024-09-07,2024-08-23,Proposal,True
OP-01698,Everline Health,tom.smith@example.org,U-1001,Proposal,48850.15,,2024-04-21,Outbound SDR,48850.15,,2024-04-21,Proposal,True
OP-02066,Keystone Energy,liam.wilson@outlook.com,U-1016,Closed-Lost,153180.53,2025-12-18,2025-08-11,Web Form,153180.53,2025-12-18,2025-08-11,Closed Lost,True
OP-00207,Quartzline Telecom,kara.miller@company.com,U-1034,,"$190,672.21",2026-01-09,2025-07-09,Partner Referral,190672.21,2026-01-09,2025-07-09,,True
OP-04461,Onyx Pharma,tom.lee@company.com,U-1035,Prospect,59060.14,2025-06-15,2024-12-26,Partner Referral,59060.14,2025-06-15,2024-12-26,Prospecting,True
OP-01383,Xenon Robotics,maya.taylor@yahoo.com,U-1038,closed lost,124714.90,2025-12-31,2025-10-12,Partner Referral,124714.9,2025-12-31,2025-10-12,Closed Lost,True
OP-04580,Larkspur Labs,kara.davis@company.com,U-1039,PROSPECTING,158240.84,2024-12-23,2024-06-19,Trade Show,158240.84,2024-12-23,2024-06-19,Prospecting,True
OP-04396,Ironclad Security,raj.garcia@gmail.com,U-1007,qualification,53424.48,2025-02-16,2024-12-20,Web Form,53424.48,2025-02-16,2024-12-20,Qualification,True
OP-01871,Keystone Energy,liam.lee@example.org,U-1026,Proposal Sent,72039.05,2026-04-16,2026-02-12,Outbound SDR,72039.05,2026-04-16,2026-02-12,Proposal,True
OP-04430,DeltaWave Media,priya.nguyen@yahoo.com,U-1006,Proposal Sent,184229.51,2025-12-30,2025-08-10,Inbound Call,184229.51,2025-12-30,2025-08-10,Proposal,True
OP-04278,Zephyr Airlines,marcus.miller@company.com,U-1024,PROSPECTING,228708.17,2026-04-28,2025-12-20,Outbound SDR,228708.17,2026-04-28,2025-12-20,Prospecting,True
OP-04204,Redwood Outdoors,chris.moore@gmail.com,U-1021,Qualifcation,178617.30,2024-09-24,2024-03-07,Partner Referral,178617.3,2024-09-24,2024-03-07,Qualification,True
OP-04572,DeltaWave Media,owen.thomas@yahoo.com,U-1020,Won,177233.52,,2024-01-04,Web Form,177233.52,,2024-01-04,Closed Won,True
OP-03958,Xenon Robotics,tom.thomas@yahoo.com,U-1038,Prospect,91268.85,2024-12-16,2024-09-21,Bulk Import,91268.85,2024-12-16,2024-09-21,Prospecting,True
OP-D0233,,tom.lee@yahoo.com,U-1036,Qualifcation,135621.23,2025-05-06,2025-02-09,Partner Referral,135621.23,2025-05-06,2025-02-09,Qualification,True
OP-00385,Onyx Pharma,chris.taylor@yahoo.com,U-1027,Discovery,,2026-10-09,2026-06-25,Trade Show,,2026-10-09,2026-06-25,Qualification,True
OP-03814,Granite Ridge Co,priya.moore@company.com,U-1037,ClosedLost,127260.98,2024-08-07,2024-04-21,Trade Show,127260.98,2024-08-07,2024-04-21,Closed Lost,True
OP-03115,Meridian Freight,chris.anderson@company.com,U-1011,New Lead,245914.85,2025-12-11,2025-12-03,Outbound SDR,245914.85,2025-12-11,2025-12-03,Prospecting,True
OP-00518,Everline Health,aisha.taylor@outlook.com,U-0000,Prospect,224334.77,2026-06-17,2025-12-20,Outbound SDR,224334.77,2026-06-17,2025-12-20,Prospecting,True
OP-01690,Northgate Auto,aisha.miller@company.com,U-1002,proposal,,2026-02-28,2025-12-29,Web Form,,2026-02-28,2025-12-29,Proposal,True
OP-01268,Redwood Outdoors,maya.kim@example.org,U-1031,Quote Sent,187738.85,,2025-07-07,Bulk Import,187738.85,,2025-07-07,Proposal,True
OP-D0226,Acme Industrial,noah.thomas@@outlook.com,U-1016,ClosedWon,65294.02,2025-05-05,2024-11-14,Trade Show,65294.02,2025-05-05,2024-11-14,Closed Won,False
OP-03003,Onyx Pharma,priya.moore@yahoo.com,U-1038,closed lost,"58,541.96 $",2024-07-22,2024-04-03,Bulk Import,58541.96,2024-07-22,2024-04-03,Closed Lost,True
OP-00564,Keystone Energy,liam.johnson@example.org,U-1003,Won,121404.04,2025-10-01,2025-08-31,Trade Show,121404.04,2025-10-01,2025-08-31,Closed Won,True
OP-02803,Vertex Capital,raj.anderson@gmail.com,U-1020,proposal,137029.98,2025-08-13,2024-12-24,Partner Referral,137029.98,2025-08-13,2024-12-24,Proposal,True
OP-02476,Tidewater Marine,lena.nguyen@company.com,U-1017,Proposal Sent,151696.47,2024-08-18,2024-01-03,Outbound SDR,151696.47,2024-08-18,2024-01-03,Proposal,True
OP-00765,Keystone Energy,ben.taylor@gmail.com,U-1037,Qualified,215571.37,2025-01-08,2024-12-25,Bulk Import,215571.37,2025-01-08,2024-12-25,Qualification,True
OP-04635,Quartzline Telecom,maya.patel@example.org,U-1035,Qualified,193926.77,2024-06-28,2024-04-17,Outbound SDR,193926.77,2024-06-28,2024-04-17,Qualification,True
OP-01461,Juniper Retail,chris.nguyen@yahoo.com,U-1019,Qualified,102880.75,2026-06-01,2025-11-10,Web Form,102880.75,2026-06-01,2025-11-10,Qualification,True
OP-00681,Onyx Pharma,zoe.kim@company.com,U-1009,Discovery,246935.45,2026-04-22,2025-11-15,Bulk Import,246935.45,2026-04-22,2025-11-15,Qualification,True
OP-01165,Yellowpine Lumber,noah.miller@@outlook.com,U-1011,Closed-Won,"$13,059.52",2025-10-07,2025-02-26,Web Form,13059.52,2025-10-07,2025-02-26,Closed Won,False
OP-03908,Silverline SaaS,dev.anderson@example.org,U-1007,closed lost,44171.94,2024-11-30,2024-10-04,Outbound SDR,44171.94,2024-11-30,2024-10-04,Closed Lost,True
OP-04528,Everline Health,aisha.davis@yahoo.com,U-1032,closed lost,38643.78,2026-12-21,2026-05-22,Inbound Call,38643.78,2026-12-21,2026-05-22,Closed Lost,True
OP-03526,Keystone Energy,dev.smith@company.com,U-1010,Prospecting,230399.69,2025-02-20,2024-12-26,Trade Show,230399.69,2025-02-20,2024-12-26,Prospecting,True
OP-02565,Harborline Bank,noah.johnson@yahoo.com,U-1021,Lost,66973.52,2025-03-09,2025-03-02,Bulk Import,66973.52,2025-03-09,2025-03-02,Closed Lost,True
OP-03847,Redwood Outdoors,ella.wilson@outlook.com,U-1001,PROSPECTING,217691.50,2024-09-27,2024-04-01,Web Form,217691.5,2024-09-27,2024-04-01,Prospecting,True
OP-00449,Granite Ridge Co,ben.taylor@example.org,U-1006,CLOSED WON,"$245,809.42",2025-05-19,2025-02-24,Bulk Import,245809.42,2025-05-19,2025-02-24,Closed Won,True
OP-03707,Northgate Auto,ethan.brown@example.org,U-1011,Proposal,,2024-12-31,2024-07-08,Inbound Call,,2024-12-31,2024-07-08,Proposal,True
OP-03411,Willow Creek Farms,chris.patel@example.org,U-1020,Closed-Won,220742.52,2026-07-17,2025-12-31,Partner Referral,220742.52,2026-07-17,2025-12-31,Closed Won,True
OP-03594,Silverline SaaS,ethan.garciacompany.com,U-1033,Qualification,"$71,889",2024-02-09,2024-01-20,Bulk Import,71889.0,2024-02-09,2024-01-20,Qualification,False
OP-03647,Quartzline Telecom,kara.moore@company.com,U-1028,Qualifcation,204911.87,2024-09-06,2024-07-26,Web Form,204911.87,2024-09-06,2024-07-26,Qualification,True
OP-04377,Vertex Capital,liam.brown@example.org,U-1003,Won,,2025-05-30,2025-04-29,Outbound SDR,,2025-05-30,2025-04-29,Closed Won,True
OP-01324,ForgePoint Systems,ella.nguyen@yahoo.com,U-1035,Discovery,,2024-09-15,2024-03-28,Trade Show,,2024-09-15,2024-03-28,Qualification,True
OP-00915,Harborline Bank,sofia.davis@yahoo.com,U-1008,prospecting,"$107,117.81",2025-05-16,2025-04-09,Inbound Call,107117.81,2025-05-16,2025-04-09,Prospecting,True
OP-03712,,tom.lee@yahoo.com,U-1036,Qualifcation,135621.23,2025-05-06,2025-02-09,Partner Referral,135621.23,2025-05-06,2025-02-09,Qualification,True
OP-03650,Larkspur Labs,priya.kim@yahoo.com,U-1011,proposal,26089.39,2026-01-20,2025-06-09,Partner Referral,26089.39,2026-01-20,2025-06-09,Proposal,True
OP-01184,Tidewater Marine,maya.lee@yahoo.com,U-1006,Proposal,,2024-12-18,2024-10-26,Bulk Import,,2024-12-18,2024-10-26,Proposal,True
OP-04277,Larkspur Labs,ben.patel@yahoo.com,U-1029,Prospect,22297.55,2024-10-24,2024-10-04,Bulk Import,22297.55,2024-10-24,2024-10-04,Prospecting,True
OP-03885,Umbra Defense,,U-1000,proposal,156081.45,2024-05-12,2024-02-21,Bulk Import,156081.45,2024-05-12,2024-02-21,Proposal,
OP-00383,Tidewater Marine,sofia.moore@example.org,U-1003,Qualification,"$164,730.84",2025-11-12,2025-11-04,Trade Show,164730.84,2025-11-12,2025-11-04,Qualification,True
OP-01263,Granite Ridge Co,aisha.anderson@company.com,U-1017,qualification,210096.57,2024-05-18,2024-01-04,Web Form,210096.57,2024-05-18,2024-01-04,Qualification,True
OP-03451,Keystone Energy,lena.smith@company.com,U-1006,Qualifcation,"$32,056",2026-06-05,2025-11-03,Partner Referral,32056.0,2026-06-05,2025-11-03,Qualification,True
OP-00484,Tidewater Marine,aisha.patel@yahoo.com,U-1033,Qualified,246589.08,2025-09-07,2025-03-04,Trade Show,246589.08,2025-09-07,2025-03-04,Qualification,True
OP-02850,Vertex Capital,maya.kim@yahoo.com,U-1019,,"$73,529.17",2025-04-23,2025-01-31,Partner Referral,73529.17,2025-04-23,2025-01-31,,True
OP-00482,Quartzline Telecom,kara.anderson@yahoo.com,U-1038,Qualified,25694.06,2026-09-03,2026-01-15,Web Form,25694.06,2026-09-03,2026-01-15,Qualification,True
OP-02123,Willow Creek Farms,raj.johnson@example.org,U-1026,Proposal,"$132,523",2024-11-30,2024-05-18,Web Form,132523.0,2024-11-30,2024-05-18,Proposal,True
OP-03948,Quartzline Telecom,dev.taylor@example.org,U-1000,Qualification,211484.21,2027-01-19,2026-06-08,Web Form,211484.21,2027-01-19,2026-06-08,Qualification,True
OP-01644,ForgePoint Systems,ethan.brown@company.com,U-1027,Qualifcation,87346.00,2025-08-27,2025-05-26,Bulk Import,87346.0,2025-08-27,2025-05-26,Qualification,True
OP-01543,ForgePoint Systems,sofia.lee@outlook.com,U-1032,Discovery,118264.85,2026-09-20,2026-03-21,Web Form,118264.85,2026-09-20,2026-03-21,Qualification,True
OP-02385,ForgePoint Systems,maya.kim@company.com,U-1010,PROSPECTING,203926.46,2024-06-11,2024-02-13,Inbound Call,203926.46,2024-06-11,2024-02-13,Prospecting,True
OP-01097,Keystone Energy,marcus.lee@outlook.com,U-1021,CLOSED WON,24406.20,2026-12-29,2026-06-13,Outbound SDR,24406.2,2026-12-29,2026-06-13,Closed Won,True
OP-01966,BluePeak Logistics,ben.lee@outlook.com,U-1032,proposal,"$133,965",2025-12-30,2025-09-24,Outbound SDR,133965.0,2025-12-30,2025-09-24,Proposal,True
OP-00079,Northgate Auto,chris.smith@company.com,U-1015,,221388.18,2024-11-29,2024-04-03,Outbound SDR,221388.18,2024-11-29,2024-04-03,,True
OP-01716,Pinnacle Travel,liam.taylor@example.org,U-1038,Proposal Sent,24658.70,2025-09-16,2025-06-10,Inbound Call,24658.7,2025-09-16,2025-06-10,Proposal,True
OP-04347,BluePeak Logistics,ava.garcia@company.com,U-1025,Qualification,211086.01,2025-03-11,2024-12-04,Outbound SDR,211086.01,2025-03-11,2024-12-04,Qualification,True
OP-04096,Keystone Energy,nina.patel@example.org,U-1006,closed lost,"$24,270.90",2024-06-01,2024-01-09,Outbound SDR,24270.9,2024-06-01,2024-01-09,Closed Lost,True
OP-00184,Northgate Auto,ethan.miller@gmail.com,U-1038,ClosedWon,4206.70,2025-06-21,2025-06-09,Partner Referral,4206.7,2025-06-21,2025-06-09,Closed Won,True
OP-03882,,ava.garcia@outlook.com,U-1000,Quote Sent,"$35,470.06",2026-12-10,2026-06-29,Web Form,35470.06,2026-12-10,2026-06-29,Proposal,True
OP-01220,Yellowpine Lumber,ben.miller@yahoo.com,U-1022,qualification,240331.38,2025-01-29,2024-12-31,Outbound SDR,240331.38,2025-01-29,2024-12-31,Qualification,True
OP-00923,,kara.smith@gmail.com,U-1003,Qualified,26841.46,2024-05-13,2024-02-28,Outbound SDR,26841.46,2024-05-13,2024-02-28,Qualification,True
OP-03987,Larkspur Labs,tom.patel@outlook.com,U-1014,Negotiation,105891.98,2026-07-27,2025-12-05,Partner Referral,105891.98,2026-07-27,2025-12-05,Proposal,True
OP-03043,Everline Health,dev.thomas@example.org,U-1016,Prospecting,"$218,576.41",2024-10-14,2024-06-07,Partner Referral,218576.41,2024-10-14,2024-06-07,Prospecting,True
OP-04615,Copperline Foods,ben.taylor,U-1032,Won,"24,839.11 $",2026-10-03,2026-02-20,Trade Show,24839.11,2026-10-03,2026-02-20,Closed Won,False
OP-02725,DeltaWave Media,dev.johnson@yahoo.com,U-1030,CLOSED WON,160429.72,2024-09-29,2024-07-25,Web Form,160429.72,2024-09-29,2024-07-25,Closed Won,True
OP-01754,Redwood Outdoors,lena.moore@outlook.com,U-1012,Proposal Sent,191114.28,2024-10-25,2024-06-17,Web Form,191114.28,2024-10-25,2024-06-17,Proposal,True
OP-00238,Redwood Outdoors,owen.taylor@yahoo.com,U-1029,,241581.75,2026-11-08,2026-04-12,Trade Show,241581.75,2026-11-08,2026-04-12,,True
OP-02512,Pinnacle Travel,liam.brown@gmail.com,U-1026,Qualifcation,154851.53,,2026-05-16,Partner Referral,154851.53,,2026-05-16,Qualification,True
OP-01272,Northgate Auto,sofia.smith@company.com,U-1029,Quote Sent,"$230,487.42",2026-01-31,2025-11-08,Bulk Import,230487.42,2026-01-31,2025-11-08,Proposal,True
OP-02047,Tidewater Marine,marcus.miller@gmail.com,U-1027,closed won,196156.59,2024-07-07,2024-02-20,Inbound Call,196156.59,2024-07-07,2024-02-20,Closed Won,True
OP-01677,Ironclad Security,priya.anderson@gmail.com,U-1025,proposal,63912.50,2025-11-21,2025-11-02,Partner Referral,63912.5,2025-11-21,2025-11-02,Proposal,True
OP-02357,Acme Industrial,raj.smith@company.com,U-1007,New Lead,29798.61,2025-09-04,2025-02-19,Trade Show,29798.61,2025-09-04,2025-02-19,Prospecting,True
OP-00739,Umbra Defense,ethan.garcia@example.org,U-1013,Qualified,"USD 198,261.03",,2024-06-01,Web Form,198261.03,,2024-06-01,Qualification,True
OP-00469,Northgate Auto,owen.johnson@company.com,U-0000,qualification,130898.34,2025-06-15,2024-11-23,Partner Referral,130898.34,2025-06-15,2024-11-23,Qualification,True
OP-01086,Copperline Foods,ella.miller@gmail.com,U-1014,Qualified,233511.81,2026-05-31,2026-01-22,Inbound Call,233511.81,2026-05-31,2026-01-22,Qualification,True
OP-03587,Onyx Pharma,maya.wilson@example.org,U-1014,Qualified,"$25,214.61",2024-05-12,2024-02-05,Inbound Call,25214.61,2024-05-12,2024-02-05,Qualification,True
OP-01915,Xenon Robotics,nina.taylor@company.com,U-1030,Qualified,123904.44,2025-02-22,2027-03-25,Trade Show,123904.44,2025-02-22,2027-03-25,Qualification,True
OP-01525,Vertex Capital,aisha.lee@outlook.com,U-1004,Won,132071.90,2024-10-06,2024-05-14,Partner Referral,132071.9,2024-10-06,2024-05-14,Closed Won,True
OP-03047,Xenon Robotics,zoe.patel@example.org,U-1036,Prospecting,"$116,431.43",2026-11-14,2026-06-26,Bulk Import,116431.43,2026-11-14,2026-06-26,Prospecting,True
OP-03559,Vertex Capital,nina.garcia@yahoo.com,U-9999,Negotiation,109451.21,2025-05-21,2025-04-18,Outbound SDR,109451.21,2025-05-21,2025-04-18,Proposal,True
OP-04192,Harborline Bank,noah.taylor@outlook.com,U-1016,Qualification,90295.83,2026-06-08,2026-03-04,Inbound Call,90295.83,2026-06-08,2026-03-04,Qualification,True
OP-04060,Onyx Pharma,zoe.kim@outlook.com,U-1027,,210154.45,2025-07-08,2025-05-29,Partner Referral,210154.45,2025-07-08,2025-05-29,,True
OP-02419,Xenon Robotics,lena.smith@yahoo.com,U-1020,Discovery,221404.83,2024-12-01,2024-11-20,Partner Referral,221404.83,2024-12-01,2024-11-20,Qualification,True
OP-00593,Northgate Auto,sofia.johnson@gmail.com,U-1032,Negotiation,"$66,549.18",2026-04-26,2025-11-21,Inbound Call,66549.18,2026-04-26,2025-11-21,Proposal,True
OP-D0009,Ironclad Security,owen.moore@yahoo.com,U-1034,Prospect,113055.55,2025-11-07,2025-07-12,Bulk Import,113055.55,2025-11-07,2025-07-12,Prospecting,True
OP-01658,Juniper Retail,sofia.brown@example.org,inactive_user,proposal,"$132,856",2025-09-30,2025-02-13,Bulk Import,132856.0,2025-09-30,2025-02-13,Proposal,True
OP-00703,Vertex Capital,kara.johnson@gmail.com,U-1033,Won,"$15,136.79",2025-11-18,2025-08-23,Outbound SDR,15136.79,2025-11-18,2025-08-23,Closed Won,True
OP-03353,Juniper Retail,marcusmiller@example.org,U-1039,PROSPECTING,"$100,978.90",2026-05-26,2025-12-08,Web Form,100978.9,2026-05-26,2025-12-08,Prospecting,True
OP-03372,Juniper Retail,ben.garcia@outlook.com,U-1037,closed won,112901.22,2024-08-26,2024-02-14,Outbound SDR,112901.22,2024-08-26,2024-02-14,Closed Won,True
OP-04172,Vertex Capital,tom.anderson@example.org,U-1005,Proposal,100327.45,2026-05-24,2026-01-18,Bulk Import,100327.45,2026-05-24,2026-01-18,Proposal,True
OP-00304,Meridian Freight,zoe.garcia@gmail.com,U-1001,Closed-Won,73540.78,2026-08-20,2026-05-13,Inbound Call,73540.78,2026-08-20,2026-05-13,Closed Won,True
OP-00838,Umbra Defense,ethan.lee@company.com,inactive_user,ClosedWon,"$109,091.99",2026-10-03,2026-02-13,Web Form,109091.99,2026-10-03,2026-02-13,Closed Won,True
OP-03483,Silverline SaaS,ava.davis@example.org,U-1020,Prospecting,74104.80,2026-12-08,2026-08-16,Trade Show,74104.8,2026-12-08,2026-08-16,Prospecting,True
OP-04041,Zephyr Airlines,ethan.wilson@yahoo.com,U-1015,,249339.74,2025-05-11,2024-11-18,Inbound Call,249339.74,2025-05-11,2024-11-18,,True
OP-01794,Yellowpine Lumber,ava.patel@example.org,U-1032,Discovery,205452.30,2025-06-21,2025-02-28,Outbound SDR,205452.3,2025-06-21,2025-02-28,Qualification,True
OP-02890,,ella.davis@company.com,U-1029,Won,81826.08,2026-02-21,2026-02-04,Trade Show,81826.08,2026-02-21,2026-02-04,Closed Won,True
OP-01701,Ironclad Security,priya.patel@yahoo.com,U-1009,Proposal,"USD 215,057.93",2025-10-01,2025-05-25,Web Form,215057.93,2025-10-01,2025-05-25,Proposal,True
OP-02569,Harborline Bank,ben.davis@example.org,U-1034,CLOSED WON,186764.67,2025-01-28,2024-07-02,Web Form,186764.67,2025-01-28,2024-07-02,Closed Won,True
OP-02420,DeltaWave Media,zoe.kim@outlook.com,U-1014,Negotiation,114674.64,2026-04-26,2025-10-01,Web Form,114674.64,2026-04-26,2025-10-01,Proposal,True
OP-00644,Redwood Outdoors,tom.nguyen@example.org,U-1024,Qualifcation,206011.92,2024-04-16,2024-01-13,Partner Referral,206011.92,2024-04-16,2024-01-13,Qualification,True
OP-03691,Pinnacle Travel,noah.moore@company.com,U-1010,qualification,108400.35,2024-08-10,2024-05-01,Web Form,108400.35,2024-08-10,2024-05-01,Qualification,True
OP-04265,Northgate Auto,kara.garcia@outlook.com,U-1002,CLOSED WON,58755.30,2025-04-13,2024-09-24,Web Form,58755.3,2025-04-13,2024-09-24,Closed Won,True
OP-03538,Acme Industrial,ben.smith@outlook.com,U-1006,Discovery,218279.26,2024-10-25,2024-06-29,Trade Show,218279.26,2024-10-25,2024-06-29,Qualification,True
OP-D0177,Ironclad Security,marcus.garcia@yahoo.com,U-1017,New Lead,46464.19,2025-10-14,2025-09-13,Bulk Import,46464.19,2025-10-14,2025-09-13,Prospecting,True
OP-00077,BluePeak Logistics,nina.nguyen@example.org,U-1030,proposal,242457.97,2025-06-04,2025-02-24,Inbound Call,242457.97,2025-06-04,2025-02-24,Proposal,True
OP-02153,Willow Creek Farms,chris.lee@outlook.com,U-1006,Discovery,217209.43,,2025-07-15,Partner Referral,217209.43,,2025-07-15,Qualification,True
OP-00808,Onyx Pharma,chris.wilson@yahoo.com,U-1036,closed won,113503.84,2026-02-21,2025-11-05,Trade Show,113503.84,2026-02-21,2025-11-05,Closed Won,True
OP-01589,Juniper Retail,aisha.smith@yahoo.com,U-1030,Prospect,"$65,861",2026-05-14,2026-03-12,Web Form,65861.0,2026-05-14,2026-03-12,Prospecting,True
OP-00933,Zephyr Airlines,nina.miller@company.com,U-1002,Proposal Sent,181270.60,2026-05-05,2025-12-08,Bulk Import,181270.6,2026-05-05,2025-12-08,Proposal,True
OP-03330,Larkspur Labs,marcus.thomas@gmail.com,U-1001,Qualification,"$18,364.90",2025-10-04,2025-04-24,Outbound SDR,18364.9,2025-10-04,2025-04-24,Qualification,True
OP-D0278,Keystone Energy,ben.smith@outlook.com,U-1017,ClosedWon,35102.24,2026-05-16,2026-01-09,Trade Show,35102.24,2026-05-16,2026-01-09,Closed Won,True
OP-02639,Everline Health,raj.garcia@company.com,U-1029,Qualification,78690.94,2025-10-24,2025-07-17,Web Form,78690.94,2025-10-24,2025-07-17,Qualification,True
OP-04516,Ironclad Security,noah.moore@yahoo.com,U-1024,Closed Lost,185577.08,2026-07-02,2026-05-07,Inbound Call,185577.08,2026-07-02,2026-05-07,Closed Lost,True
OP-03671,Vertex Capital,ella.kim@example.org,U-1019,Qualification,135223.52,2024-10-17,2024-03-07,Outbound SDR,135223.52,2024-10-17,2024-03-07,Qualification,True
OP-01198,Onyx Pharma,lena.nguyen@example.org,U-1017,Discovery,133564.48,2024-07-20,2024-07-13,Trade Show,133564.48,2024-07-20,2024-07-13,Qualification,True
OP-04579,Everline Health,zoe.nguyen@company.com,U-1037,Prospect,3179.03,2025-06-05,2025-01-10,Trade Show,3179.03,2025-06-05,2025-01-10,Prospecting,True
OP-01630,Redwood Outdoors,ella.brown@yahoo.com,U-1036,Closed Won,"USD 173,113.48",2025-06-20,2025-06-11,Partner Referral,173113.48,2025-06-20,2025-06-11,Closed Won,True
OP-02653,,liam.garcia@yahoo.com,U-1038,Prospect,115153.34,2026-01-05,2025-11-25,Bulk Import,115153.34,2026-01-05,2025-11-25,Prospecting,True
OP-04466,Juniper Retail,dev.moore@yahoo.com,U-1009,closed lost,80167.15,,2025-01-14,Partner Referral,80167.15,,2025-01-14,Closed Lost,True
OP-01765,Redwood Outdoors,aisha.kim@example.org,U-1022,Quote Sent,189072.53,2026-11-25,2026-06-07,Bulk Import,189072.53,2026-11-25,2026-06-07,Proposal,True
OP-03678,Xenon Robotics,ben.johnson@gmail.com,U-1013,Qualification,"$216,952",2026-05-12,2026-01-27,Web Form,216952.0,2026-05-12,2026-01-27,Qualification,True
OP-02618,Everline Health,ethan.miller@company.com,U-1006,CLOSED WON,155387.84,2024-12-12,2024-11-23,Web Form,155387.84,2024-12-12,2024-11-23,Closed Won,True
OP-01087,Keystone Energy,noah.smith@example.org,U-1021,Negotiation,,2024-08-04,2024-02-23,Outbound SDR,,2024-08-04,2024-02-23,Proposal,True
OP-03540,ForgePoint Systems,ben.wilson@gmail.com,U-1004,Prospecting,121080.04,2027-03-22,2026-07-28,Trade Show,121080.04,2027-03-22,2026-07-28,Prospecting,True
OP-00138,Larkspur Labs,marcus.thomas@example.org,U-1008,qualification,203807.09,2025-08-06,2024-12-26,Partner Referral,203807.09,2025-08-06,2024-12-26,Qualification,True
OP-00096,Umbra Defense,lena.moore@yahoo.com,U-1023,Qualification,212098.75,2026-03-26,2025-11-19,Web Form,212098.75,2026-03-26,2025-11-19,Qualification,True
OP-01043,Onyx Pharma,ava.lee@company.com,U-1030,Quote Sent,196261.68,2024-09-20,2024-03-10,Bulk Import,196261.68,2024-09-20,2024-03-10,Proposal,True
OP-D0230,Northgate Auto,maya.patel@outlook.com,U-1005,PROSPECTING,62946.98,2026-09-25,2026-05-31,Bulk Import,62946.98,2026-09-25,2026-05-31,Prospecting,True
OP-02753,Quartzline Telecom,lena.davis@outlook.com,U-1031,Qualifcation,108117.78,2025-06-25,2025-03-27,Inbound Call,108117.78,2025-06-25,2025-03-27,Qualification,True
OP-03658,Pinnacle Travel,sofia.patel@example.org,U-1007,Quote Sent,126053.93,,2027-02-16,Inbound Call,126053.93,,2027-02-16,Proposal,True
OP-02807,Northgate Auto,noah.davis@company.com,U-1024,Qualifcation,128572.31,2024-08-27,2024-07-04,Inbound Call,128572.31,2024-08-27,2024-07-04,Qualification,True
OP-03026,Ironclad Security,rajanderson@yahoo.com,U-1018,Proposal Sent,193529.10,2025-09-13,2025-06-04,Bulk Import,193529.1,2025-09-13,2025-06-04,Proposal,True
OP-03048,Onyx Pharma,sofia.kim@company.com,U-1018,Prospecting,17783.19,2024-06-23,2024-06-03,Outbound SDR,17783.19,2024-06-23,2024-06-03,Prospecting,True
OP-01861,Granite Ridge Co,ava.davis@example.org,U-1015,qualification,61174.17,2024-04-11,2024-03-13,Web Form,61174.17,2024-04-11,2024-03-13,Qualification,True
OP-03497,,liam.kim@yahoo.com,U-1029,New Lead,"USD 68,092.63",2024-11-07,2024-09-17,Bulk Import,68092.63,2024-11-07,2024-09-17,Prospecting,True
OP-03758,Everline Health,priya.thomas@example.org,U-1007,qualification,183162.34,2025-06-14,2025-04-08,Outbound SDR,183162.34,2025-06-14,2025-04-08,Qualification,True
OP-04037,Juniper Retail,owen.patel@gmail.com,U-1015,CLOSED WON,"$75,058",2025-10-22,2025-10-11,Inbound Call,75058.0,2025-10-22,2025-10-11,Closed Won,True
OP-02116,Everline Health,tom.nguyen@yahoo.com,U-1030,Qualified,182456.42,2026-09-30,2026-06-23,Bulk Import,182456.42,2026-09-30,2026-06-23,Qualification,True
OP-04445,Tidewater Marine,liam.wilson@company.com,U-1014,Closed Lost,164890.58,2025-08-12,2025-07-11,Outbound SDR,164890.58,2025-08-12,2025-07-11,Closed Lost,True
OP-03735,Acme Industrial,liam.miller@outlook.com,U-1001,prospecting,98210.76,2026-02-03,2025-08-23,Partner Referral,98210.76,2026-02-03,2025-08-23,Prospecting,True
OP-00141,Quartzline Telecom,liam.taylor@company.com,U-1027,New Lead,206174.14,2024-09-25,2024-04-25,Web Form,206174.14,2024-09-25,2024-04-25,Prospecting,True
OP-02655,Tidewater Marine,ethan.garciayahoo.com,U-1027,Closed-Lost,53546.35,2025-10-02,2025-03-12,Outbound SDR,53546.35,2025-10-02,2025-03-12,Closed Lost,False
OP-04700,Pinnacle Travel,lena.taylor@yahoo.com,U-1019,proposal,18595.28,2024-09-09,2024-01-16,Web Form,18595.28,2024-09-09,2024-01-16,Proposal,True
OP-03356,Vertex Capital,noah.garcia@gmail.com,U-1036,Proposal,235875.60,2025-10-28,2025-07-28,Partner Referral,235875.6,2025-10-28,2025-07-28,Proposal,True
OP-02891,Xenon Robotics,lena.brown@company.com,U-1029,Negotiation,211606.07,2026-01-17,2025-08-07,Web Form,211606.07,2026-01-17,2025-08-07,Proposal,True
OP-03389,Granite Ridge Co,raj.garcia@outlook.com,U-1005,CLOSED WON,"$29,065",2026-03-11,2026-01-26,Web Form,29065.0,2026-03-11,2026-01-26,Closed Won,True
OP-02912,Juniper Retail,priya.garcia@outlook.com,U-1034,Closed-Lost,21251.58,2025-05-23,2025-03-08,Trade Show,21251.58,2025-05-23,2025-03-08,Closed Lost,True
OP-00990,Silverline SaaS,ethan.johnson@outlook.com,U-1037,Lost,82172.85,2026-02-17,2025-07-23,Outbound SDR,82172.85,2026-02-17,2025-07-23,Closed Lost,True
OP-02262,Acme Industrial,nina.anderson@outlook.com,U-1035,Discovery,110919.95,2025-07-14,2025-01-31,Outbound SDR,110919.95,2025-07-14,2025-01-31,Qualification,True
OP-01444,Willow Creek Farms,nina.patel@yahoo.com,U-1029,Lost,220933.24,2026-11-25,2026-05-12,Outbound SDR,220933.24,2026-11-25,2026-05-12,Closed Lost,True
OP-00630,ForgePoint Systems,chris.moore@company.com,U-1015,Discovery,115198.53,2026-02-21,2026-02-09,Partner Referral,115198.53,2026-02-21,2026-02-09,Qualification,True
OP-00965,Redwood Outdoors,tom.taylor@example.org,U-1001,Proposal,119174.65,2026-02-07,2025-06-16,Partner Referral,119174.65,2026-02-07,2025-06-16,Proposal,True
OP-01403,Tidewater Marine,raj.patel@gmail.com,U-1009,closed won,103205.56,2026-09-17,2026-03-10,Inbound Call,103205.56,2026-09-17,2026-03-10,Closed Won,True
OP-03345,Acme Industrial,liam.thomas@example.org,U-1016,Qualification,196364.89,2024-06-28,2024-06-09,Inbound Call,196364.89,2024-06-28,2024-06-09,Qualification,True
OP-00758,Granite Ridge Co,kara.anderson@company.com,U-1031,Qualification,248967.69,2025-02-27,2024-08-28,Inbound Call,248967.69,2025-02-27,2024-08-28,Qualification,True
OP-02079,Copperline Foods,sofia.brown@gmail.com,U-1024,Qualified,69631.87,2025-04-08,2024-11-22,Outbound SDR,69631.87,2025-04-08,2024-11-22,Qualification,True
OP-02140,Acme Industrial,raj.garcia@company.com,U-1022,proposal,,2026-12-07,2026-08-09,Partner Referral,,2026-12-07,2026-08-09,Proposal,True
OP-01839,Vertex Capital,ethan.smith@outlook.com,U-1014,PROSPECTING,227330.69,2024-09-27,2024-06-14,Partner Referral,227330.69,2024-09-27,2024-06-14,Prospecting,True
OP-01256,Vertex Capital,zoe.garcia@yahoo.com,U-1016,Prospect,89519.26,2024-06-05,2024-02-28,Web Form,89519.26,2024-06-05,2024-02-28,Prospecting,True
OP-01143,Onyx Pharma,not-an-email,U-1035,Proposal,225118.23,2026-10-10,2026-06-18,Partner Referral,225118.23,2026-10-10,2026-06-18,Proposal,False
OP-03534,Larkspur Labs,owen.moore@example.org,U-1033,Qualification,106422.72,2026-09-08,2026-01-25,Bulk Import,106422.72,2026-09-08,2026-01-25,Qualification,True
OP-01158,Copperline Foods,noah.lee@gmail.com,U-1003,ClosedWon,221977.79,2026-09-07,2026-05-05,Partner Referral,221977.79,2026-09-07,2026-05-05,Closed Won,True
OP-02111,Larkspur Labs,tom.anderson@yahoo.com,U-1037,qualification,69678.51,2025-12-12,2025-06-11,Outbound SDR,69678.51,2025-12-12,2025-06-11,Qualification,True
OP-04007,BluePeak Logistics,ava.brown@yahoo.com,U-1024,Proposal Sent,206169.24,2024-09-02,2024-01-13,Trade Show,206169.24,2024-09-02,2024-01-13,Proposal,True
OP-02550,Ironclad Security,aisha.brown@example.org,U-1035,Qualification,76782.74,2026-12-09,2026-04-19,Trade Show,76782.74,2026-12-09,2026-04-19,Qualification,True
OP-01478,ForgePoint Systems,sofia.miller@company.com,U-1009,prospecting,"USD 209,606.66",2024-10-09,2024-03-03,Inbound Call,209606.66,2024-10-09,2024-03-03,Prospecting,True
OP-03307,Zephyr Airlines,noah.wilson@gmail.com,U-1031,Proposal,180170.25,2024-08-29,2024-08-04,Outbound SDR,180170.25,2024-08-29,2024-08-04,Proposal,True
OP-02773,Vertex Capital,marcus.miller@example.org,U-1017,,162092.49,2026-10-03,2026-02-20,Bulk Import,162092.49,2026-10-03,2026-02-20,,True
OP-D0113,Larkspur Labs,ava.taylor@company.com,U-1038,Qualification,236845.46,2025-02-24,2024-10-20,Inbound Call,236845.46,2025-02-24,2024-10-20,Qualification,True
OP-01321,Zephyr Airlines,raj.wilson@gmail.com,U-1020,Qualification,176723.70,2024-07-02,2024-04-28,Inbound Call,176723.7,2024-07-02,2024-04-28,Qualification,True
OP-01177,Larkspur Labs,raj.smith@gmail.com,U-1022,proposal,139751.39,2024-10-17,2024-03-23,Trade Show,139751.39,2024-10-17,2024-03-23,Proposal,True
OP-04111,Umbra Defense,maya.lee@example.org,U-1026,Quote Sent,132788.14,2024-06-23,2024-02-27,Partner Referral,132788.14,2024-06-23,2024-02-27,Proposal,True
OP-03242,Granite Ridge Co,zoe.brown@company.com,U-1017,proposal,15006.71,2025-02-19,2024-10-16,Partner Referral,15006.71,2025-02-19,2024-10-16,Proposal,True
OP-00763,Acme Industrial,,U-1013,Closed Lost,"USD 124,810.32",2027-01-29,2026-07-03,Bulk Import,124810.32,2027-01-29,2026-07-03,Closed Lost,
OP-02343,Juniper Retail,kara.wilson@gmail.com,U-1035,prospecting,137684.86,2024-04-27,2026-11-20,Bulk Import,137684.86,2024-04-27,2026-11-20,Prospecting,True
OP-04631,Xenon Robotics,ella.anderson@company.com,U-1009,prospecting,91617.72,2026-09-25,2026-07-29,Trade Show,91617.72,2026-09-25,2026-07-29,Prospecting,True
OP-04283,Juniper Retail,nina.wilson@example.org,U-1012,PROSPECTING,38079.67,2025-12-06,2025-07-13,Bulk Import,38079.67,2025-12-06,2025-07-13,Prospecting,True
OP-02972,ForgePoint Systems,zoe.anderson@yahoo.com,U-1036,prospecting,44005.10,2024-12-17,2024-11-18,Bulk Import,44005.1,2024-12-17,2024-11-18,Prospecting,True
OP-03321,Umbra Defense,maya.garcia@outlook.com,U-1035,Discovery,,2025-07-27,2025-06-27,Bulk Import,,2025-07-27,2025-06-27,Qualification,True
OP-D0012,Granite Ridge Co,ethan.miller@yahoo.com,U-1039,Qualifcation,19970.14,2024-07-23,2024-05-29,Bulk Import,19970.14,2024-07-23,2024-05-29,Qualification,True
OP-04235,Meridian Freight,raj.anderson@yahoo.com,U-1027,Lost,"$112,320.63",2026-02-23,2025-12-16,Inbound Call,112320.63,2026-02-23,2025-12-16,Closed Lost,True
OP-01646,Tidewater Marine,kara.nguyen@yahoo.com,U-1015,Proposal Sent,166545.09,2025-05-13,2025-03-21,Bulk Import,166545.09,2025-05-13,2025-03-21,Proposal,True
OP-00996,Everline Health,raj.miller@example.org,U-1000,,"29,207.15 $",2027-02-18,2026-08-04,Trade Show,29207.15,2027-02-18,2026-08-04,,True
OP-00325,Granite Ridge Co,ben.davis@outlook.com,U-1013,ClosedLost,91751.52,,2024-04-30,Partner Referral,91751.52,,2024-04-30,Closed Lost,True
OP-02134,Copperline Foods,aisha.lee@yahoo.com,U-1037,Closed Lost,232087.69,2026-10-27,2026-03-15,Trade Show,232087.69,2026-10-27,2026-03-15,Closed Lost,True
OP-01934,Willow Creek Farms,nina.brown@example.org,U-1010,prospecting,42957.20,2024-06-24,2024-01-08,Outbound SDR,42957.2,2024-06-24,2024-01-08,Prospecting,True
OP-03256,ForgePoint Systems,ava.wilson@example.org,U-1031,Prospect,"$105,605.16",2024-07-22,2024-03-10,Bulk Import,105605.16,2024-07-22,2024-03-10,Prospecting,True
OP-00894,Yellowpine Lumber,ben.anderson@yahoo.com,U-1008,qualification,60282.46,2025-05-12,2025-05-04,Partner Referral,60282.46,2025-05-12,2025-05-04,Qualification,True
OP-02033,BluePeak Logistics,liam.kim@example.org,U-1011,Qualified,,2026-09-16,2026-08-01,Inbound Call,,2026-09-16,2026-08-01,Qualification,True
OP-00323,Onyx Pharma,ella.taylor@outlook.com,U-0000,Prospecting,198180.97,,2024-09-06,Web Form,198180.97,,2024-09-06,Prospecting,True
OP-00620,Everline Health,noah.davis@company.com,U-1011,Quote Sent,174384.74,2026-09-05,2026-05-10,Web Form,174384.74,2026-09-05,2026-05-10,Proposal,True
OP-04299,Keystone Energy,priya.brown@example.org,U-1021,Won,,2024-07-20,2024-01-11,Web Form,,2024-07-20,2024-01-11,Closed Won,True
OP-02659,Keystone Energy,sofia.brown@example.org,U-1019,Qualification,79627.80,2024-04-10,2024-03-09,Inbound Call,79627.8,2024-04-10,2024-03-09,Qualification,True
OP-02390,Quartzline Telecom,ethan.nguyen@example.org,U-1024,PROSPECTING,79389.56,2027-01-23,2026-07-22,Web Form,79389.56,2027-01-23,2026-07-22,Prospecting,True
OP-D0115,BluePeak Logistics,kara.miller@gmail.com,U-1033,Qualifcation,38996.61,2026-05-03,2025-09-12,Partner Referral,38996.61,2026-05-03,2025-09-12,Qualification,True
OP-04150,ForgePoint Systems,ella.kim@company.com,U-1002,Closed-Won,100491.61,2025-06-07,2025-05-24,Partner Referral,100491.61,2025-06-07,2025-05-24,Closed Won,True
OP-00873,BluePeak Logistics,zoe.miller@outlook.com,U-1035,ClosedWon,"$101,998.37",2026-05-02,2026-01-01,Web Form,101998.37,2026-05-02,2026-01-01,Closed Won,True
OP-04185,Tidewater Marine,zoe.smith@outlook.com,U-1027,Proposal,203279.30,2025-03-03,2024-12-12,Outbound SDR,203279.3,2025-03-03,2024-12-12,Proposal,True
OP-04308,Ironclad Security,noah.kim@gmail.com,U-1010,New Lead,116468.97,2025-12-16,2025-09-25,Trade Show,116468.97,2025-12-16,2025-09-25,Prospecting,True
OP-01243,Keystone Energy,ella.smith@company.com,U-1036,Qualifcation,173130.80,2026-06-29,2026-06-01,Trade Show,173130.8,2026-06-29,2026-06-01,Qualification,True
OP-02427,Silverline SaaS,ella.anderson@@yahoo.com,U-1031,closed won,,2026-08-10,2026-07-22,Inbound Call,,2026-08-10,2026-07-22,Closed Won,False
OP-04307,Keystone Energy,maya.taylor@example.org,U-1019,ClosedWon,"$78,698.48",2026-09-01,2026-04-24,Inbound Call,78698.48,2026-09-01,2026-04-24,Closed Won,True
OP-01311,Silverline SaaS,ella.smith@gmail.com,U-1030,Discovery,26722.96,2025-12-19,2025-11-18,Web Form,26722.96,2025-12-19,2025-11-18,Qualification,True
OP-04011,Granite Ridge Co,marcus.kim@yahoo.com,U-1002,qualification,228139.57,2027-03-17,2026-08-20,Outbound SDR,228139.57,2027-03-17,2026-08-20,Qualification,True
OP-01175,Larkspur Labs,marcus.brown@yahoo.com,U-1033,Closed-Lost,86392.74,2026-11-24,2026-06-12,Partner Referral,86392.74,2026-11-24,2026-06-12,Closed Lost,True
OP-03136,Quartzline Telecom,kara.brown@gmail.com,U-1013,prospecting,21958.77,,2025-12-11,Outbound SDR,21958.77,,2025-12-11,Prospecting,True
OP-01441,Xenon Robotics,aisha.kim@outlook.com,U-9999,Proposal,168450.95,2025-10-05,2025-02-20,Web Form,168450.95,2025-10-05,2025-02-20,Proposal,True
OP-01088,DeltaWave Media,marcus.garcia@yahoo.com,U-1032,Qualified,166565.64,2026-01-19,2025-12-22,Bulk Import,166565.64,2026-01-19,2025-12-22,Qualification,True
OP-04249,Larkspur Labs,aisha.anderson@outlook.com,U-1000,ClosedWon,"$38,344",2025-11-03,2025-07-28,Bulk Import,38344.0,2025-11-03,2025-07-28,Closed Won,True
OP-04457,Ironclad Security,raj.johnson@yahoo.com,U-1033,Proposal Sent,"$145,996",2025-09-20,2025-04-13,Bulk Import,145996.0,2025-09-20,2025-04-13,Proposal,True
OP-03643,Willow Creek Farms,maya.patel@example.org,U-1004,Closed-Won,119650.68,2025-06-24,2025-03-30,Inbound Call,119650.68,2025-06-24,2025-03-30,Closed Won,True
OP-00363,Silverline SaaS,kara.kim@yahoo.com,U-1033,Prospecting,179991.30,2025-09-15,2025-02-15,Outbound SDR,179991.3,2025-09-15,2025-02-15,Prospecting,True
OP-02350,Umbra Defense,liam.garcia@gmail.com,U-1035,Prospecting,20640.08,2024-08-07,2024-06-22,Web Form,20640.08,2024-08-07,2024-06-22,Prospecting,True
OP-02838,Silverline SaaS,sofia.anderson@example.org,U-1016,Discovery,"$113,939",2026-05-22,2026-02-20,Inbound Call,113939.0,2026-05-22,2026-02-20,Qualification,True
OP-01200,Yellowpine Lumber,nina.taylorgmail.com,U-1038,Negotiation,25102.10,2026-02-25,2025-08-17,Inbound Call,25102.1,2026-02-25,2025-08-17,Proposal,False
OP-01219,Acme Industrial,sofia.johnson@gmail.com,U-1030,Lost,216768.34,2025-10-14,2025-03-30,Outbound SDR,216768.34,2025-10-14,2025-03-30,Closed Lost,True
OP-00980,Vertex Capital,ella.smith@outlook.com,U-1001,Qualifcation,176631.58,2024-03-03,2024-01-20,Outbound SDR,176631.58,2024-03-03,2024-01-20,Qualification,True
OP-D0046,Vertex Capital,maya.nguyen@example.org,U-1010,prospecting,18818.01,2025-10-03,2025-06-03,Inbound Call,18818.01,2025-10-03,2025-06-03,Prospecting,True
OP-00622,Willow Creek Farms,tom.miller@company.com,U-1030,Qualification,242842.89,2026-03-03,2025-12-22,Trade Show,242842.89,2026-03-03,2025-12-22,Qualification,True
OP-01174,Redwood Outdoors,tom.smith@company.com,U-1024,Proposal,77022.76,2026-04-25,2026-03-21,Bulk Import,77022.76,2026-04-25,2026-03-21,Proposal,True
OP-02161,Granite Ridge Co,,U-1008,closed lost,87480.02,2025-09-10,2025-06-30,Trade Show,87480.02,2025-09-10,2025-06-30,Closed Lost,
OP-02274,Vertex Capital,zoe.lee@gmail.com,U-1001,prospecting,82450.17,2025-11-19,2025-08-06,Partner Referral,82450.17,2025-11-19,2025-08-06,Prospecting,True
OP-01020,ForgePoint Systems,zoe.kim@example.org,U-1036,Qualification,189086.57,2027-02-04,2026-07-30,Inbound Call,189086.57,2027-02-04,2026-07-30,Qualification,True
OP-01614,Juniper Retail,noah.taylor@company.com,U-1024,qualification,16083.72,2025-12-10,2025-11-24,Web Form,16083.72,2025-12-10,2025-11-24,Qualification,True
OP-03077,Keystone Energy,aisha.anderson@gmail.com,U-1026,Discovery,167332.56,2025-03-09,2024-07-18,Bulk Import,167332.56,2025-03-09,2024-07-18,Qualification,True
OP-02998,Onyx Pharma,owen.nguyen@company.com,U-1009,Negotiation,66142.71,2025-02-07,2024-12-13,Web Form,66142.71,2025-02-07,2024-12-13,Proposal,True
OP-02963,Larkspur Labs,marcus.kim@gmail.com,U-1001,Discovery,214846.57,2024-12-16,2024-09-10,Bulk Import,214846.57,2024-12-16,2024-09-10,Qualification,True
OP-00020,Zephyr Airlines,,U-1032,prospecting,100819.56,2026-08-15,2026-06-11,Outbound SDR,100819.56,2026-08-15,2026-06-11,Prospecting,
OP-01578,Keystone Energy,ella.davis@company.com,U-1016,Closed-Won,216707.67,2026-01-16,2025-11-08,Trade Show,216707.67,2026-01-16,2025-11-08,Closed Won,True
OP-01626,Vertex Capital,ethan.brown@example.org,U-1018,Proposal,240076.46,2026-01-19,2025-06-14,Partner Referral,240076.46,2026-01-19,2025-06-14,Proposal,True
OP-00984,Granite Ridge Co,dev.thomas@gmail.com,U-1021,Qualifcation,17973.55,2025-04-01,2025-03-14,Bulk Import,17973.55,2025-04-01,2025-03-14,Qualification,True
OP-04237,Xenon Robotics,liam.miller@company.com,U-8888,Qualified,94267.54,2025-08-20,2025-03-05,Inbound Call,94267.54,2025-08-20,2025-03-05,Qualification,True
OP-01376,Zephyr Airlines,chris.brown@company.com,U-1032,Qualified,44630.60,2025-12-04,2025-10-17,Web Form,44630.6,2025-12-04,2025-10-17,Qualification,True
OP-00535,Everline Health,owen.patel@outlook.com,U-1015,Proposal Sent,48265.68,2025-09-25,2025-04-09,Trade Show,48265.68,2025-09-25,2025-04-09,Proposal,True
OP-03760,Umbra Defense,marcus.smith@gmail.com,U-1037,Quote Sent,24730.57,2025-04-19,2024-12-12,Bulk Import,24730.57,2025-04-19,2024-12-12,Proposal,True
OP-02258,Quartzline Telecom,,U-1025,Prospecting,87632.55,2026-04-28,2025-11-25,Bulk Import,87632.55,2026-04-28,2025-11-25,Prospecting,
OP-02496,Juniper Retail,ethan.garcia@outlook.com,U-1014,PROSPECTING,109179.82,2024-11-29,2024-07-17,Inbound Call,109179.82,2024-11-29,2024-07-17,Prospecting,True
OP-04500,Juniper Retail,liam.thomasgmail.com,U-1013,ClosedWon,"$113,458",2025-08-08,2025-03-13,Outbound SDR,113458.0,2025-08-08,2025-03-13,Closed Won,False
OP-01472,Granite Ridge Co,ella.lee@gmail.com,U-1016,closed won,182720.79,2025-11-06,2025-10-16,Bulk Import,182720.79,2025-11-06,2025-10-16,Closed Won,True
OP-03172,Zephyr Airlines,marcus.moore@yahoo.com,U-1003,Prospect,226757.81,2025-05-12,2025-03-23,Partner Referral,226757.81,2025-05-12,2025-03-23,Prospecting,True
OP-03461,Quartzline Telecom,dev.davis@outlook.com,U-1035,,5260.15,2024-10-10,2024-04-27,Web Form,5260.15,2024-10-10,2024-04-27,,True
OP-00108,Meridian Freight,marcus.kim@example.org,U-1008,closed lost,173192.01,2026-04-17,2025-12-03,Outbound SDR,173192.01,2026-04-17,2025-12-03,Closed Lost,True
OP-00132,Zephyr Airlines,zoe.moore@company.com,U-1004,proposal,159067.34,2026-07-14,2026-03-25,Outbound SDR,159067.34,2026-07-14,2026-03-25,Proposal,True
OP-01972,Umbra Defense,ethan.miller@gmail.com,U-1026,Discovery,"$29,196",2026-05-19,2026-02-25,Partner Referral,29196.0,2026-05-19,2026-02-25,Qualification,True
OP-03202,Vertex Capital,ben.johnson@example.org,U-1014,Lost,150227.23,2026-03-22,2025-08-19,Outbound SDR,150227.23,2026-03-22,2025-08-19,Closed Lost,True
OP-03108,Copperline Foods,lena.nguyen,U-1025,Qualified,105530.41,2026-04-07,2026-03-07,Bulk Import,105530.41,2026-04-07,2026-03-07,Qualification,False
OP-D0191,Copperline Foods,ella.thomas@company.com,U-1033,Negotiation,,2026-05-04,2026-01-21,Outbound SDR,,2026-05-04,2026-01-21,Proposal,True
OP-D0021,Yellowpine Lumber,zoe.brown@example.org,U-1032,Qualification,"125,351.56 $",2024-12-08,2024-09-18,Bulk Import,125351.56,2024-12-08,2024-09-18,Qualification,True
OP-04504,Silverline SaaS,noah.kim@company.com,U-1012,Qualified,215453.86,2026-11-02,2026-04-02,Web Form,215453.86,2026-11-02,2026-04-02,Qualification,True
OP-03083,Meridian Freight,maya.smith@example.org,U-8888,,,2025-07-11,2025-03-15,Bulk Import,,2025-07-11,2025-03-15,,True
OP-03485,Vertex Capital,dev.smith@yahoo.com,U-1028,Won,"$226,557.28",2025-01-03,2024-10-02,Inbound Call,226557.28,2025-01-03,2024-10-02,Closed Won,True
OP-04139,Larkspur Labs,raj.nguyen@yahoo.com,U-1021,ClosedWon,75447.98,2026-12-15,2026-05-31,Partner Referral,75447.98,2026-12-15,2026-05-31,Closed Won,True
OP-01390,Vertex Capital,sofia.nguyen@gmail.com,U-1006,proposal,188148.00,2026-06-01,2025-12-04,Web Form,188148.0,2026-06-01,2025-12-04,Proposal,True
OP-00051,Harborline Bank,lena.wilson@gmail.com,U-1029,proposal,116365.18,2026-01-19,2025-05-24,Partner Referral,116365.18,2026-01-19,2025-05-24,Proposal,True
OP-04186,Keystone Energy,owen.davisoutlook.com,U-1002,Quote Sent,49266.65,2025-05-29,2025-05-15,Inbound Call,49266.65,2025-05-29,2025-05-15,Proposal,False
OP-01079,Redwood Outdoors,raj.nguyen@gmail.com,U-1038,Prospecting,242423.39,,2024-08-18,Web Form,242423.39,,2024-08-18,Prospecting,True
OP-00332,Willow Creek Farms,aisha.smith@yahoo.com,U-1017,Closed Won,97450.06,2025-10-17,2025-10-10,Trade Show,97450.06,2025-10-17,2025-10-10,Closed Won,True
OP-00456,Xenon Robotics,raj.brown@company.com,U-1037,Qualified,,2026-04-24,2026-01-12,Web Form,,2026-04-24,2026-01-12,Qualification,True
OP-03082,Quartzline Telecom,kara.nguyen@outlook.com,U-1018,proposal,"$58,230.47",2025-08-14,2025-06-17,Bulk Import,58230.47,2025-08-14,2025-06-17,Proposal,True
OP-04574,Willow Creek Farms,kara.thomas@outlook.com,U-1020,Qualified,236703.71,2026-07-03,2026-02-15,Bulk Import,236703.71,2026-07-03,2026-02-15,Qualification,True
OP-01885,BluePeak Logistics,ella.patel@example.org,U-1029,Discovery,218699.85,2025-03-30,2025-03-21,Partner Referral,218699.85,2025-03-30,2025-03-21,Qualification,True
OP-03425,Xenon Robotics,liam.taylor@company.com,U-1016,Quote Sent,9261.74,2027-03-21,2026-08-27,Inbound Call,9261.74,2027-03-21,2026-08-27,Proposal,True
OP-02623,Everline Health,tom.lee@company.com,U-1017,Prospect,"$40,522",2025-04-10,2024-10-30,Inbound Call,40522.0,2025-04-10,2024-10-30,Prospecting,True
OP-01622,Acme Industrial,,U-1029,Prospecting,141929.98,,2024-07-07,Bulk Import,141929.98,,2024-07-07,Prospecting,
OP-04443,Juniper Retail,dev.miller@company.com,U-1015,prospecting,50911.97,2025-12-21,2027-01-18,Inbound Call,50911.97,2025-12-21,2027-01-18,Prospecting,True
OP-01040,Willow Creek Farms,sofia.moore@@outlook.com,U-1024,Negotiation,208136.39,2026-06-21,2025-11-21,Bulk Import,208136.39,2026-06-21,2025-11-21,Proposal,False
OP-00896,Juniper Retail,chris.kim@gmail.com,U-1000,New Lead,227800.71,,2024-07-01,Web Form,227800.71,,2024-07-01,Prospecting,True
OP-01249,Acme Industrial,chris.patel@outlook.com,U-1014,proposal,37444.77,2026-08-24,2026-06-06,Bulk Import,37444.77,2026-08-24,2026-06-06,Proposal,True
OP-04244,,dev.anderson@company.com,U-1025,New Lead,"$94,108",,2024-11-10,Trade Show,94108.0,,2024-11-10,Prospecting,True
OP-04132,Harborline Bank,ethan.patel@gmail.com,U-1000,Qualification,"USD 241,409.60",,2026-07-02,Partner Referral,241409.6,,2026-07-02,Qualification,True
OP-02397,Keystone Energy,priya.patel@outlook.com,U-1023,Qualified,196756.85,2026-12-12,2026-05-17,Inbound Call,196756.85,2026-12-12,2026-05-17,Qualification,True
OP-01197,Vertex Capital,dev.moore@gmail.com,U-1022,,239495.04,2025-04-18,2024-08-28,Bulk Import,239495.04,2025-04-18,2024-08-28,,True
OP-01927,Pinnacle Travel,,U-1036,New Lead,,2025-01-22,2024-10-13,Bulk Import,,2025-01-22,2024-10-13,Prospecting,
OP-00265,Xenon Robotics,ava.patel@outlook.com,U-1020,Negotiation,35501.26,2024-04-24,2024-02-05,Web Form,35501.26,2024-04-24,2024-02-05,Proposal,True
OP-D0228,,ava.nguyen@yahoo.com,U-1002,New Lead,"USD 244,696.49",2024-07-04,2024-02-10,Outbound SDR,244696.49,2024-07-04,2024-02-10,Prospecting,True
OP-02932,,dev.miller@example.org,U-1027,Quote Sent,79760.50,,2024-06-17,Trade Show,79760.5,,2024-06-17,Proposal,True
OP-00182,Acme Industrial,nina.smith@yahoo.com,U-1017,Closed-Won,209570.22,2024-08-21,2024-06-26,Partner Referral,209570.22,2024-08-21,2024-06-26,Closed Won,True
OP-03713,Quartzline Telecom,nina.miller@company.com,U-1033,Negotiation,190582.59,2027-01-28,2026-07-25,Web Form,190582.59,2027-01-28,2026-07-25,Proposal,True
OP-01802,Redwood Outdoors,ella.brown@example.org,U-1007,closed won,191886.76,2027-01-17,2026-08-19,Trade Show,191886.76,2027-01-17,2026-08-19,Closed Won,True
OP-03812,Meridian Freight,tom.anderson@yahoo.com,U-1026,,100087.84,2026-05-03,2025-10-04,Outbound SDR,100087.84,2026-05-03,2025-10-04,,True
OP-04571,DeltaWave Media,noah.wilson@gmail.com,U-1006,PROSPECTING,193844.16,2027-02-01,2026-08-10,Bulk Import,193844.16,2027-02-01,2026-08-10,Prospecting,True
OP-00539,Ironclad Security,marcus.lee@company.com,U-1025,Prospecting,"USD 88,441.24",2025-02-14,2024-10-07,Inbound Call,88441.24,2025-02-14,2024-10-07,Prospecting,True
OP-03596,Xenon Robotics,tom.garcia@example.org,U-1013,Qualification,"$7,173.60",2025-04-14,2025-03-07,Trade Show,7173.6,2025-04-14,2025-03-07,Qualification,True
OP-03128,Tidewater Marine,priya.taylor@yahoo.com,U-1010,Discovery,57484.01,,2024-04-13,Bulk Import,57484.01,,2024-04-13,Qualification,True
OP-03380,Pinnacle Travel,noah.brown@company.com,U-1022,New Lead,"$221,202.24",2026-07-19,2026-03-24,Trade Show,221202.24,2026-07-19,2026-03-24,Prospecting,True
OP-00793,Onyx Pharma,ella.nguyen@outlook.com,U-8888,ClosedWon,"36,681.59 $",2026-11-09,2026-06-04,Outbound SDR,36681.59,2026-11-09,2026-06-04,Closed Won,True
OP-03522,Everline Health,noah.nguyen@yahoo.com,U-1006,proposal,98155.38,2025-06-02,2025-02-16,Partner Referral,98155.38,2025-06-02,2025-02-16,Proposal,True
OP-00116,Pinnacle Travel,ben.brown@company.com,U-1008,prospecting,"$201,832",2025-04-15,2024-09-03,Outbound SDR,201832.0,2025-04-15,2024-09-03,Prospecting,True
OP-03258,Redwood Outdoors,ava.moore@yahoo.com,admin,Prospecting,36564.82,2025-09-05,2025-01-20,Outbound SDR,36564.82,2025-09-05,2025-01-20,Prospecting,True
OP-00930,Harborline Bank,ethan.smith@gmail.com,U-1026,closed lost,110541.63,2025-12-04,2025-08-07,Outbound SDR,110541.63,2025-12-04,2025-08-07,Closed Lost,True
OP-01164,Onyx Pharma,tom.patel@example.org,U-1037,Proposal Sent,"$90,263",,2026-06-02,Partner Referral,90263.0,,2026-06-02,Proposal,True
OP-04158,Redwood Outdoors,marcus.patel@gmail.com,U-1038,prospecting,8988.71,2026-10-27,2026-08-28,Outbound SDR,8988.71,2026-10-27,2026-08-28,Prospecting,True
OP-03068,DeltaWave Media,lena.miller@company.com,U-1032,,156664.86,2025-10-12,2025-07-23,Partner Referral,156664.86,2025-10-12,2025-07-23,,True
OP-00543,Vertex Capital,tom.lee@gmail.com,U-1026,Qualifcation,51141.30,2026-06-11,2026-02-13,Web Form,51141.3,2026-06-11,2026-02-13,Qualification,True
OP-04124,Everline Health,aisha.thomas@company.com,U-1002,Discovery,"$41,442.00",2025-07-26,2025-03-14,Outbound SDR,41442.0,2025-07-26,2025-03-14,Qualification,True
OP-03203,Northgate Auto,nina.davis@yahoo.com,U-1001,Prospect,178134.35,2025-12-18,2025-07-07,Inbound Call,178134.35,2025-12-18,2025-07-07,Prospecting,True
OP-03679,Redwood Outdoors,dev.lee@yahoo.com,U-1011,ClosedLost,"$176,555",2025-07-05,2024-12-17,Outbound SDR,176555.0,2025-07-05,2024-12-17,Closed Lost,True
OP-01233,,marcus.moore@example.org,U-1018,ClosedLost,238051.18,2026-06-25,2026-04-10,Trade Show,238051.18,2026-06-25,2026-04-10,Closed Lost,True
OP-01380,BluePeak Logistics,ethan.davis@company.com,U-1031,Proposal Sent,68902.89,2024-07-13,2024-01-05,Partner Referral,68902.89,2024-07-13,2024-01-05,Proposal,True
OP-00953,,sofia.moore@example.org,U-1009,New Lead,248593.83,2025-12-07,2025-10-12,Partner Referral,248593.83,2025-12-07,2025-10-12,Prospecting,True
OP-00241,Acme Industrial,sofia.lee@example.org,U-1031,Qualification,"USD 212,306.63",2026-10-05,2026-02-21,Inbound Call,212306.63,2026-10-05,2026-02-21,Qualification,True
OP-00267,Silverline SaaS,ella.johnson@gmail.com,U-1021,PROSPECTING,11268.16,2026-12-14,2026-04-19,Partner Referral,11268.16,2026-12-14,2026-04-19,Prospecting,True
OP-04058,Redwood Outdoors,aisha.smith@gmail.com,U-1003,Prospecting,"153,054.11 $",2024-07-12,2024-05-04,Bulk Import,153054.11,2024-07-12,2024-05-04,Prospecting,True
OP-02974,BluePeak Logistics,aisha.thomas,U-1036,qualification,,2026-10-18,2026-07-06,Inbound Call,,2026-10-18,2026-07-06,Qualification,False
OP-02853,Acme Industrial,dev.taylor@example.org,U-1035,,53118.67,2027-01-26,2026-07-02,Inbound Call,53118.67,2027-01-26,2026-07-02,,True
OP-04502,Redwood Outdoors,raj.miller@yahoo.com,U-1018,Qualified,133827.71,2025-10-19,2025-06-07,Outbound SDR,133827.71,2025-10-19,2025-06-07,Qualification,True
OP-03142,DeltaWave Media,liam.thomas@yahoo.com,U-1011,prospecting,"$221,366.69",,2024-08-01,Web Form,221366.69,,2024-08-01,Prospecting,True
OP-01820,Meridian Freight,not-an-email,U-1036,Discovery,112223.56,,2025-06-25,Inbound Call,112223.56,,2025-06-25,Qualification,False
OP-00692,Tidewater Marine,liam.miller@gmail.com,U-1006,Discovery,217857.58,2026-10-05,2026-05-07,Bulk Import,217857.58,2026-10-05,2026-05-07,Qualification,True
OP-01022,Acme Industrial,ben.kim@outlook.com,U-9999,Discovery,237544.92,2025-11-06,2025-05-12,Inbound Call,237544.92,2025-11-06,2025-05-12,Qualification,True
OP-01964,Northgate Auto,kara.anderson@yahoo.com,U-1036,,110866.57,2025-12-22,2025-05-26,Outbound SDR,110866.57,2025-12-22,2025-05-26,,True
OP-03259,Ironclad Security,marcus.smith@company.com,U-1019,Won,38071.78,2025-02-18,2025-02-10,Inbound Call,38071.78,2025-02-18,2025-02-10,Closed Won,True
OP-03820,Willow Creek Farms,aisha.garcia@outlook.com,U-1012,qualification,,2025-02-09,2024-12-30,Trade Show,,2025-02-09,2024-12-30,Qualification,True
OP-03855,Redwood Outdoors,raj.brown@outlook.com,U-1019,Qualifcation,175759.38,2025-03-11,2024-09-14,Outbound SDR,175759.38,2025-03-11,2024-09-14,Qualification,True
OP-01863,Ironclad Security,priya.garcia@gmail.com,U-1038,,118704.36,2025-03-31,2025-03-08,Bulk Import,118704.36,2025-03-31,2025-03-08,,True
OP-04410,Umbra Defense,owen.nguyen@yahoo.com,U-1037,Closed Won,122043.92,2024-08-01,2024-04-06,Bulk Import,122043.92,2024-08-01,2024-04-06,Closed Won,True
OP-D0071,Granite Ridge Co,zoe.miller@yahoo.com,U-1000,closed won,"$34,819.88",2025-04-26,2024-11-10,Inbound Call,34819.88,2025-04-26,2024-11-10,Closed Won,True
OP-03320,Juniper Retail,lena.lee@yahoo.com,U-1021,,201874.11,2027-03-30,2026-08-24,Bulk Import,201874.11,2027-03-30,2026-08-24,,True
OP-D0246,Redwood Outdoors,maya.wilson@yahoo.com,U-1036,Prospect,27420.01,2025-07-06,2025-03-09,Partner Referral,27420.01,2025-07-06,2025-03-09,Prospecting,True
OP-03443,Yellowpine Lumber,kara.lee@example.org,U-1011,Won,130723.95,2026-08-03,2025-12-21,Web Form,130723.95,2026-08-03,2025-12-21,Closed Won,True
OP-01536,Everline Health,liam.miller@yahoo.com,U-9999,Quote Sent,240330.17,2025-03-03,2024-10-27,Outbound SDR,240330.17,2025-03-03,2024-10-27,Proposal,True
OP-01588,ForgePoint Systems,marcus.wilson@example.org,U-1015,Discovery,104789.63,2026-10-09,2026-08-16,Trade Show,104789.63,2026-10-09,2026-08-16,Qualification,True
OP-00654,Everline Health,marcus.moore@outlook.com,U-1019,PROSPECTING,141757.78,2025-09-06,2025-06-18,Outbound SDR,141757.78,2025-09-06,2025-06-18,Prospecting,True
OP-01323,Willow Creek Farms,zoe.taylor@example.org,U-1006,Prospecting,154089.58,2026-11-22,2026-08-23,Trade Show,154089.58,2026-11-22,2026-08-23,Prospecting,True
OP-04102,Northgate Auto,ava.brown@yahoo.com,U-1032,Qualified,"USD 38,527.45",2024-09-05,2024-03-29,Inbound Call,38527.45,2024-09-05,2024-03-29,Qualification,True
OP-01571,Umbra Defense,nina.kim@outlook.com,U-1035,Prospect,"6,196.50 $",2025-05-12,2025-02-18,Web Form,6196.5,2025-05-12,2025-02-18,Prospecting,True
OP-03036,Granite Ridge Co,raj.anderson@gmail.com,U-1036,closed won,88900.55,,2026-04-27,Trade Show,88900.55,,2026-04-27,Closed Won,True
OP-01468,Willow Creek Farms,chris.taylor@outlook.com,U-1035,Prospect,83648.77,2024-11-20,2024-09-22,Outbound SDR,83648.77,2024-11-20,2024-09-22,Prospecting,True
OP-02415,Willow Creek Farms,maya.davisyahoo.com,U-1031,Prospect,71772.80,2026-06-08,2026-02-28,Inbound Call,71772.8,2026-06-08,2026-02-28,Prospecting,False
OP-01094,Acme Industrial,noah.johnson@example.org,U-1037,proposal,33381.06,,2026-02-26,Web Form,33381.06,,2026-02-26,Proposal,True
OP-00828,Northgate Auto,,U-1015,Qualifcation,"USD 111,966.12",2025-07-16,2025-01-22,Outbound SDR,111966.12,2025-07-16,2025-01-22,Qualification,
OP-D0035,Willow Creek Farms,aisha.thomas@gmail.com,U-1014,Prospect,"$238,937.17",2024-03-27,2024-01-23,Trade Show,238937.17,2024-03-27,2024-01-23,Prospecting,True
OP-00298,Onyx Pharma,raj.brown@outlook.com,U-1021,Closed-Lost,,2025-07-01,2025-04-26,Partner Referral,,2025-07-01,2025-04-26,Closed Lost,True
OP-03868,Granite Ridge Co,marcus.garcia@example.org,U-1027,Lost,18935.10,2026-09-29,2026-04-01,Bulk Import,18935.1,2026-09-29,2026-04-01,Closed Lost,True
OP-01851,Zephyr Airlines,liam.thomas@yahoo.com,U-1001,Proposal,"USD 61,793.29",2025-06-05,2024-10-26,Trade Show,61793.29,2025-06-05,2024-10-26,Proposal,True
OP-02571,Umbra Defense,nina.wilson@gmail.com,U-1023,Prospect,203952.17,2026-08-07,2026-03-05,Inbound Call,203952.17,2026-08-07,2026-03-05,Prospecting,True
OP-00234,Tidewater Marine,maya.anderson@outlook.com,U-1038,proposal,98497.71,2026-06-14,2025-12-14,Outbound SDR,98497.71,2026-06-14,2025-12-14,Proposal,True
OP-03567,Northgate Auto,kara.johnson@gmail.com,U-1028,Discovery,"USD 64,045.64",2025-08-14,2024-12-31,Partner Referral,64045.64,2025-08-14,2024-12-31,Qualification,True
OP-03738,Harborline Bank,priya.patel@company.com,U-1033,New Lead,"$89,948.10",2024-08-25,2024-03-25,Trade Show,89948.1,2024-08-25,2024-03-25,Prospecting,True
OP-04364,Silverline SaaS,nina.brown@example.org,U-1022,Qualified,86704.05,2024-09-27,2024-08-13,Trade Show,86704.05,2024-09-27,2024-08-13,Qualification,True
OP-02371,Keystone Energy,nina.miller@outlook.com,U-1011,Qualified,107303.44,2026-09-01,2026-02-01,Trade Show,107303.44,2026-09-01,2026-02-01,Qualification,True
OP-D0268,Harborline Bank,marcus.brown@company.com,U-1022,Quote Sent,228951.36,2026-05-23,2025-12-13,Partner Referral,228951.36,2026-05-23,2025-12-13,Proposal,True
OP-03961,Keystone Energy,zoe.brown@outlook.com,U-1002,closed won,,2024-05-27,2024-04-11,Trade Show,,2024-05-27,2024-04-11,Closed Won,True
OP-00661,Harborline Bank,ethan.lee@gmail.com,U-1032,Negotiation,78583.40,2025-03-02,2024-12-15,Outbound SDR,78583.4,2025-03-02,2024-12-15,Proposal,True
OP-03431,Keystone Energy,chris.miller@gmail.com,U-1032,qualification,109202.75,2025-07-15,2025-03-27,Bulk Import,109202.75,2025-07-15,2025-03-27,Qualification,True
OP-03434,Acme Industrial,sofia.moore@example.org,U-1009,Qualification,206901.98,2026-04-05,2026-02-20,Outbound SDR,206901.98,2026-04-05,2026-02-20,Qualification,True
OP-02426,DeltaWave Media,sofia.smith@example.org,U-1002,Won,112918.52,2027-01-09,2026-08-19,Trade Show,112918.52,2027-01-09,2026-08-19,Closed Won,True
OP-04021,Pinnacle Travel,raj.anderson@company.com,U-1023,Prospecting,135469.44,2026-06-11,2026-03-28,Web Form,135469.44,2026-06-11,2026-03-28,Prospecting,True
OP-01423,Redwood Outdoors,dev.nguyen@gmail.com,U-1030,PROSPECTING,98623.73,2024-12-11,2024-09-14,Bulk Import,98623.73,2024-12-11,2024-09-14,Prospecting,True
OP-00773,Everline Health,aisha.johnson@example.org,U-1026,Closed-Won,215574.00,2025-12-23,2025-11-14,Trade Show,215574.0,2025-12-23,2025-11-14,Closed Won,True
OP-03492,Meridian Freight,maya.anderson@outlook.com,U-1013,Proposal,,2024-05-10,2024-01-20,Web Form,,2024-05-10,2024-01-20,Proposal,True
OP-02643,Larkspur Labs,marcus.garcia@company.com,U-1013,closed won,95432.39,2025-11-08,2025-05-06,Inbound Call,95432.39,2025-11-08,2025-05-06,Closed Won,True
OP-D0054,Zephyr Airlines,sofia.nguyen@yahoo.com,U-1018,PROSPECTING,16183.38,2025-08-09,2024-12-19,Trade Show,16183.38,2025-08-09,2024-12-19,Prospecting,True
OP-00399,Copperline Foods,liam.wilson@outlook.com,U-1003,qualification,109649.93,2025-03-09,2024-12-12,Trade Show,109649.93,2025-03-09,2024-12-12,Qualification,True
OP-01605,Larkspur Labs,ethan.smith@yahoo.com,U-1022,closed lost,"$165,866.22",2026-03-21,2025-12-20,Bulk Import,165866.22,2026-03-21,2025-12-20,Closed Lost,True
OP-03551,Willow Creek Farms,ethan.miller@example.org,U-1029,Proposal,81074.28,2026-11-24,2026-06-13,Outbound SDR,81074.28,2026-11-24,2026-06-13,Proposal,True
OP-01687,Zephyr Airlines,lena.davis@yahoo.com,U-1030,Closed Won,61655.92,,2024-09-22,Outbound SDR,61655.92,,2024-09-22,Closed Won,True
OP-03892,Redwood Outdoors,lena.smith@outlook.com,U-1004,qualification,167534.26,2025-11-30,2025-07-14,Outbound SDR,167534.26,2025-11-30,2025-07-14,Qualification,True
OP-03698,Onyx Pharma,owen.wilson@gmail.com,U-1010,Qualification,17397.93,2026-05-02,2026-02-12,Inbound Call,17397.93,2026-05-02,2026-02-12,Qualification,True
OP-04286,Vertex Capital,noah.moore@outlook.com,U-1038,Proposal Sent,"$96,712",2026-07-09,2026-04-09,Bulk Import,96712.0,2026-07-09,2026-04-09,Proposal,True
OP-00961,Silverline SaaS,ben.wilson@outlook.com,U-1019,Prospect,"USD 70,538.17",2025-12-23,2025-06-06,Outbound SDR,70538.17,2025-12-23,2025-06-06,Prospecting,True
OP-01013,BluePeak Logistics,,U-1023,PROSPECTING,204192.19,2026-05-29,2025-10-23,Partner Referral,204192.19,2026-05-29,2025-10-23,Prospecting,
OP-04670,Granite Ridge Co,aisha.patel@yahoo.com,U-1008,Prospect,233601.86,2026-12-11,2026-08-22,Outbound SDR,233601.86,2026-12-11,2026-08-22,Prospecting,True
OP-00786,Willow Creek Farms,chris.moore@company.com,U-1016,Qualifcation,91161.10,2026-04-11,2026-03-30,Partner Referral,91161.1,2026-04-11,2026-03-30,Qualification,True
OP-00001,Umbra Defense,ben.johnson@example.org,U-1001,,57356.26,2024-05-07,2024-04-24,Web Form,57356.26,2024-05-07,2024-04-24,,True
OP-04657,Northgate Auto,lena.brown@outlook.com,U-1035,,64674.33,2026-04-24,2025-12-31,Trade Show,64674.33,2026-04-24,2025-12-31,,True
OP-02109,Silverline SaaS,ava.smith@example.org,U-1007,qualification,202902.51,2024-10-02,2024-03-28,Web Form,202902.51,2024-10-02,2024-03-28,Qualification,True
OP-03067,Ironclad Security,chris.thomas@example.org,U-1016,Quote Sent,88878.14,2024-08-03,2024-02-21,Bulk Import,88878.14,2024-08-03,2024-02-21,Proposal,True
OP-03487,Onyx Pharma,raj.brown@example.org,U-1025,,248479.56,2024-11-01,2024-09-05,Bulk Import,248479.56,2024-11-01,2024-09-05,,True
OP-04179,Xenon Robotics,ethan.miller@gmail.com,U-1011,Qualified,153064.66,2024-08-20,2024-06-10,Outbound SDR,153064.66,2024-08-20,2024-06-10,Qualification,True
OP-01991,Granite Ridge Co,marcus.patel@gmail.com,U-1019,Closed-Won,17166.52,2026-11-09,2026-04-28,Inbound Call,17166.52,2026-11-09,2026-04-28,Closed Won,True
OP-02171,Meridian Freight,dev.lee@yahoo.com,U-1027,Negotiation,"$17,945.29",2024-11-23,2024-05-19,Bulk Import,17945.29,2024-11-23,2024-05-19,Proposal,True
OP-02044,Yellowpine Lumber,kara.moore@company.com,U-1005,Qualification,107804.82,2025-10-25,2025-07-13,Inbound Call,107804.82,2025-10-25,2025-07-13,Qualification,True
OP-D0211,Keystone Energy,ella.anderson@company.com,U-1024,Qualification,178818.95,2025-01-27,2024-07-13,Web Form,178818.95,2025-01-27,2024-07-13,Qualification,True
OP-01697,Silverline SaaS,not-an-email,U-1035,Qualified,104159.82,2024-08-13,2024-03-02,Inbound Call,104159.82,2024-08-13,2024-03-02,Qualification,False
OP-01721,Harborline Bank,marcus.brown@example.org,U-1027,New Lead,137383.61,2025-09-30,2025-05-31,Web Form,137383.61,2025-09-30,2025-05-31,Prospecting,True
OP-00216,Meridian Freight,dev.johnson@example.org,U-1004,Prospecting,134638.92,2025-06-14,2025-03-19,Partner Referral,134638.92,2025-06-14,2025-03-19,Prospecting,True
OP-04098,Meridian Freight,ben.johnson@outlook.com,U-1007,Quote Sent,,2024-11-02,2024-04-03,Web Form,,2024-11-02,2024-04-03,Proposal,True
OP-00850,Juniper Retail,aisha.brown@outlook.com,U-1016,Prospect,,2024-06-23,2024-06-11,Web Form,,2024-06-23,2024-06-11,Prospecting,True
OP-02000,Pinnacle Travel,ella.lee@gmail.com,U-1039,Qualification,"$32,983.89",2026-03-06,2025-09-05,Trade Show,32983.89,2026-03-06,2025-09-05,Qualification,True
OP-00284,Everline Health,nina.patel@outlook.com,U-1008,,106056.26,,2024-06-15,Inbound Call,106056.26,,2024-06-15,,True
OP-D0220,Redwood Outdoors,sofia.patel@gmail.com,U-1007,Proposal Sent,57679.80,2026-11-28,2026-04-02,Bulk Import,57679.8,2026-11-28,2026-04-02,Proposal,True
OP-D0089,Larkspur Labs,priya.taylor@outlook.com,U-1028,Qualified,82769.91,2024-04-23,2024-01-25,Partner Referral,82769.91,2024-04-23,2024-01-25,Qualification,True
OP-01975,Harborline Bank,liam.anderson@gmail.com,U-1026,Qualified,235062.90,2026-06-08,2026-01-30,Web Form,235062.9,2026-06-08,2026-01-30,Qualification,True
OP-00553,Willow Creek Farms,dev.lee@yahoo.com,U-1015,Proposal,"$47,899.55",2025-11-21,2025-09-02,Inbound Call,47899.55,2025-11-21,2025-09-02,Proposal,True
OP-D0237,Ironclad Security,raj.moore@example.org,U-1029,Proposal Sent,231761.10,2025-11-27,2025-08-06,Trade Show,231761.1,2025-11-27,2025-08-06,Proposal,True
OP-02108,Umbra Defense,chris.garcia@company.com,U-1032,Quote Sent,55013.52,2024-03-22,2024-02-22,Bulk Import,55013.52,2024-03-22,2024-02-22,Proposal,True
OP-00493,ForgePoint Systems,chris.nguyen@company.com,U-1006,closed won,"$248,575.75",2024-11-29,2024-09-12,Trade Show,248575.75,2024-11-29,2024-09-12,Closed Won,True
OP-00194,Juniper Retail,zoe.brown@gmail.com,U-1039,New Lead,68954.33,2025-08-29,2025-03-06,Web Form,68954.33,2025-08-29,2025-03-06,Prospecting,True
OP-03870,Tidewater Marine,raj.wilson@example.org,U-1038,ClosedLost,247874.83,2024-08-16,2024-06-20,Outbound SDR,247874.83,2024-08-16,2024-06-20,Closed Lost,True
OP-02367,Everline Health,zoe.kim@yahoo.com,U-1015,Proposal,64219.30,2025-09-20,2025-06-17,Inbound Call,64219.3,2025-09-20,2025-06-17,Proposal,True
OP-00999,Vertex Capital,dev.smith@outlook.com,U-1033,Proposal,118479.76,2027-01-24,2026-06-23,Inbound Call,118479.76,2027-01-24,2026-06-23,Proposal,True
OP-01987,,kara.thomas@example.org,U-1009,New Lead,100557.31,2025-07-20,2024-12-01,Web Form,100557.31,2025-07-20,2024-12-01,Prospecting,True
OP-04646,DeltaWave Media,ethan.smith@company.com,U-1035,New Lead,"$205,636.66",2025-05-10,2024-09-14,Inbound Call,205636.66,2025-05-10,2024-09-14,Prospecting,True
OP-03164,ForgePoint Systems,aisha.thomas@outlook.com,U-1000,Proposal,"$182,780.22",2024-03-22,2024-02-15,Outbound SDR,182780.22,2024-03-22,2024-02-15,Proposal,True
OP-01101,Ironclad Security,sofia.taylor@outlook.com,U-1036,Discovery,,2026-02-07,2025-11-23,Outbound SDR,,2026-02-07,2025-11-23,Qualification,True
OP-00150,Tidewater Marine,marcus.nguyen@example.org,U-1012,Proposal,212277.24,2026-03-16,2025-09-06,Trade Show,212277.24,2026-03-16,2025-09-06,Proposal,True
OP-03965,ForgePoint Systems,zoe.brown@gmail.com,U-1022,Qualified,138386.48,2026-08-30,2026-04-15,Trade Show,138386.48,2026-08-30,2026-04-15,Qualification,True
OP-00483,Redwood Outdoors,ava.wilson@example.org,U-1008,CLOSED WON,120261.74,2025-12-24,2025-07-18,Inbound Call,120261.74,2025-12-24,2025-07-18,Closed Won,True
OP-02310,Meridian Freight,ethan.moore@company.com,U-1024,New Lead,"USD 117,980.69",2025-11-03,2025-09-04,Inbound Call,117980.69,2025-11-03,2025-09-04,Prospecting,True
OP-01364,Meridian Freight,ethan.garcia@gmail.com,U-1016,Qualified,156787.46,2026-06-06,2025-11-29,Inbound Call,156787.46,2026-06-06,2025-11-29,Qualification,True
OP-01459,Silverline SaaS,noah.garcia@gmail.com,U-1009,Closed Won,"$210,423.29",2025-11-02,2025-04-19,Outbound SDR,210423.29,2025-11-02,2025-04-19,Closed Won,True
OP-D0158,Copperline Foods,raj.brown@company.com,U-1005,New Lead,180380.44,2025-12-05,2025-11-08,Inbound Call,180380.44,2025-12-05,2025-11-08,Prospecting,True
OP-03327,Quartzline Telecom,ethan.smith@company.com,U-1025,,166450.36,2026-08-24,2026-01-23,Trade Show,166450.36,2026-08-24,2026-01-23,,True
OP-02810,Ironclad Security,marcus.smith@example.org,U-1028,PROSPECTING,"$174,662.00",,2025-11-08,Partner Referral,174662.0,,2025-11-08,Prospecting,True
OP-04105,Ironclad Security,priya.smith@example.org,U-1022,Discovery,127379.71,2025-11-12,2025-03-17,Inbound Call,127379.71,2025-11-12,2025-03-17,Qualification,True
OP-02267,Larkspur Labs,raj.johnson@yahoo.com,U-1003,PROSPECTING,173980.13,2025-01-21,2024-11-18,Web Form,173980.13,2025-01-21,2024-11-18,Prospecting,True
OP-00159,Copperline Foods,nina.moore@gmail.com,U-1032,Won,"$104,438.09",2024-04-20,2024-02-14,Inbound Call,104438.09,2024-04-20,2024-02-14,Closed Won,True
OP-02510,Acme Industrial,liam.brown@company.com,U-0000,Discovery,129363.87,2024-09-08,2024-08-10,Outbound SDR,129363.87,2024-09-08,2024-08-10,Qualification,True
OP-02227,Keystone Energy,,U-1022,proposal,30079.54,2026-02-04,2025-08-13,Outbound SDR,30079.54,2026-02-04,2025-08-13,Proposal,
OP-01852,Everline Health,ben.miller@outlook.com,U-1031,PROSPECTING,73756.24,2025-03-05,2024-12-18,Outbound SDR,73756.24,2025-03-05,2024-12-18,Prospecting,True
OP-04426,Umbra Defense,liam.patel@gmail.com,U-1010,,242515.62,2024-04-23,2024-03-31,Outbound SDR,242515.62,2024-04-23,2024-03-31,,True
OP-00741,Pinnacle Travel,chris.miller@gmail.com,U-1033,Proposal Sent,158353.84,2024-04-08,2024-01-14,Partner Referral,158353.84,2024-04-08,2024-01-14,Proposal,True
OP-03033,Ironclad Security,ethan.patel@yahoo.com,U-1034,New Lead,16010.59,2026-08-05,2026-06-26,Inbound Call,16010.59,2026-08-05,2026-06-26,Prospecting,True
OP-02059,ForgePoint Systems,,U-1004,Quote Sent,64777.41,2024-05-09,2024-04-17,Outbound SDR,64777.41,2024-05-09,2024-04-17,Proposal,
OP-02185,Northgate Auto,tom.thomas@yahoo.com,U-1000,prospecting,112029.94,2025-05-27,2025-03-26,Trade Show,112029.94,2025-05-27,2025-03-26,Prospecting,True
OP-02380,Umbra Defense,ella.patel@company.com,U-1037,Proposal Sent,"$142,786.15",2026-01-15,2025-06-21,Inbound Call,142786.15,2026-01-15,2025-06-21,Proposal,True
OP-01091,DeltaWave Media,ethan.davis@company.com,U-1006,,107512.61,2026-06-02,2026-03-19,Web Form,107512.61,2026-06-02,2026-03-19,,True
OP-01741,Silverline SaaS,lena.thomas@gmail.com,U-1001,Closed-Won,"USD 181,933.29",2024-12-16,2024-10-04,Bulk Import,181933.29,2024-12-16,2024-10-04,Closed Won,True
OP-01984,DeltaWave Media,marcus.smith@example.org,U-1038,Closed-Won,213942.13,2025-07-05,2025-06-23,Trade Show,213942.13,2025-07-05,2025-06-23,Closed Won,True
OP-02605,Ironclad Security,ethan.patel@yahoo.com,U-1039,Qualification,"$100,588.17",2025-05-18,2024-10-20,Outbound SDR,100588.17,2025-05-18,2024-10-20,Qualification,True
OP-04198,Quartzline Telecom,raj.moore@yahoo.com,U-1001,Quote Sent,"$173,483",2024-05-24,2024-02-29,Inbound Call,173483.0,2024-05-24,2024-02-29,Proposal,True
OP-04486,Yellowpine Lumber,owen.brown@outlook.com,U-1016,Qualification,22349.94,2026-08-07,2026-05-07,Bulk Import,22349.94,2026-08-07,2026-05-07,Qualification,True
OP-00346,Ironclad Security,raj.garcia@gmail.com,U-1026,PROSPECTING,116338.90,2024-11-17,2024-06-15,Trade Show,116338.9,2024-11-17,2024-06-15,Prospecting,True
OP-04381,Quartzline Telecom,liam.garcia@example.org,U-1013,Quote Sent,"$21,834",2026-07-24,2026-05-06,Bulk Import,21834.0,2026-07-24,2026-05-06,Proposal,True
OP-03982,Silverline SaaS,liam.johnson@company.com,U-1024,Qualified,"$244,195.08",2026-04-10,2025-11-17,Bulk Import,244195.08,2026-04-10,2025-11-17,Qualification,True
OP-00812,Harborline Bank,liam.nguyen@company.com,U-1000,Quote Sent,67810.75,,2025-11-15,Outbound SDR,67810.75,,2025-11-15,Proposal,True
OP-01250,Zephyr Airlines,sofia.nguyen@yahoo.com,U-9999,Proposal,83726.99,2025-11-23,2025-10-28,Inbound Call,83726.99,2025-11-23,2025-10-28,Proposal,True
OP-02054,Yellowpine Lumber,ben.johnson@yahoo.com,U-1011,Prospecting,205531.05,2026-07-20,2026-02-15,Web Form,205531.05,2026-07-20,2026-02-15,Prospecting,True
OP-02517,Redwood Outdoors,lena.davis@gmail.com,U-1002,Discovery,213849.72,2027-02-21,2026-08-17,Partner Referral,213849.72,2027-02-21,2026-08-17,Qualification,True
OP-04255,Copperline Foods,noah.smith@yahoo.com,U-1000,Discovery,151910.16,2025-06-07,2024-11-20,Partner Referral,151910.16,2025-06-07,2024-11-20,Qualification,True
OP-00286,BluePeak Logistics,noah.brown@outlook.com,U-1018,closed won,84115.55,2026-04-17,2025-11-14,Bulk Import,84115.55,2026-04-17,2025-11-14,Closed Won,True
OP-02260,Harborline Bank,dev.johnson@yahoo.com,U-1028,PROSPECTING,231915.36,2025-05-05,2025-04-13,Outbound SDR,231915.36,2025-05-05,2025-04-13,Prospecting,True
OP-00490,Northgate Auto,nina.garcia@outlook.com,U-1027,Qualifcation,28956.36,2026-08-24,2026-07-02,Web Form,28956.36,2026-08-24,2026-07-02,Qualification,True
OP-03693,Quartzline Telecom,owen.smith@company.com,U-1024,Qualifcation,149577.78,2027-03-10,2026-08-18,Outbound SDR,149577.78,2027-03-10,2026-08-18,Qualification,True
OP-03835,Onyx Pharma,nina.garcia@gmail.com,U-1017,proposal,174548.56,2025-07-26,2025-02-19,Partner Referral,174548.56,2025-07-26,2025-02-19,Proposal,True
OP-04616,Ironclad Security,maya.lee@company.com,U-1029,Won,141511.00,2024-04-13,2024-02-02,Partner Referral,141511.0,2024-04-13,2024-02-02,Closed Won,True
OP-00436,Zephyr Airlines,zoe.anderson@company.com,U-1013,ClosedWon,4948.90,2025-06-07,2025-02-17,Outbound SDR,4948.9,2025-06-07,2025-02-17,Closed Won,True
OP-04312,Xenon Robotics,zoe.smith@yahoo.com,U-1006,Proposal Sent,201232.38,,2025-05-16,Outbound SDR,201232.38,,2025-05-16,Proposal,True
OP-03589,,not-an-email,U-1035,Prospect,194115.54,2025-02-07,2024-06-28,Trade Show,194115.54,2025-02-07,2024-06-28,Prospecting,False
OP-04269,Everline Health,,U-1004,New Lead,176697.57,2024-08-03,2024-04-01,Inbound Call,176697.57,2024-08-03,2024-04-01,Prospecting,
OP-01076,Umbra Defense,noah.smith@outlook.com,U-1018,prospecting,108076.24,2026-04-17,2026-04-02,Partner Referral,108076.24,2026-04-17,2026-04-02,Prospecting,True
OP-00240,Ironclad Security,owen.anderson@yahoo.com,U-1012,proposal,125751.84,2025-01-20,2024-07-06,Inbound Call,125751.84,2025-01-20,2024-07-06,Proposal,True
OP-00189,Vertex Capital,priya.kim@company.com,U-1029,Qualification,"$217,971",2025-06-16,2027-02-18,Inbound Call,217971.0,2025-06-16,2027-02-18,Qualification,True
OP-02358,DeltaWave Media,marcus.nguyen@example.org,U-1022,proposal,169062.57,2026-10-10,2026-06-25,Outbound SDR,169062.57,2026-10-10,2026-06-25,Proposal,True
OP-00127,Tidewater Marine,zoe.moore@company.com,U-1006,Prospecting,"$22,345.43",,2024-10-29,Web Form,22345.43,,2024-10-29,Prospecting,True
OP-01784,Larkspur Labs,nina.taylor@company.com,U-1013,Qualified,55943.60,2025-03-22,2024-10-31,Bulk Import,55943.6,2025-03-22,2024-10-31,Qualification,True
OP-03252,BluePeak Logistics,noah.kim@company.com,U-1019,,113288.84,2024-06-11,2024-02-15,Trade Show,113288.84,2024-06-11,2024-02-15,,True
OP-00013,Onyx Pharma,priya.patel@outlook.com,U-1037,Negotiation,166144.09,2025-02-11,2024-10-19,Trade Show,166144.09,2025-02-11,2024-10-19,Proposal,True
OP-00459,,maya.johnson@example.org,U-1022,Won,"$78,378.76",2025-12-21,2025-06-29,Inbound Call,78378.76,2025-12-21,2025-06-29,Closed Won,True
OP-00294,DeltaWave Media,ella.mooreexample.org,U-9999,proposal,52886.40,2026-09-07,2026-04-21,Trade Show,52886.4,2026-09-07,2026-04-21,Proposal,False
OP-00968,Umbra Defense,zoe.brown@yahoo.com,U-1009,Discovery,178766.99,2025-08-31,2025-07-18,Bulk Import,178766.99,2025-08-31,2025-07-18,Qualification,True
OP-02682,,sofia.garcia@yahoo.com,U-1032,Qualifcation,130169.24,2026-07-11,2025-12-11,Bulk Import,130169.24,2026-07-11,2025-12-11,Qualification,True
OP-00410,Harborline Bank,dev.kim@company.com,U-1031,,"112,168.91 $",2026-11-02,2026-04-29,Web Form,112168.91,2026-11-02,2026-04-29,,True
OP-01553,Xenon Robotics,,U-1001,PROSPECTING,"$112,962.29",2026-03-12,2025-10-15,Outbound SDR,112962.29,2026-03-12,2025-10-15,Prospecting,
OP-01418,Copperline Foods,kara.wilson@example.org,U-1003,Closed-Won,132337.82,2024-08-31,2024-03-31,Outbound SDR,132337.82,2024-08-31,2024-03-31,Closed Won,True
OP-00963,Copperline Foods,maya.moore@outlook.com,U-1000,Proposal Sent,76174.52,2024-09-08,2024-01-14,Outbound SDR,76174.52,2024-09-08,2024-01-14,Proposal,True
OP-00890,Quartzline Telecom,tom.davis@yahoo.com,U-1035,Proposal Sent,92719.45,,2024-04-18,Partner Referral,92719.45,,2024-04-18,Proposal,True
OP-01933,Willow Creek Farms,lena.patel@yahoo.com,U-1010,Qualified,64294.02,2025-05-17,2024-10-09,Trade Show,64294.02,2025-05-17,2024-10-09,Qualification,True
OP-01527,Acme Industrial,raj.patel@yahoo.com,U-1004,Prospecting,22402.73,2024-11-27,2024-05-30,Outbound SDR,22402.73,2024-11-27,2024-05-30,Prospecting,True
OP-03974,Onyx Pharma,noah.taylor@outlook.com,U-1024,Qualifcation,"$158,760.23",2024-11-06,2024-09-21,Inbound Call,158760.23,2024-11-06,2024-09-21,Qualification,True
OP-00519,Willow Creek Farms,aisha.davis@example.org,U-1021,prospecting,192668.78,2025-04-15,2024-08-25,Outbound SDR,192668.78,2025-04-15,2024-08-25,Prospecting,True
OP-03143,Onyx Pharma,maya.garcia@outlook.com,U-1028,Quote Sent,181313.41,2026-02-05,2025-07-30,Trade Show,181313.41,2026-02-05,2025-07-30,Proposal,True
OP-01929,Copperline Foods,marcus.davis@gmail.com,U-1006,Qualified,"USD 236,859.37",2025-05-02,2025-03-24,Inbound Call,236859.37,2025-05-02,2025-03-24,Qualification,True
OP-03441,Harborline Bank,lena.moore@example.org,U-1000,Qualified,81522.95,2024-12-30,2024-05-10,Partner Referral,81522.95,2024-12-30,2024-05-10,Qualification,True
OP-03470,Willow Creek Farms,nina.nguyen@yahoo.com,U-1009,Qualification,67629.97,2025-07-19,2025-02-17,Trade Show,67629.97,2025-07-19,2025-02-17,Qualification,True
OP-02941,Willow Creek Farms,marcus.brown@example.org,U-1006,Qualification,130391.60,2025-05-25,2025-03-06,Partner Referral,130391.6,2025-05-25,2025-03-06,Qualification,True
OP-02649,ForgePoint Systems,dev.garcia@gmail.com,U-1030,prospecting,"$59,422.36",2025-06-10,2024-11-09,Trade Show,59422.36,2025-06-10,2024-11-09,Prospecting,True
OP-02576,Harborline Bank,lena.patel@gmail.com,U-1036,Qualifcation,"$210,783.31",2026-05-19,2025-12-17,Bulk Import,210783.31,2026-05-19,2025-12-17,Qualification,True
OP-01632,Acme Industrial,noah.kim@outlook.com,U-1029,ClosedWon,101295.77,2026-04-26,2025-12-09,Trade Show,101295.77,2026-04-26,2025-12-09,Closed Won,True
OP-02968,Acme Industrial,lena.lee@outlook.com,U-1007,Negotiation,113492.51,2026-07-07,2026-02-10,Trade Show,113492.51,2026-07-07,2026-02-10,Proposal,True
OP-02824,Vertex Capital,tom.brown@company.com,U-1029,Quote Sent,52058.28,2026-12-09,2026-06-27,Web Form,52058.28,2026-12-09,2026-06-27,Proposal,True
OP-03649,Redwood Outdoors,liam.brown@example.org,U-1025,proposal,121972.63,2024-07-23,2024-06-28,Partner Referral,121972.63,2024-07-23,2024-06-28,Proposal,True
OP-02884,Northgate Auto,nina.wilson@company.com,U-1029,Closed Lost,104427.66,2026-04-19,2025-08-23,Trade Show,104427.66,2026-04-19,2025-08-23,Closed Lost,True
OP-02933,DeltaWave Media,maya.moore@gmail.com,U-1020,Negotiation,48343.98,2024-10-29,2024-03-27,Bulk Import,48343.98,2024-10-29,2024-03-27,Proposal,True
OP-02203,Granite Ridge Co,kara.patel@example.org,U-1018,proposal,217377.03,2025-08-06,2025-01-16,Trade Show,217377.03,2025-08-06,2025-01-16,Proposal,True
OP-00093,Ironclad Security,ben.patel@yahoo.com,U-1025,CLOSED WON,155290.89,2025-12-27,2025-10-28,Partner Referral,155290.89,2025-12-27,2025-10-28,Closed Won,True
OP-01089,Redwood Outdoors,raj.taylor@example.org,U-1033,Qualified,83491.17,2027-03-09,2026-07-21,Trade Show,83491.17,2027-03-09,2026-07-21,Qualification,True
OP-01007,Granite Ridge Co,ella.brown@example.org,U-1024,Discovery,"$119,103",2025-03-13,2027-03-20,Web Form,119103.0,2025-03-13,2027-03-20,Qualification,True
OP-00676,Umbra Defense,tom.smith@yahoo.com,U-1020,Closed Lost,163307.30,2025-01-07,2024-11-03,Web Form,163307.3,2025-01-07,2024-11-03,Closed Lost,True
OP-04525,Redwood Outdoors,tom.johnson@outlook.com,U-1031,Prospecting,"$204,873",2026-04-06,2026-01-26,Bulk Import,204873.0,2026-04-06,2026-01-26,Prospecting,True
OP-00418,Tidewater Marine,raj.smith@yahoo.com,U-1038,Closed-Won,60095.97,,2025-10-02,Inbound Call,60095.97,,2025-10-02,Closed Won,True
OP-04247,Tidewater Marine,owen.smith@gmail.com,U-1031,Won,"USD 117,244.72",,2024-10-23,Inbound Call,117244.72,,2024-10-23,Closed Won,True
OP-01908,Acme Industrial,dev.smith@outlook.com,U-1017,Qualified,"$203,177",2027-01-31,2026-06-15,Web Form,203177.0,2027-01-31,2026-06-15,Qualification,True
OP-03104,Larkspur Labs,ella.anderson@example.org,U-1004,Qualified,247835.69,2025-07-18,2025-06-05,Partner Referral,247835.69,2025-07-18,2025-06-05,Qualification,True
OP-02750,Keystone Energy,dev.taylor@company.com,U-1036,Prospect,51827.13,2026-10-07,2026-03-23,Inbound Call,51827.13,2026-10-07,2026-03-23,Prospecting,True
OP-02137,Vertex Capital,noah.miller@company.com,U-1033,proposal,126934.75,2025-07-20,2025-07-08,Outbound SDR,126934.75,2025-07-20,2025-07-08,Proposal,True
OP-02788,BluePeak Logistics,dev.lee@company.com,U-1015,Qualified,201623.28,2027-01-04,2026-05-26,Bulk Import,201623.28,2027-01-04,2026-05-26,Qualification,True
OP-03459,BluePeak Logistics,aisha.lee@example.org,U-1007,Prospect,139924.51,2025-10-08,2025-04-14,Bulk Import,139924.51,2025-10-08,2025-04-14,Prospecting,True
OP-03168,Willow Creek Farms,kara.garcia@example.org,U-1019,closed won,46949.14,2026-06-20,2026-05-04,Web Form,46949.14,2026-06-20,2026-05-04,Closed Won,True
OP-03174,Everline Health,zoe.davis@yahoo.com,U-1033,Prospect,"$57,368.54",2026-11-28,2026-07-20,Outbound SDR,57368.54,2026-11-28,2026-07-20,Prospecting,True
OP-00668,Keystone Energy,sofia.lee@outlook.com,U-1021,Lost,"$187,323.75",2026-08-30,2026-05-23,Inbound Call,187323.75,2026-08-30,2026-05-23,Closed Lost,True
OP-02570,Keystone Energy,marcus.smith@yahoo.com,U-1028,Negotiation,"$183,590.45",2025-01-30,2027-06-20,Trade Show,183590.45,2025-01-30,2027-06-20,Proposal,True
OP-03863,Pinnacle Travel,owen.miller@company.com,U-1000,Closed Lost,,2025-04-18,2024-11-04,Partner Referral,,2025-04-18,2024-11-04,Closed Lost,True
OP-04149,Tidewater Marine,chris.johnson@company.com,U-1038,Qualifcation,"$144,718",2026-04-10,2026-02-13,Bulk Import,144718.0,2026-04-10,2026-02-13,Qualification,True
OP-03352,Silverline SaaS,lena.thomas@gmail.com,U-1019,New Lead,"$27,591",2026-01-31,2026-01-01,Inbound Call,27591.0,2026-01-31,2026-01-01,Prospecting,True
OP-03521,Zephyr Airlines,lena.lee@gmail.com,U-1009,Qualified,36191.72,2025-07-28,2025-06-02,Outbound SDR,36191.72,2025-07-28,2025-06-02,Qualification,True
OP-03879,Pinnacle Travel,owen.kim@company.com,U-1014,qualification,"$73,981",,2025-06-24,Outbound SDR,73981.0,,2025-06-24,Qualification,True
OP-04140,ForgePoint Systems,sofia.lee@example.org,U-1035,Proposal Sent,194149.79,2025-12-13,2025-08-06,Outbound SDR,194149.79,2025-12-13,2025-08-06,Proposal,True
OP-02597,Zephyr Airlines,ben.kim@company.com,U-1025,Prospecting,125520.74,2026-04-08,2025-10-23,Partner Referral,125520.74,2026-04-08,2025-10-23,Prospecting,True
OP-04075,Northgate Auto,liam.johnson@example.org,U-1021,Qualification,"$180,886",2024-09-20,2024-06-01,Web Form,180886.0,2024-09-20,2024-06-01,Qualification,True
OP-00647,Umbra Defense,ben.davis@company.com,U-1025,ClosedWon,190914.78,2024-10-12,2027-03-21,Outbound SDR,190914.78,2024-10-12,2027-03-21,Closed Won,True
OP-02317,Acme Industrial,nina.nguyen@gmail.com,U-1018,CLOSED WON,,2026-09-25,2026-06-03,Inbound Call,,2026-09-25,2026-06-03,Closed Won,True
OP-00931,Meridian Freight,tom.wilson@example.org,U-1010,Proposal,233668.87,2024-10-22,2024-04-03,Bulk Import,233668.87,2024-10-22,2024-04-03,Proposal,True
OP-03364,Yellowpine Lumber,liam.moore@example.org,U-1008,Proposal Sent,3123.91,2025-10-26,2025-06-17,Bulk Import,3123.91,2025-10-26,2025-06-17,Proposal,True
OP-02559,Acme Industrial,liam.johnson@yahoo.com,U-1013,qualification,93683.33,2025-04-30,2025-01-04,Partner Referral,93683.33,2025-04-30,2025-01-04,Qualification,True
OP-01413,Meridian Freight,ethan.moore@outlook.com,U-1038,Proposal,191845.94,2026-03-22,2026-01-16,Web Form,191845.94,2026-03-22,2026-01-16,Proposal,True
OP-00407,Xenon Robotics,tom.miller@yahoo.com,U-1021,PROSPECTING,18756.01,2025-05-22,2025-05-15,Outbound SDR,18756.01,2025-05-22,2025-05-15,Prospecting,True
OP-03609,ForgePoint Systems,tom.garcia@company.com,U-1029,Qualification,"$245,173.09",2024-08-30,2024-03-09,Bulk Import,245173.09,2024-08-30,2024-03-09,Qualification,True
OP-02749,Northgate Auto,zoe.patel@example.org,U-1021,Proposal Sent,187851.21,2026-04-28,2025-12-30,Inbound Call,187851.21,2026-04-28,2025-12-30,Proposal,True
OP-02609,Silverline SaaS,ethan.anderson@outlook.com,U-1031,closed lost,188677.51,2025-09-14,2025-08-30,Bulk Import,188677.51,2025-09-14,2025-08-30,Closed Lost,True
OP-00520,Meridian Freight,tom.johnson@gmail.com,U-1019,ClosedLost,"$20,599.58",2024-10-31,2024-09-01,Bulk Import,20599.58,2024-10-31,2024-09-01,Closed Lost,True
OP-02736,Everline Health,sofia.brown@example.org,U-1014,ClosedWon,45736.85,2026-09-22,2026-07-02,Bulk Import,45736.85,2026-09-22,2026-07-02,Closed Won,True
OP-03383,Zephyr Airlines,,U-1017,CLOSED WON,"$8,956.99",2025-09-13,2025-07-24,Trade Show,8956.99,2025-09-13,2025-07-24,Closed Won,
OP-02454,Copperline Foods,sofia.davis@yahoo.com,U-1000,Won,205200.91,2025-11-25,2025-10-06,Trade Show,205200.91,2025-11-25,2025-10-06,Closed Won,True
OP-02657,Juniper Retail,chris.anderson@outlook.com,U-1035,Qualifcation,229802.16,2024-10-02,2024-03-17,Trade Show,229802.16,2024-10-02,2024-03-17,Qualification,True
OP-04191,Xenon Robotics,,U-1039,Qualification,,2024-08-09,2024-01-27,Inbound Call,,2024-08-09,2024-01-27,Qualification,
OP-02018,Granite Ridge Co,tom.anderson@company.com,U-1004,Proposal Sent,"$185,608",2026-07-01,2025-11-18,Trade Show,185608.0,2026-07-01,2025-11-18,Proposal,True
OP-00777,Harborline Bank,marcus.nguyen@yahoo.com,U-1026,qualification,"USD 142,371.70",2025-07-12,2024-11-16,Partner Referral,142371.7,2025-07-12,2024-11-16,Qualification,True
OP-03269,Copperline Foods,liam.garcia@company.com,U-1024,Prospecting,"$163,057.97",2026-05-14,2026-01-15,Outbound SDR,163057.97,2026-05-14,2026-01-15,Prospecting,True
OP-02943,DeltaWave Media,zoe.brown@company.com,U-1039,Discovery,95892.83,2025-12-08,2025-08-03,Bulk Import,95892.83,2025-12-08,2025-08-03,Qualification,True
OP-00936,Acme Industrial,noah.miller@outlook.com,U-1038,PROSPECTING,"$20,316",2026-05-08,2025-09-30,Trade Show,20316.0,2026-05-08,2025-09-30,Prospecting,True
OP-02654,Harborline Bank,dev.lee@outlook.com,U-1028,Prospecting,15587.97,2026-02-25,2025-10-17,Partner Referral,15587.97,2026-02-25,2025-10-17,Prospecting,True
OP-04524,Onyx Pharma,chris.wilson@example.org,U-1024,closed won,44875.86,2026-01-02,2025-10-23,Trade Show,44875.86,2026-01-02,2025-10-23,Closed Won,True
OP-00627,Granite Ridge Co,kara.kim@yahoo.com,U-1033,Qualified,"$67,607",2024-09-20,2024-06-30,Outbound SDR,67607.0,2024-09-20,2024-06-30,Qualification,True
OP-00767,Northgate Auto,aisha.lee@gmail.com,U-1029,Negotiation,215953.74,2024-04-16,2024-04-07,Partner Referral,215953.74,2024-04-16,2024-04-07,Proposal,True
OP-01247,Acme Industrial,raj.wilson@company.com,U-1016,Prospect,49345.75,2026-05-29,2026-05-12,Outbound SDR,49345.75,2026-05-29,2026-05-12,Prospecting,True
OP-01610,Quartzline Telecom,,U-1015,,193696.09,2025-06-28,2025-02-10,Web Form,193696.09,2025-06-28,2025-02-10,,
OP-04620,Tidewater Marine,ava.garcia@company.com,U-1015,Quote Sent,200235.80,2024-07-24,2024-04-05,Web Form,200235.8,2024-07-24,2024-04-05,Proposal,True
OP-04541,Harborline Bank,aisha.nguyen@outlook.com,U-1004,New Lead,238475.72,2025-09-09,2025-06-28,Web Form,238475.72,2025-09-09,2025-06-28,Prospecting,True
OP-01035,Ironclad Security,nina.garcia@gmail.com,U-1007,Prospecting,249431.18,2024-06-21,2024-04-12,Outbound SDR,249431.18,2024-06-21,2024-04-12,Prospecting,True
OP-00243,Pinnacle Travel,raj.kim@company.com,U-1011,Qualified,107137.83,2025-12-22,2025-09-19,Bulk Import,107137.83,2025-12-22,2025-09-19,Qualification,True
OP-02075,Harborline Bank,kara.moore@outlook.com,U-1037,Closed Lost,210197.88,2026-03-23,2026-11-24,Web Form,210197.88,2026-03-23,2026-11-24,Closed Lost,True
OP-04095,Harborline Bank,raj.wilson@example.org,U-1004,Qualified,117400.89,2024-04-13,2024-01-27,Bulk Import,117400.89,2024-04-13,2024-01-27,Qualification,True
OP-00167,Xenon Robotics,kara.miller@outlook.com,U-1012,,"$176,456.31",2026-03-23,2025-12-15,Outbound SDR,176456.31,2026-03-23,2025-12-15,,True
OP-00958,Harborline Bank,zoe.johnson@example.org,U-1025,prospecting,"$61,090",2025-12-29,2025-08-29,Inbound Call,61090.0,2025-12-29,2025-08-29,Prospecting,True
OP-01133,Redwood Outdoors,nina.anderson@gmail.com,U-1037,,197946.51,2025-08-12,2025-03-28,Web Form,197946.51,2025-08-12,2025-03-28,,True
OP-04588,Juniper Retail,aisha.johnson@example.org,U-1011,Closed Won,241409.66,2025-12-02,2025-09-16,Partner Referral,241409.66,2025-12-02,2025-09-16,Closed Won,True
OP-04609,Ironclad Security,sofia.moore@gmail.com,U-1032,Qualifcation,33315.48,2024-10-03,2024-03-21,Web Form,33315.48,2024-10-03,2024-03-21,Qualification,True
OP-D0209,Granite Ridge Co,priya.kim@yahoo.com,U-1023,Qualifcation,236420.17,2026-08-16,2026-04-11,Trade Show,236420.17,2026-08-16,2026-04-11,Qualification,True
OP-D0139,BluePeak Logistics,zoe.miller@outlook.com,U-1020,prospecting,31628.61,2026-11-14,2026-05-11,Outbound SDR,31628.61,2026-11-14,2026-05-11,Prospecting,True
OP-01179,,sofia.anderson@gmail.com,U-1023,Prospect,2061.19,2025-04-16,2025-03-30,Outbound SDR,2061.19,2025-04-16,2025-03-30,Prospecting,True
OP-01950,Granite Ridge Co,maya.patel@gmail.com,U-1011,Prospect,,2024-05-10,2024-03-15,Web Form,,2024-05-10,2024-03-15,Prospecting,True
OP-04594,BluePeak Logistics,sofia.moore@yahoo.com,U-1018,Qualifcation,"$104,128.64",2025-06-18,2025-03-05,Inbound Call,104128.64,2025-06-18,2025-03-05,Qualification,True
OP-04518,Granite Ridge Co,tom.anderson@yahoo.com,U-1031,Closed Lost,211327.06,2024-12-29,2024-10-23,Web Form,211327.06,2024-12-29,2024-10-23,Closed Lost,True
OP-00845,Vertex Capital,,U-1002,Qualified,,2026-01-05,2027-02-11,Partner Referral,,2026-01-05,2027-02-11,Qualification,
OP-02785,Willow Creek Farms,kara.thomas@example.org,U-1036,Closed Won,"$8,700.05",2025-05-19,2024-12-29,Inbound Call,8700.05,2025-05-19,2024-12-29,Closed Won,True
OP-00394,Juniper Retail,dev.lee@gmail.com,U-1031,Prospect,34015.95,2026-06-24,2025-12-08,Partner Referral,34015.95,2026-06-24,2025-12-08,Prospecting,True
OP-01127,Onyx Pharma,ben.garcia@example.org,U-1006,qualification,155699.23,2024-01-27,2024-01-18,Bulk Import,155699.23,2024-01-27,2024-01-18,Qualification,True
OP-01880,Granite Ridge Co,marcus.patel@outlook.com,U-1027,prospecting,45780.98,2024-09-18,2024-02-24,Outbound SDR,45780.98,2024-09-18,2024-02-24,Prospecting,True
OP-03993,Copperline Foods,,U-1031,Proposal Sent,,,2024-11-22,Partner Referral,,,2024-11-22,Proposal,
OP-00246,ForgePoint Systems,maya.brown@example.org,U-1009,Discovery,122898.45,2026-05-28,2026-03-10,Inbound Call,122898.45,2026-05-28,2026-03-10,Qualification,True
OP-03926,Willow Creek Farms,ben.miller@example.org,U-1032,proposal,230454.31,2024-02-01,2024-01-08,Trade Show,230454.31,2024-02-01,2024-01-08,Proposal,True
OP-03324,Yellowpine Lumber,priya.smith@gmail.com,U-1016,Quote Sent,190400.79,2025-09-03,2025-01-18,Bulk Import,190400.79,2025-09-03,2025-01-18,Proposal,True
OP-00391,Juniper Retail,chris.brown@company.com,U-1038,Closed Won,84794.81,2026-03-13,2025-08-06,Trade Show,84794.81,2026-03-13,2025-08-06,Closed Won,True
OP-00230,Pinnacle Travel,chris.davis@company.com,U-1002,ClosedLost,207225.40,2025-12-16,2025-11-06,Trade Show,207225.4,2025-12-16,2025-11-06,Closed Lost,True
OP-01730,DeltaWave Media,dev.thomas@outlook.com,U-1011,prospecting,"$218,950.80",2026-05-26,2025-11-14,Partner Referral,218950.8,2026-05-26,2025-11-14,Prospecting,True
OP-D0098,Willow Creek Farms,sofia.lee@gmail.com,U-1034,Quote Sent,125691.98,2024-09-29,2024-04-05,Partner Referral,125691.98,2024-09-29,2024-04-05,Proposal,True
OP-00336,Juniper Retail,ava.patel@outlook.com,U-1014,qualification,119528.42,2025-08-30,2025-03-02,Bulk Import,119528.42,2025-08-30,2025-03-02,Qualification,True
OP-04368,Granite Ridge Co,raj.taylor@example.org,U-1033,ClosedWon,96834.67,2025-10-07,2025-08-29,Inbound Call,96834.67,2025-10-07,2025-08-29,Closed Won,True
OP-02155,Larkspur Labs,zoe.kim@company.com,U-1009,Qualifcation,"USD 66,755.04",2024-03-28,2024-02-25,Partner Referral,66755.04,2024-03-28,2024-02-25,Qualification,True
OP-00296,Everline Health,dev.thomas@yahoo.com,U-1003,Won,62716.62,,2026-08-23,Inbound Call,62716.62,,2026-08-23,Closed Won,True
OP-01232,Tidewater Marine,ella.smith@gmail.com,U-1034,Won,163018.28,,2025-01-10,Outbound SDR,163018.28,,2025-01-10,Closed Won,True
OP-02483,Harborline Bank,kara.taylor@example.org,U-1031,Qualification,178166.84,2026-04-21,2026-01-11,Web Form,178166.84,2026-04-21,2026-01-11,Qualification,True
OP-04178,Keystone Energy,zoe.patel@gmail.com,U-1019,Prospecting,,2024-07-22,2024-06-15,Trade Show,,2024-07-22,2024-06-15,Prospecting,True
OP-02404,Quartzline Telecom,chris.nguyen@example.org,U-1019,Qualification,130801.82,2026-02-13,2025-09-10,Web Form,130801.82,2026-02-13,2025-09-10,Qualification,True
OP-03732,Copperline Foods,ava.brown@gmail.com,U-1008,Qualification,148382.61,2025-12-17,2025-11-07,Trade Show,148382.61,2025-12-17,2025-11-07,Qualification,True
OP-03056,Zephyr Airlines,ethan.lee@outlook.com,U-1007,Proposal Sent,41241.47,2024-11-11,2024-07-03,Trade Show,41241.47,2024-11-11,2024-07-03,Proposal,True
OP-01791,Vertex Capital,sofia.kim@example.org,U-1001,ClosedWon,211672.67,2025-11-02,2025-07-31,Inbound Call,211672.67,2025-11-02,2025-07-31,Closed Won,True
OP-02302,Everline Health,marcus.wilson@outlook.com,U-1032,Prospecting,198948.73,2025-08-06,2025-06-19,Web Form,198948.73,2025-08-06,2025-06-19,Prospecting,True
OP-04293,Acme Industrial,maya.kim@company.com,U-1031,Qualifcation,"$236,978",,2024-02-20,Partner Referral,236978.0,,2024-02-20,Qualification,True
OP-02698,Larkspur Labs,raj.moore@yahoo.com,U-1013,Closed Lost,53163.04,2026-12-15,2026-07-09,Outbound SDR,53163.04,2026-12-15,2026-07-09,Closed Lost,True
OP-02948,Keystone Energy,liam.davis@example.org,U-1031,CLOSED WON,100791.02,,2026-03-06,Trade Show,100791.02,,2026-03-06,Closed Won,True
OP-00857,Xenon Robotics,dev.taylor@yahoo.com,U-1003,ClosedLost,170669.95,2026-11-08,2026-07-18,Web Form,170669.95,2026-11-08,2026-07-18,Closed Lost,True
OP-00406,Northgate Auto,raj.patel@yahoo.com,U-1031,Qualifcation,11989.97,2024-05-29,2024-04-22,Web Form,11989.97,2024-05-29,2024-04-22,Qualification,True
OP-02154,Copperline Foods,ella.brown@example.org,U-1006,New Lead,126269.12,2025-12-28,2025-05-24,Inbound Call,126269.12,2025-12-28,2025-05-24,Prospecting,True
OP-01436,Acme Industrial,chris.miller@gmail.com,U-1016,,218301.28,2025-08-27,2025-02-22,Bulk Import,218301.28,2025-08-27,2025-02-22,,True
OP-04200,Harborline Bank,ethan.kim@example.org,U-1025,qualification,108013.06,2024-07-09,2024-04-17,Web Form,108013.06,2024-07-09,2024-04-17,Qualification,True
OP-03253,Yellowpine Lumber,ella.patel@company.com,U-9999,ClosedWon,90478.79,,2025-08-24,Partner Referral,90478.79,,2025-08-24,Closed Won,True
OP-02761,ForgePoint Systems,ben.anderson@outlook.com,U-1031,Negotiation,201152.29,2026-06-02,2026-03-30,Trade Show,201152.29,2026-06-02,2026-03-30,Proposal,True
OP-D0002,Quartzline Telecom,ben.nguyen@yahoo.com,U-1024,Discovery,"$190,531.78",2025-10-01,2025-09-21,Bulk Import,190531.78,2025-10-01,2025-09-21,Qualification,True
OP-00500,Onyx Pharma,lena.davis@gmail.com,U-1002,Proposal Sent,,2025-12-04,2025-05-30,Bulk Import,,2025-12-04,2025-05-30,Proposal,True
OP-02362,,marcus.lee@gmail.com,U-1012,New Lead,"$30,874.08",,2024-09-24,Outbound SDR,30874.08,,2024-09-24,Prospecting,True
OP-02495,DeltaWave Media,priya.brown@outlook.com,U-1018,qualification,"$106,506",2026-04-10,2026-01-08,Partner Referral,106506.0,2026-04-10,2026-01-08,Qualification,True
OP-03816,Northgate Auto,noah.thomas@example.org,U-1021,closed lost,29034.22,,2026-08-19,Web Form,29034.22,,2026-08-19,Closed Lost,True
OP-02976,Juniper Retail,dev.wilson@gmail.com,U-1009,proposal,118865.81,2026-09-14,2026-05-02,Partner Referral,118865.81,2026-09-14,2026-05-02,Proposal,True
OP-00283,Willow Creek Farms,raj.johnson@example.org,U-1032,Proposal,24615.43,2026-05-13,2026-03-26,Bulk Import,24615.43,2026-05-13,2026-03-26,Proposal,True
OP-01029,Willow Creek Farms,ben.wilson@company.com,U-1019,New Lead,"USD 117,138.27",2024-02-28,2024-02-21,Bulk Import,117138.27,2024-02-28,2024-02-21,Prospecting,True
OP-01734,Quartzline Telecom,ella.brown@example.org,U-1039,ClosedWon,236276.81,2024-05-27,2024-02-05,Trade Show,236276.81,2024-05-27,2024-02-05,Closed Won,True
OP-01006,Xenon Robotics,lena.lee@yahoo.com,U-1025,ClosedWon,98820.27,2025-01-09,2024-09-30,Bulk Import,98820.27,2025-01-09,2024-09-30,Closed Won,True
OP-00056,Harborline Bank,maya.wilson@company.com,U-1019,Negotiation,"USD 83,345.56",2025-05-10,2025-04-27,Trade Show,83345.56,2025-05-10,2025-04-27,Proposal,True
OP-01230,BluePeak Logistics,chris.anderson@gmail.com,U-1008,prospecting,12299.43,2025-07-07,2024-12-04,Trade Show,12299.43,2025-07-07,2024-12-04,Prospecting,True
OP-02470,Harborline Bank,zoe.smith@outlook.com,U-1000,Qualification,127212.72,2025-03-20,2024-09-30,Partner Referral,127212.72,2025-03-20,2024-09-30,Qualification,True
OP-02147,ForgePoint Systems,aisha.davis@gmail.com,admin,ClosedWon,134231.96,2025-06-03,2024-12-02,Partner Referral,134231.96,2025-06-03,2024-12-02,Closed Won,True
OP-04562,Umbra Defense,ben.davis@company.com,U-1037,prospecting,136813.02,2025-07-13,2025-01-27,Inbound Call,136813.02,2025-07-13,2025-01-27,Prospecting,True
OP-00716,Copperline Foods,tomjohnson@gmail.com,U-1024,qualification,130519.94,2026-03-02,2025-07-22,Inbound Call,130519.94,2026-03-02,2025-07-22,Qualification,True
OP-03420,Granite Ridge Co,owen.lee@outlook.com,U-1026,qualification,"USD 28,756.98",2024-04-17,2024-01-12,Outbound SDR,28756.98,2024-04-17,2024-01-12,Qualification,True
OP-03326,ForgePoint Systems,kara.brown@yahoo.com,U-1018,PROSPECTING,"$83,998",2026-10-11,2026-04-15,Partner Referral,83998.0,2026-10-11,2026-04-15,Prospecting,True
OP-02284,Redwood Outdoors,tom.brown@company.com,U-1033,Prospecting,89260.52,2024-10-11,2026-11-28,Partner Referral,89260.52,2024-10-11,2026-11-28,Prospecting,True
OP-00655,Ironclad Security,ava.patel@yahoo.com,U-1033,prospecting,146641.13,2025-12-18,2025-10-14,Outbound SDR,146641.13,2025-12-18,2025-10-14,Prospecting,True
OP-00475,Onyx Pharma,aisha.nguyen@gmail.com,U-1036,Prospecting,32268.79,2025-01-20,2025-01-11,Outbound SDR,32268.79,2025-01-20,2025-01-11,Prospecting,True
OP-D0015,Yellowpine Lumber,zoe.anderson@company.com,U-1038,Closed Won,"$118,823",2026-12-04,2026-06-01,Bulk Import,118823.0,2026-12-04,2026-06-01,Closed Won,True
OP-01757,Harborline Bank,sofia.miller@yahoo.com,U-1035,Discovery,25522.17,2026-06-30,2026-03-19,Trade Show,25522.17,2026-06-30,2026-03-19,Qualification,True
OP-01562,Silverline SaaS,ethan.taylor@example.org,U-1000,Closed Won,"$230,911",2026-02-11,2026-01-24,Partner Referral,230911.0,2026-02-11,2026-01-24,Closed Won,True
OP-03230,Juniper Retail,chris.kim@company.com,U-1004,prospecting,"$68,054.28",,2026-01-20,Outbound SDR,68054.28,,2026-01-20,Prospecting,True
OP-03757,Meridian Freight,,U-1036,Qualifcation,"$211,706.44",2025-11-15,2025-04-10,Bulk Import,211706.44,2025-11-15,2025-04-10,Qualification,
OP-03166,DeltaWave Media,ethan.patel@gmail.com,U-1003,New Lead,"$95,156.33",2025-08-19,2025-05-21,Web Form,95156.33,2025-08-19,2025-05-21,Prospecting,True
OP-00780,Redwood Outdoors,chris.wilson@company.com,U-1030,Discovery,"USD 106,282.31",2026-03-25,2025-08-20,Outbound SDR,106282.31,2026-03-25,2025-08-20,Qualification,True
OP-03846,Acme Industrial,tom.nguyen@gmail.com,U-1019,Won,226632.78,2025-08-11,2025-02-12,Inbound Call,226632.78,2025-08-11,2025-02-12,Closed Won,True
OP-01817,BluePeak Logistics,marcus.davis@example.org,U-1020,ClosedWon,226667.84,,2024-11-07,Web Form,226667.84,,2024-11-07,Closed Won,True
OP-03512,Zephyr Airlines,ella.wilson@yahoo.com,U-1033,CLOSED WON,52522.25,2025-02-05,2024-07-23,Web Form,52522.25,2025-02-05,2024-07-23,Closed Won,True
OP-00820,Harborline Bank,marcus.wilson@outlook.com,U-1024,closed won,11656.82,2025-04-08,2024-11-15,Inbound Call,11656.82,2025-04-08,2024-11-15,Closed Won,True
OP-D0101,Meridian Freight,zoe.thomas@yahoo.com,U-1007,,89195.90,2024-11-17,2024-04-28,Inbound Call,89195.9,2024-11-17,2024-04-28,,True
OP-00819,Acme Industrial,ben.taylor@gmail.com,U-1030,qualification,211069.55,2025-07-03,2024-11-18,Outbound SDR,211069.55,2025-07-03,2024-11-18,Qualification,True
OP-03518,Keystone Energy,noah.davis@company.com,U-1038,Qualification,91136.74,2027-02-22,2026-07-27,Inbound Call,91136.74,2027-02-22,2026-07-27,Qualification,True
OP-02053,Onyx Pharma,noah.lee@gmail.com,U-1036,qualification,232662.75,2024-06-16,2024-04-06,Partner Referral,232662.75,2024-06-16,2024-04-06,Qualification,True
OP-00384,Yellowpine Lumber,marcus.wilson@outlook.com,U-1031,prospecting,"$42,409.29",2026-09-22,2026-06-05,Outbound SDR,42409.29,2026-09-22,2026-06-05,Prospecting,True
OP-03646,Keystone Energy,zoe.wilson@example.org,U-1036,prospecting,143752.78,,2024-02-07,Partner Referral,143752.78,,2024-02-07,Prospecting,True
OP-00510,Willow Creek Farms,owen.brown@company.com,U-1034,closed won,36278.88,2025-08-07,2025-02-27,Bulk Import,36278.88,2025-08-07,2025-02-27,Closed Won,True
OP-02206,Onyx Pharma,owen.davis@gmail.com,U-1017,Discovery,"$137,027.22",2026-10-05,2026-05-12,Trade Show,137027.22,2026-10-05,2026-05-12,Qualification,True
OP-04509,Onyx Pharma,ethan.lee@example.org,U-1036,,,2026-09-26,2026-05-03,Web Form,,2026-09-26,2026-05-03,,True
OP-04318,Umbra Defense,,U-1032,Prospecting,223123.01,2024-03-20,2024-02-03,Outbound SDR,223123.01,2024-03-20,2024-02-03,Prospecting,
OP-02032,Copperline Foods,ella.anderson@company.com,U-1037,Qualification,86597.81,2026-08-17,2026-04-12,Inbound Call,86597.81,2026-08-17,2026-04-12,Qualification,True
OP-00206,Everline Health,sofia.moore@example.org,U-1012,Negotiation,76130.46,2024-09-10,2024-05-21,Inbound Call,76130.46,2024-09-10,2024-05-21,Proposal,True
OP-00349,Juniper Retail,sofia.garcia@yahoo.com,U-9999,Prospect,222652.14,2026-03-17,2025-12-08,Inbound Call,222652.14,2026-03-17,2025-12-08,Prospecting,True
OP-00540,ForgePoint Systems,dev.moore@yahoo.com,U-1039,Lost,"$109,500.97",2026-05-22,2026-03-24,Web Form,109500.97,2026-05-22,2026-03-24,Closed Lost,True
OP-03730,Granite Ridge Co,liam.johnson@outlook.com,U-1020,closed lost,173921.92,2026-08-28,2026-06-06,Bulk Import,173921.92,2026-08-28,2026-06-06,Closed Lost,True
OP-01874,Juniper Retail,maya.johnson@gmail.com,U-1032,PROSPECTING,,2026-09-04,2026-04-23,Outbound SDR,,2026-09-04,2026-04-23,Prospecting,True
OP-03857,Yellowpine Lumber,aisha.smith@company.com,U-1028,qualification,"$41,910.51",2025-12-15,2025-08-14,Partner Referral,41910.51,2025-12-15,2025-08-14,Qualification,True
OP-00502,Harborline Bank,kara.johnson@company.com,U-1016,Prospecting,135272.40,2026-04-06,2026-01-18,Trade Show,135272.4,2026-04-06,2026-01-18,Prospecting,True
OP-03725,Quartzline Telecom,maya.lee@company.com,U-1006,Closed Won,41812.72,2026-04-15,2026-04-05,Inbound Call,41812.72,2026-04-15,2026-04-05,Closed Won,True
OP-01271,Pinnacle Travel,nina.miller@outlook.com,U-1009,Discovery,11088.69,2024-04-26,2024-01-08,Bulk Import,11088.69,2024-04-26,2024-01-08,Qualification,True
OP-03862,Silverline SaaS,,U-1023,ClosedLost,182128.20,2025-07-30,2025-03-20,Inbound Call,182128.2,2025-07-30,2025-03-20,Closed Lost,
OP-01315,Meridian Freight,ethan.taylor@company.com,U-1004,Qualifcation,85609.52,2024-06-28,2024-03-09,Web Form,85609.52,2024-06-28,2024-03-09,Qualification,True
OP-04189,Larkspur Labs,maya.moore@yahoo.com,U-1030,prospecting,177754.20,2026-01-08,2025-07-16,Partner Referral,177754.2,2026-01-08,2025-07-16,Prospecting,True
OP-00619,Northgate Auto,ella.brown@company.com,U-1022,Discovery,"$190,482",2026-03-18,2025-11-11,Partner Referral,190482.0,2026-03-18,2025-11-11,Qualification,True
OP-00595,DeltaWave Media,liam.johnson@yahoo.com,U-1026,closed won,"USD 148,686.54",2025-08-03,2024-12-10,Trade Show,148686.54,2025-08-03,2024-12-10,Closed Won,True
OP-01676,,zoe.taylor@outlook.com,U-1029,Lost,"$172,231.88",,2026-06-02,Web Form,172231.88,,2026-06-02,Closed Lost,True
OP-02181,Northgate Auto,chris.nguyen@yahoo.com,U-1005,Closed-Won,"$160,147",2026-06-27,2026-02-28,Outbound SDR,160147.0,2026-06-27,2026-02-28,Closed Won,True
OP-04003,Silverline SaaS,kara.taylor@gmail.com,U-1024,Discovery,"38,477.42 $",2024-04-25,2024-03-22,Inbound Call,38477.42,2024-04-25,2024-03-22,Qualification,True
OP-01945,Pinnacle Travel,dev.moore@outlook.com,U-1003,Lost,230609.36,2025-02-22,2024-09-07,Trade Show,230609.36,2025-02-22,2024-09-07,Closed Lost,True
OP-01862,Harborline Bank,ben.kim@gmail.com,U-1002,Prospecting,62376.65,2026-09-03,2026-04-13,Inbound Call,62376.65,2026-09-03,2026-04-13,Prospecting,True
OP-02089,Quartzline Telecom,aisha.anderson@gmail.com,U-1034,Won,,2024-08-31,2024-04-22,Bulk Import,,2024-08-31,2024-04-22,Closed Won,True
OP-03675,Vertex Capital,liam.anderson@example.org,U-8888,Proposal Sent,99222.78,2024-06-10,2024-02-16,Bulk Import,99222.78,2024-06-10,2024-02-16,Proposal,True
OP-00412,DeltaWave Media,aisha.brown@gmail.com,U-1020,,"$147,335",2024-04-21,2024-02-23,Outbound SDR,147335.0,2024-04-21,2024-02-23,,True
OP-D0073,BluePeak Logistics,ethan.brown@company.com,U-1039,closed lost,204532.10,2026-08-21,2026-07-24,Bulk Import,204532.1,2026-08-21,2026-07-24,Closed Lost,True
OP-00487,Onyx Pharma,raj.anderson@outlook.com,U-1003,ClosedLost,226142.06,2024-12-17,2024-06-21,Outbound SDR,226142.06,2024-12-17,2024-06-21,Closed Lost,True
OP-01542,Xenon Robotics,lena.miller@outlook.com,U-1019,,111832.91,2026-07-09,2025-12-23,Inbound Call,111832.91,2026-07-09,2025-12-23,,True
OP-04273,Copperline Foods,sofia.garcia@yahoo.com,U-1038,Qualifcation,7154.98,2024-11-24,2024-03-29,Bulk Import,7154.98,2024-11-24,2024-03-29,Qualification,True
OP-01385,Zephyr Airlines,ben.brown@outlook.com,U-1031,proposal,166014.91,2025-03-29,2024-10-30,Inbound Call,166014.91,2025-03-29,2024-10-30,Proposal,True
OP-03012,BluePeak Logistics,dev.miller@outlook.com,U-1035,Lost,"$141,286",2027-02-05,2026-08-24,Outbound SDR,141286.0,2027-02-05,2026-08-24,Closed Lost,True
OP-03763,Tidewater Marine,ben.wilson@company.com,U-1004,Proposal,"$132,915.82",2024-10-12,2024-08-30,Bulk Import,132915.82,2024-10-12,2024-08-30,Proposal,True
OP-02313,Vertex Capital,noah.thomas@example.org,U-1005,Qualification,162470.08,2026-02-02,2025-10-13,Trade Show,162470.08,2026-02-02,2025-10-13,Qualification,True
OP-02696,Pinnacle Travel,liam.moore@outlook.com,U-1005,Closed Won,36557.89,2024-08-16,2024-05-17,Web Form,36557.89,2024-08-16,2024-05-17,Closed Won,True
OP-00255,Yellowpine Lumber,noah.davis@outlook.com,U-1019,Proposal,51396.61,2025-06-07,2025-03-29,Partner Referral,51396.61,2025-06-07,2025-03-29,Proposal,True
OP-02389,Larkspur Labs,tom.lee@company.com,U-1033,New Lead,"69,544.98 $",2025-09-24,2025-03-02,Partner Referral,69544.98,2025-09-24,2025-03-02,Prospecting,True
OP-02688,DeltaWave Media,ben.nguyen@yahoo.com,U-1000,proposal,141217.72,2026-09-06,2026-03-29,Outbound SDR,141217.72,2026-09-06,2026-03-29,Proposal,True
OP-04305,DeltaWave Media,lena.moore@yahoo.com,U-1024,Prospecting,127215.26,2025-07-08,2025-02-07,Trade Show,127215.26,2025-07-08,2025-02-07,Prospecting,True
OP-02133,Copperline Foods,lena.lee@company.com,U-1015,New Lead,81392.95,2026-11-24,2026-07-29,Outbound SDR,81392.95,2026-11-24,2026-07-29,Prospecting,True
OP-02602,Silverline SaaS,lena.wilson@outlook.com,U-1011,Qualified,"$89,704.10",,2025-02-21,Inbound Call,89704.1,,2025-02-21,Qualification,True
OP-04444,Pinnacle Travel,priya.nguyen@company.com,U-1016,Closed Won,236686.70,2025-12-02,2025-08-10,Web Form,236686.7,2025-12-02,2025-08-10,Closed Won,True
OP-00224,Xenon Robotics,maya.patel@yahoo.com,U-1013,Closed Lost,56267.14,2026-05-29,2026-01-19,Bulk Import,56267.14,2026-05-29,2026-01-19,Closed Lost,True
OP-01753,Yellowpine Lumber,ethan.anderson@example.org,U-1007,Prospect,95651.04,2025-04-15,2024-12-27,Inbound Call,95651.04,2025-04-15,2024-12-27,Prospecting,True
OP-01489,Xenon Robotics,raj.lee@outlook.com,U-1020,Qualified,134423.87,2026-02-19,2025-10-11,Inbound Call,134423.87,2026-02-19,2025-10-11,Qualification,True
OP-03787,DeltaWave Media,ethan.miller@outlook.com,U-1035,Quote Sent,87156.73,2024-07-02,2024-03-29,Web Form,87156.73,2024-07-02,2024-03-29,Proposal,True
OP-01760,Meridian Freight,dev.johnson@yahoo.com,U-1000,Closed Won,25306.26,2024-08-05,2024-04-27,Partner Referral,25306.26,2024-08-05,2024-04-27,Closed Won,True
OP-03792,Granite Ridge Co,ava.nguyen@gmail.com,U-1028,ClosedWon,207132.85,2024-05-23,2024-05-05,Outbound SDR,207132.85,2024-05-23,2024-05-05,Closed Won,True
OP-02529,Redwood Outdoors,tom.thomas@company.com,U-1017,Qualified,100849.30,,2026-04-05,Bulk Import,100849.3,,2026-04-05,Qualification,True
OP-04361,DeltaWave Media,ava.kim@outlook.com,inactive_user,PROSPECTING,122317.75,,2026-05-01,Trade Show,122317.75,,2026-05-01,Prospecting,True
OP-03578,Keystone Energy,tom.smith@gmail.com,U-1023,Prospecting,39523.86,2025-08-30,2025-04-05,Inbound Call,39523.86,2025-08-30,2025-04-05,Prospecting,True
OP-02170,Everline Health,sofia.smith@company.com,U-1003,Qualification,235805.66,2027-01-29,2026-06-08,Bulk Import,235805.66,2027-01-29,2026-06-08,Qualification,True
OP-D0148,Granite Ridge Co,tomnguyen@gmail.com,U-1028,closed lost,"USD 104,883.51",2024-11-28,2027-02-26,Inbound Call,104883.51,2024-11-28,2027-02-26,Closed Lost,True
OP-03766,Umbra Defense,,U-1038,Won,,2026-10-05,2026-04-04,Trade Show,,2026-10-05,2026-04-04,Closed Won,
OP-03702,Silverline SaaS,noah.johnson@gmail.com,U-1003,Won,84924.33,2025-07-19,2024-12-23,Bulk Import,84924.33,2025-07-19,2024-12-23,Closed Won,True
OP-02781,Xenon Robotics,liam.lee@company.com,U-1028,Quote Sent,"47,904.77 $",2024-09-25,2024-06-06,Bulk Import,47904.77,2024-09-25,2024-06-06,Proposal,True
OP-01896,Everline Health,aisha.kim@gmail.com,U-1010,closed lost,235452.69,2026-01-24,2025-09-18,Trade Show,235452.69,2026-01-24,2025-09-18,Closed Lost,True
OP-02334,Acme Industrial,liam.thomas@yahoo.com,U-1010,Qualifcation,,2025-09-10,2025-03-06,Bulk Import,,2025-09-10,2025-03-06,Qualification,True
OP-00400,Juniper Retail,aisha.miller@outlook.com,U-1028,Qualifcation,3959.75,2026-07-24,2026-01-08,Trade Show,3959.75,2026-07-24,2026-01-08,Qualification,True
OP-03391,Keystone Energy,priya.thomas@gmail.com,U-1031,Qualifcation,110890.93,2026-06-02,2026-02-12,Bulk Import,110890.93,2026-06-02,2026-02-12,Qualification,True
OP-02563,Quartzline Telecom,noah.kim@gmail.com,U-1023,Won,220318.51,2024-12-19,2024-07-15,Bulk Import,220318.51,2024-12-19,2024-07-15,Closed Won,True
OP-04103,Xenon Robotics,ethan.davis@example.org,U-1038,Qualified,127611.01,2026-05-31,2025-12-16,Inbound Call,127611.01,2026-05-31,2025-12-16,Qualification,True
OP-03144,Copperline Foods,ava.johnson@outlook.com,U-1000,New Lead,34186.88,2024-12-09,2024-07-02,Trade Show,34186.88,2024-12-09,2024-07-02,Prospecting,True
OP-04183,Meridian Freight,not-an-email,U-1012,Qualifcation,47182.34,2026-09-11,2026-08-17,Trade Show,47182.34,2026-09-11,2026-08-17,Qualification,False
OP-02475,Umbra Defense,nina.moore@gmail.com,U-1000,New Lead,"$116,145.62",2024-08-23,2024-06-04,Web Form,116145.62,2024-08-23,2024-06-04,Prospecting,True
OP-03660,Silverline SaaS,priya.brown@example.org,U-1017,Prospect,"$222,086.92",2026-05-02,2025-12-02,Inbound Call,222086.92,2026-05-02,2025-12-02,Prospecting,True
OP-02746,Ironclad Security,ava.wilson@yahoo.com,U-1027,Proposal Sent,"USD 17,899.62",2026-07-09,2026-06-05,Bulk Import,17899.62,2026-07-09,2026-06-05,Proposal,True
OP-02707,Copperline Foods,priya.anderson@outlook.com,U-1015,,89014.36,2026-10-20,2026-03-31,Outbound SDR,89014.36,2026-10-20,2026-03-31,,True
OP-D0099,Pinnacle Travel,tom.patel@company.com,U-1035,Qualified,214717.81,2025-04-12,2024-12-22,Web Form,214717.81,2025-04-12,2024-12-22,Qualification,True
OP-02417,Tidewater Marine,priya.anderson@yahoo.com,U-1021,ClosedLost,30401.87,2024-12-30,2024-06-26,Trade Show,30401.87,2024-12-30,2024-06-26,Closed Lost,True
OP-02012,ForgePoint Systems,priya.wilson@company.com,U-1014,Prospect,199201.86,2025-12-17,2025-05-29,Outbound SDR,199201.86,2025-12-17,2025-05-29,Prospecting,True
OP-01561,Everline Health,owen.smith@outlook.com,U-1018,Qualified,"$15,810.32",2025-10-31,2025-04-08,Web Form,15810.32,2025-10-31,2025-04-08,Qualification,True
OP-03687,Onyx Pharma,sofia.anderson@company.com,U-1002,Prospecting,15107.44,2026-11-24,2026-04-06,Partner Referral,15107.44,2026-11-24,2026-04-06,Prospecting,True
OP-D0163,DeltaWave Media,nina.miller@gmail.com,U-1020,Discovery,"USD 222,554.70",2024-08-11,2024-05-29,Partner Referral,222554.7,2024-08-11,2024-05-29,Qualification,True
OP-02592,Willow Creek Farms,lena.smith@gmail.com,U-1031,Prospect,133097.16,2025-09-29,2025-04-15,Partner Referral,133097.16,2025-09-29,2025-04-15,Prospecting,True
OP-D0185,Acme Industrial,ethan.miller@yahoo.com,U-1006,PROSPECTING,90614.08,2026-09-12,2026-06-22,Inbound Call,90614.08,2026-09-12,2026-06-22,Prospecting,True
OP-00339,Redwood Outdoors,nina.thomas@yahoo.com,U-1034,Lost,232905.09,2024-12-12,2024-11-04,Bulk Import,232905.09,2024-12-12,2024-11-04,Closed Lost,True
OP-02184,DeltaWave Media,sofia.anderson@gmail.com,U-1016,proposal,26461.17,2025-09-17,2025-02-14,Inbound Call,26461.17,2025-09-17,2025-02-14,Proposal,True
OP-00008,Quartzline Telecom,marcus.nguyen@gmail.com,U-1036,Quote Sent,"$6,830.23",2026-08-05,2026-07-29,Web Form,6830.23,2026-08-05,2026-07-29,Proposal,True
OP-03407,Everline Health,aisha.smith@example.org,U-1026,Prospect,7326.62,2026-10-02,2026-02-05,Bulk Import,7326.62,2026-10-02,2026-02-05,Prospecting,True
OP-04390,Pinnacle Travel,chris.lee@gmail.com,U-1025,Qualification,"$14,250",2026-09-01,2026-03-08,Inbound Call,14250.0,2026-09-01,2026-03-08,Qualification,True
OP-04552,Zephyr Airlines,maya.anderson@gmail.com,U-1007,ClosedLost,36062.74,2026-08-29,2026-02-14,Partner Referral,36062.74,2026-08-29,2026-02-14,Closed Lost,True
OP-02215,Xenon Robotics,marcus.garcia@gmail.com,U-1016,Qualification,206444.17,2026-06-23,2025-12-14,Web Form,206444.17,2026-06-23,2025-12-14,Qualification,True
OP-02436,Tidewater Marine,zoe.brown@company.com,U-1028,Prospect,"$212,467.18",2026-09-10,2026-04-17,Partner Referral,212467.18,2026-09-10,2026-04-17,Prospecting,True
OP-03583,Everline Health,raj.taylor@example.org,U-1010,Closed-Won,150690.72,2024-11-17,2024-10-13,Inbound Call,150690.72,2024-11-17,2024-10-13,Closed Won,True
OP-03240,Meridian Freight,ethan.davis@gmail.com,U-1032,New Lead,"$153,096",2026-06-15,2025-11-11,Bulk Import,153096.0,2026-06-15,2025-11-11,Prospecting,True
OP-01609,Tidewater Marine,owen.nguyen@example.org,U-1034,PROSPECTING,174591.06,2024-09-12,2024-05-09,Bulk Import,174591.06,2024-09-12,2024-05-09,Prospecting,True
OP-02595,Granite Ridge Co,nina.wilson@gmail.com,U-1038,Qualifcation,87193.02,2026-06-21,2026-03-21,Trade Show,87193.02,2026-06-21,2026-03-21,Qualification,True
OP-02771,Silverline SaaS,tom.smith@company.com,U-1000,ClosedLost,197357.39,2026-01-27,2025-08-27,Inbound Call,197357.39,2026-01-27,2025-08-27,Closed Lost,True
OP-01775,Acme Industrial,liam.lee@gmail.com,U-1034,CLOSED WON,84861.80,2026-05-03,2026-01-13,Trade Show,84861.8,2026-05-03,2026-01-13,Closed Won,True
OP-01621,Granite Ridge Co,ava.davis@outlook.com,U-1015,Proposal Sent,170236.80,2026-02-21,2025-08-13,Outbound SDR,170236.8,2026-02-21,2025-08-13,Proposal,True
OP-00072,BluePeak Logistics,nina.miller@example.org,U-1002,Qualification,154522.08,2025-08-19,2025-01-12,Outbound SDR,154522.08,2025-08-19,2025-01-12,Qualification,True
OP-01604,Harborline Bank,aisha.smith@example.org,U-1034,closed lost,200980.73,2024-04-02,2024-01-21,Outbound SDR,200980.73,2024-04-02,2024-01-21,Closed Lost,True
OP-03628,Silverline SaaS,kara.taylor@example.org,U-1014,Proposal,65881.10,2026-04-10,2025-12-09,Web Form,65881.1,2026-04-10,2025-12-09,Proposal,True
OP-00115,Quartzline Telecom,ethan.wilson@company.com,U-1003,Qualification,"$140,066.09",2024-12-04,2024-08-14,Partner Referral,140066.09,2024-12-04,2024-08-14,Qualification,True
OP-03912,Copperline Foods,dev.johnson@company.com,U-1032,prospecting,57973.22,2024-03-27,2024-01-19,Partner Referral,57973.22,2024-03-27,2024-01-19,Prospecting,True
OP-04602,Ironclad Security,nina.garcia@company.com,U-1014,New Lead,19206.92,2024-09-17,2024-07-09,Trade Show,19206.92,2024-09-17,2024-07-09,Prospecting,True
OP-04565,Zephyr Airlines,ethan.davis@example.org,U-1032,Negotiation,208719.32,2024-10-25,2024-07-08,Inbound Call,208719.32,2024-10-25,2024-07-08,Proposal,True
OP-D0142,,dev.thomas@gmail.com,U-9999,New Lead,78082.93,2025-01-02,2024-09-30,Trade Show,78082.93,2025-01-02,2024-09-30,Prospecting,True
OP-01487,Silverline SaaS,owen.patel@gmail.com,U-1023,Proposal,122745.47,2025-04-20,2024-09-29,Bulk Import,122745.47,2025-04-20,2024-09-29,Proposal,True
OP-02718,Harborline Bank,nina.patel@yahoo.com,U-1010,,"USD 107,477.25",2024-11-10,2024-04-18,Inbound Call,107477.25,2024-11-10,2024-04-18,,True
OP-00664,Juniper Retail,liam.brown@yahoo.com,U-1008,Qualified,,2025-08-09,2025-03-11,Outbound SDR,,2025-08-09,2025-03-11,Qualification,True
OP-04107,Onyx Pharma,noah.anderson@company.com,U-1008,Quote Sent,"USD 167,707.35",2026-05-04,2026-02-02,Partner Referral,167707.35,2026-05-04,2026-02-02,Proposal,True
OP-02309,Yellowpine Lumber,,U-1003,Qualification,89056.65,2027-01-25,2026-06-08,Trade Show,89056.65,2027-01-25,2026-06-08,Qualification,
OP-02099,Everline Health,ava.brown@outlook.com,U-1023,Prospect,125289.11,2026-11-19,2026-07-04,Web Form,125289.11,2026-11-19,2026-07-04,Prospecting,True
OP-00097,Ironclad Security,raj.taylor@yahoo.com,U-1023,Proposal,33908.52,2026-10-08,2026-04-25,Inbound Call,33908.52,2026-10-08,2026-04-25,Proposal,True
OP-03922,Onyx Pharma,tom.thomas@yahoo.com,U-8888,Quote Sent,187823.73,2026-12-26,2027-03-31,Bulk Import,187823.73,2026-12-26,2027-03-31,Proposal,True
OP-00827,Xenon Robotics,ava.wilson@outlook.com,U-1000,qualification,70584.17,2024-09-12,2024-03-14,Outbound SDR,70584.17,2024-09-12,2024-03-14,Qualification,True
OP-00429,Acme Industrial,sofia.anderson@example.org,U-1012,qualification,221574.79,2024-09-17,2024-07-22,Web Form,221574.79,2024-09-17,2024-07-22,Qualification,True
OP-01305,Willow Creek Farms,noah.lee@outlook.com,U-1037,Closed-Won,229455.95,2025-02-02,2024-10-30,Bulk Import,229455.95,2025-02-02,2024-10-30,Closed Won,True
OP-02862,Juniper Retail,nina.miller@company.com,U-1012,Negotiation,30815.23,2026-08-05,2026-07-08,Web Form,30815.23,2026-08-05,2026-07-08,Proposal,True
OP-01836,Meridian Freight,noah.smith@gmail.com,U-8888,Discovery,161517.64,2026-02-26,2025-08-09,Outbound SDR,161517.64,2026-02-26,2025-08-09,Qualification,True
OP-00700,Harborline Bank,owen.taylor@example.org,U-1006,qualification,81772.31,2025-04-17,2024-11-23,Bulk Import,81772.31,2025-04-17,2024-11-23,Qualification,True
OP-02287,Onyx Pharma,dev.garcia@outlook.com,U-1038,Negotiation,132352.35,2026-03-11,2026-01-04,Bulk Import,132352.35,2026-03-11,2026-01-04,Proposal,True
OP-03250,Juniper Retail,noah.thomas,U-1011,Prospecting,39786.43,2026-07-07,2026-04-20,Outbound SDR,39786.43,2026-07-07,2026-04-20,Prospecting,False
OP-00280,Tidewater Marine,liam.miller@company.com,U-1025,Qualified,"$222,121.56",2025-11-15,2025-05-16,Bulk Import,222121.56,2025-11-15,2025-05-16,Qualification,True
OP-01359,Silverline SaaS,,U-1033,Proposal Sent,80530.63,2026-02-26,2025-07-27,Partner Referral,80530.63,2026-02-26,2025-07-27,Proposal,
OP-D0234,Zephyr Airlines,sofia.wilson@gmail.com,U-1026,Qualification,68542.67,2025-07-21,2025-03-28,Inbound Call,68542.67,2025-07-21,2025-03-28,Qualification,True
OP-01320,Redwood Outdoors,aisha.nguyen@yahoo.com,U-1037,PROSPECTING,,2024-08-25,2024-06-07,Bulk Import,,2024-08-25,2024-06-07,Prospecting,True
OP-01134,Pinnacle Travel,marcus.smith@yahoo.com,U-1024,PROSPECTING,216295.42,2024-12-18,2024-11-04,Bulk Import,216295.42,2024-12-18,2024-11-04,Prospecting,True
OP-04490,BluePeak Logistics,owen.anderson@gmail.com,inactive_user,Negotiation,162365.87,2025-11-12,2025-03-19,Outbound SDR,162365.87,2025-11-12,2025-03-19,Proposal,True
OP-02830,BluePeak Logistics,nina.lee@example.org,U-1002,New Lead,99405.79,2024-12-28,2024-09-30,Web Form,99405.79,2024-12-28,2024-09-30,Prospecting,True
OP-00124,Silverline SaaS,kara.lee@yahoo.com,U-1004,Closed Won,58982.09,2026-06-28,2026-05-28,Trade Show,58982.09,2026-06-28,2026-05-28,Closed Won,True
OP-01715,Silverline SaaS,ava.moore@company.com,U-1009,Proposal Sent,138081.45,2024-05-21,2024-05-06,Outbound SDR,138081.45,2024-05-21,2024-05-06,Proposal,True
OP-01936,Onyx Pharma,ethan.davis@yahoo.com,U-1001,Qualifcation,138779.15,2026-09-23,2026-06-24,Inbound Call,138779.15,2026-09-23,2026-06-24,Qualification,True
OP-01053,Northgate Auto,ethan.thomas@yahoo.com,U-1001,Prospect,"$119,592.99",2024-11-09,2024-08-26,Outbound SDR,119592.99,2024-11-09,2024-08-26,Prospecting,True
OP-01475,Keystone Energy,priya.johnson@company.com,U-1022,qualification,21678.65,2026-10-01,2026-04-30,Trade Show,21678.65,2026-10-01,2026-04-30,Qualification,True
OP-03629,Zephyr Airlines,maya.thomas@outlook.com,U-1036,Closed-Won,226329.76,2025-01-21,2024-11-13,Inbound Call,226329.76,2025-01-21,2024-11-13,Closed Won,True
OP-02446,Silverline SaaS,aisha.lee@company.com,U-1015,Prospect,132807.28,2024-11-16,2024-07-28,Partner Referral,132807.28,2024-11-16,2024-07-28,Prospecting,True
OP-03147,Pinnacle Travel,chris.johnson@yahoo.com,U-1032,PROSPECTING,,2026-03-12,2025-11-20,Web Form,,2026-03-12,2025-11-20,Prospecting,True
OP-03222,Willow Creek Farms,tom.garcia@gmail.com,U-1015,Lost,"$4,581.36",2025-04-24,2024-11-06,Trade Show,4581.36,2025-04-24,2024-11-06,Closed Lost,True
OP-00902,Onyx Pharma,ben.anderson@outlook.com,U-1007,proposal,182929.95,2025-09-20,2025-01-26,Trade Show,182929.95,2025-09-20,2025-01-26,Proposal,True
OP-00016,ForgePoint Systems,aisha.smith@example.org,U-1006,Qualifcation,"$153,696.09",2025-10-30,2025-03-24,Inbound Call,153696.09,2025-10-30,2025-03-24,Qualification,True
OP-00507,Vertex Capital,owen.johnson@yahoo.com,U-1039,Closed Won,"$123,972",2025-07-29,2025-01-28,Partner Referral,123972.0,2025-07-29,2025-01-28,Closed Won,True
OP-D0020,Onyx Pharma,ethan.brown@example.org,U-1019,Closed Won,83335.53,2024-11-10,2024-06-01,Bulk Import,83335.53,2024-11-10,2024-06-01,Closed Won,True
OP-03190,Meridian Freight,dev.smith@example.org,U-1008,Quote Sent,214058.76,2026-10-15,2026-03-05,Bulk Import,214058.76,2026-10-15,2026-03-05,Proposal,True
OP-D0229,Zephyr Airlines,tom.davis@company.com,U-1034,PROSPECTING,"USD 27,892.73",2025-02-17,2025-02-05,Outbound SDR,27892.73,2025-02-17,2025-02-05,Prospecting,True
OP-01771,Acme Industrial,ben.lee@example.org,U-1012,prospecting,103087.60,2024-12-20,2024-11-17,Partner Referral,103087.6,2024-12-20,2024-11-17,Prospecting,True
OP-00070,Harborline Bank,priya.thomas@yahoo.com,U-1009,New Lead,"159,039.72 $",2025-07-01,2024-12-07,Inbound Call,159039.72,2025-07-01,2024-12-07,Prospecting,True
OP-03215,Vertex Capital,sofia.wilson@outlook.com,U-1039,PROSPECTING,43800.72,2026-09-29,2026-05-12,Outbound SDR,43800.72,2026-09-29,2026-05-12,Prospecting,True
OP-D0007,Larkspur Labs,,U-1033,Discovery,189672.51,2026-06-05,2026-01-09,Inbound Call,189672.51,2026-06-05,2026-01-09,Qualification,
OP-01032,Tidewater Marine,dev.brown@yahoo.com,U-1026,Negotiation,210443.01,2025-03-13,2024-10-23,Trade Show,210443.01,2025-03-13,2024-10-23,Proposal,True
OP-01266,Northgate Auto,tom.johnson@company.com,U-1037,Prospect,"USD 181,783.31",2026-09-23,2026-08-08,Web Form,181783.31,2026-09-23,2026-08-08,Prospecting,True
OP-01499,Umbra Defense,noah.miller@company.com,U-1034,qualification,201665.80,2025-12-23,2025-11-04,Bulk Import,201665.8,2025-12-23,2025-11-04,Qualification,True
OP-03107,Pinnacle Travel,maya.moore@outlook.com,U-1032,qualification,"$148,986.24",2024-09-24,2024-03-14,Inbound Call,148986.24,2024-09-24,2024-03-14,Qualification,True
OP-02403,Redwood Outdoors,aisha.garcia@company.com,U-1028,closed won,225734.96,2026-06-06,2025-12-22,Outbound SDR,225734.96,2026-06-06,2025-12-22,Closed Won,True
OP-04035,Granite Ridge Co,maya.taylor@outlook.com,U-1038,Proposal Sent,63817.49,2025-07-11,2025-01-07,Partner Referral,63817.49,2025-07-11,2025-01-07,Proposal,True
OP-01405,Vertex Capital,chris.nguyen@company.com,U-1015,ClosedWon,97910.43,2026-02-13,2026-01-18,Bulk Import,97910.43,2026-02-13,2026-01-18,Closed Won,True
OP-04699,Yellowpine Lumber,kara.brown@outlook.com,U-1020,New Lead,219451.68,2024-09-04,2024-03-24,Trade Show,219451.68,2024-09-04,2024-03-24,Prospecting,True
OP-01358,BluePeak Logistics,tom.miller@outlook.com,U-8888,Qualifcation,232399.57,2024-09-06,2024-03-09,Web Form,232399.57,2024-09-06,2024-03-09,Qualification,True
OP-00920,Vertex Capital,sofia.moore@gmail.com,U-1012,New Lead,"$9,559.55",,2025-01-10,Bulk Import,9559.55,,2025-01-10,Prospecting,True
OP-03366,Zephyr Airlines,nina.garcia@example.org,U-1009,Closed-Won,143368.76,2026-03-26,2026-01-30,Bulk Import,143368.76,2026-03-26,2026-01-30,Closed Won,True
OP-01009,Larkspur Labs,marcus.smith@yahoo.com,U-1037,Proposal,67892.38,2026-09-12,2026-03-06,Inbound Call,67892.38,2026-09-12,2026-03-06,Proposal,True
OP-03171,Granite Ridge Co,,U-1000,Proposal,37409.24,2024-07-07,2024-04-24,Inbound Call,37409.24,2024-07-07,2024-04-24,Proposal,
OP-02164,Umbra Defense,nina.taylor@yahoo.com,U-1009,Won,242443.80,2026-08-03,2026-05-14,Bulk Import,242443.8,2026-08-03,2026-05-14,Closed Won,True
OP-02034,Tidewater Marine,ella.kim@yahoo.com,U-1029,New Lead,119092.93,2026-11-29,2026-06-11,Web Form,119092.93,2026-11-29,2026-06-11,Prospecting,True
OP-00534,Umbra Defense,sofia.nguyen@gmail.com,U-1027,,"$209,659.79",2026-03-08,2025-08-13,Web Form,209659.79,2026-03-08,2025-08-13,,True
OP-02769,Northgate Auto,lena.miller@company.com,U-1039,PROSPECTING,172482.05,2024-09-25,2024-08-29,Outbound SDR,172482.05,2024-09-25,2024-08-29,Prospecting,True
OP-03557,Yellowpine Lumber,,U-1030,Quote Sent,31824.49,2026-04-09,2026-01-17,Web Form,31824.49,2026-04-09,2026-01-17,Proposal,
OP-04441,,kara.kim@gmail.com,U-1010,PROSPECTING,39076.22,2025-01-01,2024-07-11,Partner Referral,39076.22,2025-01-01,2024-07-11,Prospecting,True
OP-02320,Tidewater Marine,aisha.nguyen@gmail.com,U-1031,prospecting,39094.47,2025-10-10,2025-03-06,Bulk Import,39094.47,2025-10-10,2025-03-06,Prospecting,True
OP-03145,Xenon Robotics,maya.nguyen@example.org,U-1008,Negotiation,160350.69,2026-12-22,2026-08-17,Inbound Call,160350.69,2026-12-22,2026-08-17,Proposal,True
OP-03138,Zephyr Airlines,dev.patel@example.org,U-1032,Qualified,31229.39,2024-07-24,2024-02-23,Trade Show,31229.39,2024-07-24,2024-02-23,Qualification,True
OP-02152,Larkspur Labs,lena.patel@example.org,U-1026,,218052.13,2024-09-30,2024-03-07,Outbound SDR,218052.13,2024-09-30,2024-03-07,,True
OP-04475,BluePeak Logistics,sofia.taylor@company.com,U-1034,Closed Won,"$34,520.81",2024-12-16,2024-06-17,Outbound SDR,34520.81,2024-12-16,2024-06-17,Closed Won,True
OP-04259,Zephyr Airlines,marcus.davis@yahoo.com,U-1021,Proposal Sent,114666.40,,2025-01-14,Trade Show,114666.4,,2025-01-14,Proposal,True
OP-02347,Copperline Foods,raj.miller@company.com,U-1000,Closed Won,32514.57,,2025-12-31,Inbound Call,32514.57,,2025-12-31,Closed Won,True
OP-03785,Willow Creek Farms,ethan.nguyen@company.com,U-1036,Lost,208993.22,2025-02-06,2027-02-11,Outbound SDR,208993.22,2025-02-06,2027-02-11,Closed Lost,True
OP-03460,Willow Creek Farms,chris.anderson@company.com,U-1033,Prospecting,"$37,098.10",2025-03-08,2024-12-18,Trade Show,37098.1,2025-03-08,2024-12-18,Prospecting,True
OP-03235,Copperline Foods,ben.moore@company.com,U-1004,Qualified,154685.76,,2026-08-22,Inbound Call,154685.76,,2026-08-22,Qualification,True
OP-03971,ForgePoint Systems,aisha.kim@gmail.com,U-1025,New Lead,238215.72,2024-04-27,2024-03-31,Inbound Call,238215.72,2024-04-27,2024-03-31,Prospecting,True
OP-D0247,Ironclad Security,ava.garcia@yahoo.com,U-1001,proposal,159076.22,2025-06-02,2024-12-10,Bulk Import,159076.22,2025-06-02,2024-12-10,Proposal,True
OP-01860,Tidewater Marine,nina.moore@yahoo.com,U-1007,proposal,89619.58,2026-05-11,2025-10-31,Web Form,89619.58,2026-05-11,2025-10-31,Proposal,True
OP-02113,Onyx Pharma,sofia.davis@company.com,U-1013,Closed-Lost,"98,224.67 $",2024-10-15,2024-08-05,Trade Show,98224.67,2024-10-15,2024-08-05,Closed Lost,True
OP-D0222,Yellowpine Lumber,lena.lee@gmail.com,U-1004,Closed Lost,"$147,400.23",2026-07-20,2026-05-06,Trade Show,147400.23,2026-07-20,2026-05-06,Closed Lost,True
OP-00760,Northgate Auto,nina.lee@example.org,U-1010,qualification,84535.41,2024-09-06,2024-03-29,Web Form,84535.41,2024-09-06,2024-03-29,Qualification,True
OP-04472,Larkspur Labs,raj.miller@example.org,U-1018,Qualification,111245.07,2026-08-17,2026-06-07,Partner Referral,111245.07,2026-08-17,2026-06-07,Qualification,True
OP-01462,,dev.thomas@gmail.com,U-9999,Prospect,78082.93,2025-01-02,2024-09-30,Trade Show,78082.93,2025-01-02,2024-09-30,Prospecting,True
OP-04013,Juniper Retail,ella.miller@company.com,U-1033,Closed-Lost,209101.08,2024-12-15,2024-11-04,Bulk Import,209101.08,2024-12-15,2024-11-04,Closed Lost,True
OP-D0272,Ironclad Security,raj.garcia@yahoo.com,U-1033,New Lead,3464.45,2026-05-24,2026-02-24,Outbound SDR,3464.45,2026-05-24,2026-02-24,Prospecting,True
OP-00789,DeltaWave Media,raj.moore@outlook.com,U-1011,Won,32786.05,2025-05-06,2024-10-02,Inbound Call,32786.05,2025-05-06,2024-10-02,Closed Won,True
OP-02246,Silverline SaaS,ethan.moore@yahoo.com,U-9999,New Lead,154911.98,2024-10-14,2024-06-24,Outbound SDR,154911.98,2024-10-14,2024-06-24,Prospecting,True
OP-03503,Yellowpine Lumber,zoe.brown@outlook.com,U-1027,PROSPECTING,,2026-05-26,2025-11-17,Inbound Call,,2026-05-26,2025-11-17,Prospecting,True
OP-04110,Ironclad Security,priya.lee@gmail.com,U-1030,proposal,"$136,606",2025-11-05,2025-07-21,Web Form,136606.0,2025-11-05,2025-07-21,Proposal,True
OP-01990,Granite Ridge Co,priya.wilson@outlook.com,U-1002,Qualified,225679.65,2025-05-17,2025-04-04,Partner Referral,225679.65,2025-05-17,2025-04-04,Qualification,True
OP-03086,Xenon Robotics,priya.nguyen@example.org,U-9999,prospecting,,2025-10-04,2025-02-07,Outbound SDR,,2025-10-04,2025-02-07,Prospecting,True
OP-D0219,Silverline SaaS,aisha.anderson@gmail.com,U-1039,Closed Won,"$236,085.79",2024-05-12,2024-03-17,Web Form,236085.79,2024-05-12,2024-03-17,Closed Won,True
OP-04669,Granite Ridge Co,lena.brown@outlook.com,U-1036,Qualified,218386.74,2026-07-17,2026-07-01,Partner Referral,218386.74,2026-07-17,2026-07-01,Qualification,True
OP-03118,Umbra Defense,owen.kim@gmail.com,U-1011,Closed-Lost,43135.33,2026-05-13,2025-10-27,Outbound SDR,43135.33,2026-05-13,2025-10-27,Closed Lost,True
OP-00874,Tidewater Marine,ben.patel@gmail.com,U-1012,Closed Won,100525.17,2024-09-28,2024-03-09,Inbound Call,100525.17,2024-09-28,2024-03-09,Closed Won,True
OP-01696,Pinnacle Travel,zoe.kim@outlook.com,U-1006,New Lead,"$141,006.38",2025-04-22,2025-04-14,Inbound Call,141006.38,2025-04-22,2025-04-14,Prospecting,True
OP-02669,Redwood Outdoors,raj.miller@yahoo.com,U-1010,Closed-Won,"$96,210",2025-04-21,2024-09-25,Outbound SDR,96210.0,2025-04-21,2024-09-25,Closed Won,True
OP-00277,Yellowpine Lumber,noah.garcia@yahoo.com,U-1009,Closed-Lost,80739.06,,2024-05-28,Trade Show,80739.06,,2024-05-28,Closed Lost,True
OP-01674,Larkspur Labs,raj.moore@company.com,U-1004,Quote Sent,87994.61,2024-10-04,2024-02-29,Outbound SDR,87994.61,2024-10-04,2024-02-29,Proposal,True
OP-02981,,marcus.davis@gmail.com,U-1005,,"$99,691",2025-01-15,2024-12-09,Inbound Call,99691.0,2025-01-15,2024-12-09,,True
OP-03808,Copperline Foods,nina.kim@gmail.com,U-1021,Qualifcation,"USD 167,596.22",2025-12-20,2025-07-15,Inbound Call,167596.22,2025-12-20,2025-07-15,Qualification,True
OP-00538,Redwood Outdoors,ava.davis@gmail.com,U-1009,Qualifcation,231792.63,2024-02-22,2024-01-06,Inbound Call,231792.63,2024-02-22,2024-01-06,Qualification,True
OP-02834,Silverline SaaS,nina.patel@company.com,U-1015,,142902.09,2025-11-30,2025-10-23,Trade Show,142902.09,2025-11-30,2025-10-23,,True
OP-04291,Pinnacle Travel,ben.kim@yahoo.com,U-1028,Prospecting,203640.40,2025-10-06,2025-04-12,Inbound Call,203640.4,2025-10-06,2025-04-12,Prospecting,True
OP-04171,Ironclad Security,lena.nguyen@outlook.com,U-1031,Qualified,225332.64,2026-06-27,2026-01-09,Web Form,225332.64,2026-06-27,2026-01-09,Qualification,True
OP-04451,Xenon Robotics,aisha.taylor@yahoo.com,U-1006,Lost,136150.57,2027-03-13,2026-07-19,Outbound SDR,136150.57,2027-03-13,2026-07-19,Closed Lost,True
OP-02177,Acme Industrial,liam.moore@outlook.com,U-1009,Qualified,242387.96,2026-12-27,2026-06-14,Web Form,242387.96,2026-12-27,2026-06-14,Qualification,True
OP-00714,Granite Ridge Co,chris.brown,U-1031,Proposal Sent,103482.45,2027-04-08,2026-08-20,Partner Referral,103482.45,2027-04-08,2026-08-20,Proposal,False
OP-02982,DeltaWave Media,lena.nguyen@outlook.com,U-1016,Discovery,"$42,827",2024-08-28,2024-01-05,Bulk Import,42827.0,2024-08-28,2024-01-05,Qualification,True
OP-00442,Onyx Pharma,raj.moore@yahoo.com,U-1011,Proposal Sent,"$162,282",2025-08-29,2025-08-12,Outbound SDR,162282.0,2025-08-29,2025-08-12,Proposal,True
OP-03692,Xenon Robotics,tom.nguyen@example.org,U-1023,Prospecting,,2026-04-28,2025-09-07,Web Form,,2026-04-28,2025-09-07,Prospecting,True
OP-03465,Willow Creek Farms,raj.patel@yahoo.com,U-1038,Closed-Won,189223.69,2026-02-09,2025-07-30,Web Form,189223.69,2026-02-09,2025-07-30,Closed Won,True
OP-03617,Northgate Auto,marcus.thomas@gmail.com,U-1016,PROSPECTING,"$85,408.41",2025-12-23,2025-11-02,Trade Show,85408.41,2025-12-23,2025-11-02,Prospecting,True
OP-03803,BluePeak Logistics,kara.miller@outlook.com,U-1015,Qualified,176346.90,2026-04-13,2025-09-15,Inbound Call,176346.9,2026-04-13,2025-09-15,Qualification,True
OP-D0119,Ironclad Security,zoe.kim@gmail.com,U-1005,Closed Won,228584.65,2024-10-17,2024-07-01,Web Form,228584.65,2024-10-17,2024-07-01,Closed Won,True
OP-01471,Xenon Robotics,noah.patel@company.com,U-1003,New Lead,73882.37,2025-02-05,2024-09-08,Partner Referral,73882.37,2025-02-05,2024-09-08,Prospecting,True
OP-00704,Pinnacle Travel,ella.taylor@company.com,U-1030,Qualification,236644.49,2026-02-22,2026-01-16,Inbound Call,236644.49,2026-02-22,2026-01-16,Qualification,True
OP-00887,Tidewater Marine,lena.thomas@example.org,U-1021,Qualification,"USD 9,597.27",2025-06-05,2024-12-05,Partner Referral,9597.27,2025-06-05,2024-12-05,Qualification,True
OP-02308,Northgate Auto,noah.taylor@gmail.com,U-1002,CLOSED WON,91472.26,2026-03-09,2026-02-06,Inbound Call,91472.26,2026-03-09,2026-02-06,Closed Won,True
OP-02801,Zephyr Airlines,owen.johnson@yahoo.com,U-1010,Closed Won,153793.72,2025-03-26,2024-08-12,Inbound Call,153793.72,2025-03-26,2024-08-12,Closed Won,True
OP-03938,Silverline SaaS,,U-1017,Closed-Lost,212084.53,,2024-02-08,Outbound SDR,212084.53,,2024-02-08,Closed Lost,
OP-01350,Yellowpine Lumber,aisha.garcia@@example.org,U-1005,ClosedWon,,2024-11-28,2024-08-05,Trade Show,,2024-11-28,2024-08-05,Closed Won,False
OP-03051,Yellowpine Lumber,priya.johnson@outlook.com,U-1014,Qualification,49212.75,2026-07-14,2026-05-10,Web Form,49212.75,2026-07-14,2026-05-10,Qualification,True
OP-01240,Granite Ridge Co,priya.taylor@outlook.com,U-1025,ClosedWon,"$177,204.11",2025-02-22,2024-07-13,Partner Referral,177204.11,2025-02-22,2024-07-13,Closed Won,True
OP-02498,Vertex Capital,raj.smith@yahoo.com,U-1010,Negotiation,56687.99,2024-06-15,2024-01-27,Trade Show,56687.99,2024-06-15,2024-01-27,Proposal,True
OP-01875,Vertex Capital,ella.wilson@company.com,U-1036,Closed Won,116968.04,2024-12-30,2024-10-27,Bulk Import,116968.04,2024-12-30,2024-10-27,Closed Won,True
OP-03335,,zoe.lee@outlook.com,U-1002,Qualifcation,51421.43,2026-06-11,2026-01-11,Outbound SDR,51421.43,2026-06-11,2026-01-11,Qualification,True
OP-01048,Silverline SaaS,liam.johnson@example.org,U-1032,Closed Won,34237.70,2026-03-24,2026-02-26,Web Form,34237.7,2026-03-24,2026-02-26,Closed Won,True
OP-04546,Pinnacle Travel,owen.nguyen@yahoo.com,U-1016,CLOSED WON,186217.99,2025-09-08,2025-04-28,Outbound SDR,186217.99,2025-09-08,2025-04-28,Closed Won,True
OP-02711,BluePeak Logistics,ella.brown@gmail.com,U-1024,PROSPECTING,158170.47,,2024-03-05,Web Form,158170.47,,2024-03-05,Prospecting,True
OP-03477,Vertex Capital,tom.taylor@outlook.com,U-1012,Prospect,225994.84,2026-10-13,2026-03-05,Outbound SDR,225994.84,2026-10-13,2026-03-05,Prospecting,True
OP-01946,Northgate Auto,dev.moore@company.com,U-1003,PROSPECTING,26832.27,2025-06-18,2025-03-02,Outbound SDR,26832.27,2025-06-18,2025-03-02,Prospecting,True
OP-01501,Meridian Freight,priya.davis@example.org,U-1037,Prospecting,172413.06,2026-12-01,2026-08-01,Inbound Call,172413.06,2026-12-01,2026-08-01,Prospecting,True
OP-00831,Juniper Retail,marcus.patel@outlook.com,U-1035,New Lead,"239,374.22 $",2026-05-24,2026-02-03,Bulk Import,239374.22,2026-05-24,2026-02-03,Prospecting,True
OP-D0186,Silverline SaaS,tom.patel@company.com,U-1008,Prospecting,178242.45,2025-04-14,2025-01-07,Web Form,178242.45,2025-04-14,2025-01-07,Prospecting,True
OP-D0182,Northgate Auto,ella.johnson@outlook.com,U-1008,ClosedLost,230740.81,2025-04-12,2025-01-07,Trade Show,230740.81,2025-04-12,2025-01-07,Closed Lost,True
OP-02041,Yellowpine Lumber,priya.thomas@gmail.com,U-1009,Closed-Won,104475.62,2025-10-15,2025-03-30,Inbound Call,104475.62,2025-10-15,2025-03-30,Closed Won,True
OP-01657,Northgate Auto,nina.wilson@gmail.com,U-1006,proposal,245313.79,2025-11-25,2025-06-17,Outbound SDR,245313.79,2025-11-25,2025-06-17,Proposal,True
OP-03392,Ironclad Security,nina.wilson@example.org,U-1029,ClosedLost,65240.36,2026-11-16,2026-04-18,Bulk Import,65240.36,2026-11-16,2026-04-18,Closed Lost,True
OP-01178,Granite Ridge Co,ethan.taylor@outlook.com,U-1017,qualification,162237.53,2026-03-15,2025-08-26,Web Form,162237.53,2026-03-15,2025-08-26,Qualification,True
OP-00086,Onyx Pharma,liam.johnson@company.com,U-1010,PROSPECTING,154483.17,2025-04-25,2024-12-25,Web Form,154483.17,2025-04-25,2024-12-25,Prospecting,True
OP-02954,Ironclad Security,ethan.nguyen@outlook.com,U-1021,Qualifcation,92325.14,2026-08-20,2026-07-22,Partner Referral,92325.14,2026-08-20,2026-07-22,Qualification,True
OP-03183,Quartzline Telecom,kara.nguyen@yahoo.com,U-1039,Closed Won,155181.92,2025-12-30,2025-08-29,Trade Show,155181.92,2025-12-30,2025-08-29,Closed Won,True
OP-02165,ForgePoint Systems,dev.thomas@gmail.com,U-1021,Quote Sent,"$103,399.64",2027-01-11,2026-06-06,Inbound Call,103399.64,2027-01-11,2026-06-06,Proposal,True
OP-03986,Harborline Bank,chris.davis@gmail.com,U-8888,Discovery,96501.41,2024-11-19,2024-09-09,Web Form,96501.41,2024-11-19,2024-09-09,Qualification,True
OP-03626,Larkspur Labs,priya.brown@outlook.com,U-1013,ClosedLost,74251.02,2025-10-31,2025-06-18,Web Form,74251.02,2025-10-31,2025-06-18,Closed Lost,True
OP-03205,Zephyr Airlines,mayapatel@outlook.com,U-1026,New Lead,"$2,795.89",2025-07-17,2025-05-20,Trade Show,2795.89,2025-07-17,2025-05-20,Prospecting,True
OP-03833,Copperline Foods,kara.wilson@company.com,U-1004,Qualifcation,238400.32,2025-01-30,2024-11-15,Bulk Import,238400.32,2025-01-30,2024-11-15,Qualification,True
OP-01755,BluePeak Logistics,raj.nguyen@gmail.com,U-1016,Qualified,10050.46,2026-10-27,2026-07-10,Trade Show,10050.46,2026-10-27,2026-07-10,Qualification,True
OP-03109,Xenon Robotics,liam.anderson@company.com,U-1008,prospecting,44932.12,2024-07-04,2024-01-02,Partner Referral,44932.12,2024-07-04,2024-01-02,Prospecting,True
OP-00653,Harborline Bank,nina.thomas@company.com,U-1016,Prospecting,83846.37,2026-08-02,2026-03-25,Partner Referral,83846.37,2026-08-02,2026-03-25,Prospecting,True
OP-D0280,Redwood Outdoors,tom.nguyen@gmail.com,U-1015,Proposal Sent,125866.73,2026-10-31,2026-06-09,Bulk Import,125866.73,2026-10-31,2026-06-09,Proposal,True
OP-03260,Copperline Foods,owen.miller@outlook.com,U-1000,Qualification,57184.37,2026-10-08,2026-05-01,Web Form,57184.37,2026-10-08,2026-05-01,Qualification,True
OP-04156,Everline Health,tom.thomas@gmail.com,U-1028,proposal,18591.52,2026-04-19,2025-12-31,Outbound SDR,18591.52,2026-04-19,2025-12-31,Proposal,True
OP-00795,Quartzline Telecom,liam.smith@example.org,U-1033,Closed-Lost,186595.75,,2024-06-18,Partner Referral,186595.75,,2024-06-18,Closed Lost,True
OP-00018,Everline Health,liam.patel@yahoo.com,U-1002,Won,139026.22,2025-07-28,2025-07-12,Partner Referral,139026.22,2025-07-28,2025-07-12,Closed Won,True
OP-01494,Willow Creek Farms,ben.taylor@example.org,U-1025,Proposal Sent,145418.61,2024-07-13,2024-06-08,Trade Show,145418.61,2024-07-13,2024-06-08,Proposal,True
OP-D0075,Keystone Energy,lena.miller@example.org,U-1005,ClosedWon,69309.42,,2024-12-09,Web Form,69309.42,,2024-12-09,Closed Won,True
OP-02530,Northgate Auto,nina.garcia@company.com,U-1021,prospecting,246327.30,2025-12-06,2025-10-24,Partner Referral,246327.3,2025-12-06,2025-10-24,Prospecting,True
OP-01785,DeltaWave Media,priya.taylor@example.org,U-1027,prospecting,122532.84,2025-09-01,2025-01-18,Partner Referral,122532.84,2025-09-01,2025-01-18,Prospecting,True
OP-02607,Copperline Foods,raj.patel@yahoo.com,U-1002,,166175.01,2024-04-06,2024-02-21,Partner Referral,166175.01,2024-04-06,2024-02-21,,True
OP-03409,Onyx Pharma,liam.johnson@yahoo.com,U-1002,Negotiation,174712.32,2024-11-05,2024-08-19,Bulk Import,174712.32,2024-11-05,2024-08-19,Proposal,True
OP-01245,Xenon Robotics,liam.nguyen@company.com,U-1021,Lost,2855.35,2025-05-18,2025-05-04,Bulk Import,2855.35,2025-05-18,2025-05-04,Closed Lost,True
OP-03274,Vertex Capital,lena.garcia@outlook.com,U-1016,Closed Won,199197.20,2026-01-21,2027-06-26,Web Form,199197.2,2026-01-21,2027-06-26,Closed Won,True
OP-00291,Onyx Pharma,liam.anderson@example.org,U-1020,Qualifcation,116692.58,2027-02-15,2026-07-02,Bulk Import,116692.58,2027-02-15,2026-07-02,Qualification,True
OP-04264,,liam.nguyen@outlook.com,U-1005,Proposal,237920.12,2025-04-08,2025-03-29,Partner Referral,237920.12,2025-04-08,2025-03-29,Proposal,True
OP-02243,DeltaWave Media,nina.smith@outlook.com,U-1028,PROSPECTING,"$63,839.34",2025-08-27,2025-08-03,Bulk Import,63839.34,2025-08-27,2025-08-03,Prospecting,True
OP-01236,Copperline Foods,ava.johnson@company.com,U-1005,Qualification,"$94,865.79",2025-05-25,2025-01-09,Outbound SDR,94865.79,2025-05-25,2025-01-09,Qualification,True
OP-00266,DeltaWave Media,owen.nguyen@yahoo.com,U-1005,qualification,"USD 67,717.07",2024-06-11,2024-02-08,Bulk Import,67717.07,2024-06-11,2024-02-08,Qualification,True
OP-03701,Quartzline Telecom,kara.miller@gmail.com,U-1033,closed won,136281.47,2026-12-07,2026-08-30,Bulk Import,136281.47,2026-12-07,2026-08-30,Closed Won,True
OP-04507,Ironclad Security,liam.anderson@yahoo.com,U-1006,Quote Sent,73097.84,2026-09-12,2026-05-12,Bulk Import,73097.84,2026-09-12,2026-05-12,Proposal,True
OP-D0270,Silverline SaaS,kara.taylor@yahoo.com,U-1003,PROSPECTING,8343.14,2025-10-01,2025-02-07,Bulk Import,8343.14,2025-10-01,2025-02-07,Prospecting,True
OP-04254,Umbra Defense,liam.miller@gmail.com,U-1029,Closed Lost,176296.08,2025-07-25,2025-02-22,Trade Show,176296.08,2025-07-25,2025-02-22,Closed Lost,True
OP-00010,Acme Industrial,sofiajohnson@example.org,U-1031,proposal,18715.28,2024-09-17,2024-03-13,Inbound Call,18715.28,2024-09-17,2024-03-13,Proposal,True
OP-03207,ForgePoint Systems,nina.kim@company.com,U-1020,PROSPECTING,"$110,613.96",2026-08-06,2026-07-07,Web Form,110613.96,2026-08-06,2026-07-07,Prospecting,True
OP-D0194,BluePeak Logistics,maya.thomas@company.com,U-1005,proposal,43858.38,2025-03-01,2024-08-22,Bulk Import,43858.38,2025-03-01,2024-08-22,Proposal,True
OP-01556,Quartzline Telecom,liam.garcia@yahoo.com,U-1022,proposal,147965.68,2024-08-04,2024-02-19,Outbound SDR,147965.68,2024-08-04,2024-02-19,Proposal,True
OP-02667,Vertex Capital,chris.kim@yahoo.com,U-1029,,219350.99,2026-01-29,2025-06-05,Bulk Import,219350.99,2026-01-29,2025-06-05,,True
OP-01002,Juniper Retail,marcus.wilson@example.org,U-1029,prospecting,142753.11,2026-04-03,2025-09-11,Inbound Call,142753.11,2026-04-03,2025-09-11,Prospecting,True
OP-02045,Keystone Energy,aisha.anderson@example.org,U-1001,Closed-Lost,75917.96,2025-04-21,2025-01-30,Bulk Import,75917.96,2025-04-21,2025-01-30,Closed Lost,True
OP-02814,Pinnacle Travel,maya.nguyen@yahoo.com,U-1031,Discovery,"68,991.94 $",2024-10-15,2024-08-21,Bulk Import,68991.94,2024-10-15,2024-08-21,Qualification,True
OP-01702,Ironclad Security,ava.miller@gmail.com,U-1029,closed lost,,2025-02-07,2024-12-19,Partner Referral,,2025-02-07,2024-12-19,Closed Lost,True
OP-04106,Harborline Bank,ben.nguyen@outlook.com,U-1035,Quote Sent,"USD 191,986.14",2024-05-17,2024-02-17,Web Form,191986.14,2024-05-17,2024-02-17,Proposal,True
OP-00611,Umbra Defense,tom.miller@outlook.com,U-1025,Prospecting,25656.48,2025-02-14,2024-11-14,Bulk Import,25656.48,2025-02-14,2024-11-14,Prospecting,True
OP-01055,Northgate Auto,liam.brown@company.com,U-1016,Proposal Sent,"$166,692",2025-01-29,2024-06-25,Bulk Import,166692.0,2025-01-29,2024-06-25,Proposal,True
OP-03543,Keystone Energy,liam.miller@company.com,U-1000,Prospect,200917.12,2024-07-20,2024-03-02,Outbound SDR,200917.12,2024-07-20,2024-03-02,Prospecting,True
OP-01573,Quartzline Telecom,owen.browngmail.com,U-1029,Discovery,19195.42,,2025-08-28,Outbound SDR,19195.42,,2025-08-28,Qualification,False
OP-01870,Northgate Auto,not-an-email,U-1022,Qualified,224308.54,2025-01-07,2024-08-21,Inbound Call,224308.54,2025-01-07,2024-08-21,Qualification,False
OP-01353,BluePeak Logistics,aisha.kim@gmail.com,U-1021,Qualification,88445.60,2024-11-06,2024-10-15,Inbound Call,88445.6,2024-11-06,2024-10-15,Qualification,True
OP-00559,Juniper Retail,tom.patel@gmail.com,U-1000,PROSPECTING,206716.71,2024-05-18,2024-01-16,Web Form,206716.71,2024-05-18,2024-01-16,Prospecting,True
OP-02888,Vertex Capital,ethan.davis@gmail.com,U-1019,Closed-Won,138922.28,2026-08-10,2026-03-19,Web Form,138922.28,2026-08-10,2026-03-19,Closed Won,True
OP-00187,Granite Ridge Co,raj.davis@yahoo.com,U-1035,Negotiation,160301.77,2025-06-27,2024-12-17,Inbound Call,160301.77,2025-06-27,2024-12-17,Proposal,True
OP-03298,Quartzline Telecom,raj.lee@company.com,U-1030,Qualification,168957.39,2026-09-15,2026-08-04,Inbound Call,168957.39,2026-09-15,2026-08-04,Qualification,True
OP-01762,Harborline Bank,ella.lee@outlook.com,U-1011,Lost,"$114,638.96",2025-12-20,2025-06-27,Web Form,114638.96,2025-12-20,2025-06-27,Closed Lost,True
OP-04159,Umbra Defense,ben.thomas@outlook.com,U-1001,prospecting,249205.41,2026-01-14,2025-07-03,Trade Show,249205.41,2026-01-14,2025-07-03,Prospecting,True
OP-04246,Yellowpine Lumber,dev.lee@outlook.com,U-1029,Prospect,"$130,000",2026-05-04,2026-04-07,Inbound Call,130000.0,2026-05-04,2026-04-07,Prospecting,True
OP-03960,Silverline SaaS,zoe.lee@yahoo.com,U-1016,PROSPECTING,"$108,982",2024-05-22,2024-03-26,Partner Referral,108982.0,2024-05-22,2024-03-26,Prospecting,True
OP-02125,Onyx Pharma,dev.wilson@company.com,U-1010,Qualifcation,182097.52,2025-12-03,2025-06-23,Outbound SDR,182097.52,2025-12-03,2025-06-23,Qualification,True
OP-00821,Northgate Auto,zoe.thomas@example.org,U-1006,closed lost,47824.48,2024-02-06,2024-01-24,Partner Referral,47824.48,2024-02-06,2024-01-24,Closed Lost,True
OP-00295,Acme Industrial,lena.davis@yahoo.com,U-1007,,"$81,578.33",2026-03-03,2025-08-14,Partner Referral,81578.33,2026-03-03,2025-08-14,,True
OP-04578,Umbra Defense,lena.moore@outlook.com,U-1005,Qualified,,2025-06-02,2024-12-10,Partner Referral,,2025-06-02,2024-12-10,Qualification,True
OP-04306,Willow Creek Farms,lena.taylor@yahoo.com,U-1015,Prospecting,124527.23,,2025-02-28,Trade Show,124527.23,,2025-02-28,Prospecting,True
OP-03745,ForgePoint Systems,zoe.davis@example.org,U-0000,Discovery,"$225,664.59",,2024-07-18,Web Form,225664.59,,2024-07-18,Qualification,True
OP-03211,Willow Creek Farms,ethanmiller@yahoo.com,U-1008,Negotiation,"$103,595.54",2024-04-14,2024-02-12,Bulk Import,103595.54,2024-04-14,2024-02-12,Proposal,True
OP-03271,Copperline Foods,tom.anderson@outlook.com,U-1037,Negotiation,149335.76,2025-12-18,2025-11-24,Outbound SDR,149335.76,2025-12-18,2025-11-24,Proposal,True
OP-02497,Tidewater Marine,marcus.thomas@gmail.com,U-1006,Prospecting,"USD 193,309.91",2024-05-13,2024-01-29,Partner Referral,193309.91,2024-05-13,2024-01-29,Prospecting,True
OP-03194,Northgate Auto,ben.brown@company.com,U-1011,Qualification,119297.46,2024-09-27,2024-03-26,Outbound SDR,119297.46,2024-09-27,2024-03-26,Qualification,True
OP-01288,Juniper Retail,ben.thomas@example.org,U-1000,Discovery,101033.89,2027-02-02,2026-08-05,Partner Referral,101033.89,2027-02-02,2026-08-05,Qualification,True
OP-01729,ForgePoint Systems,owen.thomas@gmail.com,U-1023,ClosedWon,"$34,564",2026-11-05,2026-07-15,Web Form,34564.0,2026-11-05,2026-07-15,Closed Won,True
OP-03506,Everline Health,zoe.thomas@outlook.com,U-1001,ClosedLost,,2026-10-24,2026-03-19,Partner Referral,,2026-10-24,2026-03-19,Closed Lost,True
OP-03548,,raj.nguyen@example.org,U-1009,Qualification,63972.05,2026-09-10,2026-08-26,Bulk Import,63972.05,2026-09-10,2026-08-26,Qualification,True
OP-03918,Tidewater Marine,ella.miller@gmail.com,U-1026,,"USD 229,405.27",2026-01-24,2025-06-17,Trade Show,229405.27,2026-01-24,2025-06-17,,True
OP-01018,Quartzline Telecom,tom.johnson@outlook.com,U-1022,Closed-Won,96520.98,2026-05-23,2026-04-06,Trade Show,96520.98,2026-05-23,2026-04-06,Closed Won,True
OP-04351,Onyx Pharma,kara.anderson@yahoo.com,U-1009,Closed-Won,15968.00,2026-04-09,2025-10-02,Web Form,15968.0,2026-04-09,2025-10-02,Closed Won,True
OP-D0173,Meridian Freight,aisha.thomas@gmail.com,U-1006,Discovery,10319.23,2026-05-27,2025-11-30,Bulk Import,10319.23,2026-05-27,2025-11-30,Qualification,True
OP-01819,Onyx Pharma,ethan.kim@example.org,U-1014,closed lost,111327.36,2024-08-17,2024-01-11,Inbound Call,111327.36,2024-08-17,2024-01-11,Closed Lost,True
OP-00616,DeltaWave Media,maya.kim@example.org,U-1022,Qualification,156993.25,,2025-07-04,Trade Show,156993.25,,2025-07-04,Qualification,True
OP-00117,Ironclad Security,kara.moore@example.org,U-1013,Proposal,218657.87,2025-07-19,2025-01-21,Partner Referral,218657.87,2025-07-19,2025-01-21,Proposal,True
OP-04122,Harborline Bank,ella.nguyen@example.org,U-1026,Proposal,247458.72,2025-06-09,2024-11-05,Partner Referral,247458.72,2025-06-09,2024-11-05,Proposal,True
OP-D0129,Yellowpine Lumber,noah.davis@yahoo.com,U-1005,New Lead,5347.23,2024-06-09,2024-03-26,Inbound Call,5347.23,2024-06-09,2024-03-26,Prospecting,True
OP-03071,Harborline Bank,,U-1039,Qualifcation,137373.64,2025-12-08,2025-11-28,Outbound SDR,137373.64,2025-12-08,2025-11-28,Qualification,
OP-02085,Northgate Auto,raj.johnson@company.com,U-1037,qualification,85012.10,2024-02-10,2024-01-26,Outbound SDR,85012.1,2024-02-10,2024-01-26,Qualification,True
OP-03049,Zephyr Airlines,noah.moore@company.com,U-1031,Qualification,196801.51,2026-04-09,2025-09-12,Bulk Import,196801.51,2026-04-09,2025-09-12,Qualification,True
OP-00517,BluePeak Logistics,tom.smith@gmail.com,U-1019,New Lead,142069.61,2024-11-17,2024-09-03,Web Form,142069.61,2024-11-17,2024-09-03,Prospecting,True
OP-02406,Onyx Pharma,ella.taylor@gmail.com,U-1034,,153515.85,2024-12-21,2024-11-21,Inbound Call,153515.85,2024-12-21,2024-11-21,,True
OP-01382,Umbra Defense,priya.smith@outlook.com,U-1011,Qualification,5382.74,2025-08-08,2025-07-28,Outbound SDR,5382.74,2025-08-08,2025-07-28,Qualification,True
OP-03997,Juniper Retail,aisha.lee@example.org,U-1031,Lost,78043.11,2027-01-22,2026-06-22,Web Form,78043.11,2027-01-22,2026-06-22,Closed Lost,True
OP-00306,Redwood Outdoors,noah.miller@company.com,U-1005,Prospecting,142901.10,2025-11-21,2025-08-13,Inbound Call,142901.1,2025-11-21,2025-08-13,Prospecting,True
OP-D0201,Silverline SaaS,ava.smith@company.com,U-1007,qualification,32422.90,2026-12-02,2026-05-04,Inbound Call,32422.9,2026-12-02,2026-05-04,Qualification,True
OP-00111,Xenon Robotics,liam.thomas@gmail.com,U-1030,Prospect,87443.16,2025-01-13,2024-08-11,Web Form,87443.16,2025-01-13,2024-08-11,Prospecting,True
OP-03302,DeltaWave Media,priya.miller@yahoo.com,U-1021,ClosedLost,137358.03,2025-03-08,2024-11-30,Partner Referral,137358.03,2025-03-08,2024-11-30,Closed Lost,True
OP-03889,Silverline SaaS,raj.nguyen@outlook.com,U-1029,Discovery,78559.50,2025-11-21,2025-06-24,Web Form,78559.5,2025-11-21,2025-06-24,Qualification,True
OP-00479,Harborline Bank,priya.miller@yahoo.com,U-1039,prospecting,"$239,440.89",2024-04-02,2024-02-07,Outbound SDR,239440.89,2024-04-02,2024-02-07,Prospecting,True
OP-01090,Vertex Capital,ben.nguyen@example.org,U-1028,Closed Won,205360.42,2026-12-30,2026-07-07,Web Form,205360.42,2026-12-30,2026-07-07,Closed Won,True
OP-03386,Zephyr Airlines,priya.patel@yahoo.com,U-1003,Closed-Won,,2024-08-11,2024-05-06,Bulk Import,,2024-08-11,2024-05-06,Closed Won,True
OP-02910,,aisha.patel@gmail.com,U-1006,ClosedLost,89781.01,2025-12-03,2025-11-02,Trade Show,89781.01,2025-12-03,2025-11-02,Closed Lost,True
OP-02224,Juniper Retail,marcus.brown,U-1034,closed lost,6963.76,2026-02-20,2025-06-26,Partner Referral,6963.76,2026-02-20,2025-06-26,Closed Lost,False
OP-00766,Copperline Foods,noah.lee@company.com,U-1015,Qualification,,2025-07-11,2025-05-01,Bulk Import,,2025-07-11,2025-05-01,Qualification,True
OP-03935,Willow Creek Farms,ben.brown@yahoo.com,U-1020,proposal,51101.18,,2025-03-02,Web Form,51101.18,,2025-03-02,Proposal,True
OP-02987,Tidewater Marine,lena.thomas@example.org,U-1016,Qualified,97533.56,2024-08-08,2024-07-11,Outbound SDR,97533.56,2024-08-08,2024-07-11,Qualification,True
OP-02473,Larkspur Labs,marcus.anderson@gmail.com,U-1019,Discovery,72966.74,,2024-05-19,Partner Referral,72966.74,,2024-05-19,Qualification,True
OP-00612,Xenon Robotics,ava.patel@outlook.com,U-1031,PROSPECTING,172871.40,2025-07-19,2024-12-11,Bulk Import,172871.4,2025-07-19,2024-12-11,Prospecting,True
OP-01392,Ironclad Security,maya.miller@outlook.com,U-1005,Qualification,"$199,950.21",2026-04-27,2025-10-09,Outbound SDR,199950.21,2026-04-27,2025-10-09,Qualification,True
OP-03084,Copperline Foods,marcus.moore@example.org,U-1037,New Lead,206599.06,2025-09-19,2025-04-22,Web Form,206599.06,2025-09-19,2025-04-22,Prospecting,True
OP-02899,Acme Industrial,ethan.lee@company.com,U-1026,Qualified,213436.07,2024-08-09,2024-07-16,Web Form,213436.07,2024-08-09,2024-07-16,Qualification,True
OP-00433,Granite Ridge Co,kara.garcia@yahoo.com,U-1005,prospecting,77887.76,2025-11-20,2025-04-07,Inbound Call,77887.76,2025-11-20,2025-04-07,Prospecting,True
OP-00460,Yellowpine Lumber,raj.garcia@outlook.com,U-1011,Qualifcation,"USD 183,794.47",2026-04-06,2025-12-14,Bulk Import,183794.47,2026-04-06,2025-12-14,Qualification,True
OP-04628,Granite Ridge Co,priya.miller@outlook.com,U-1003,PROSPECTING,198304.13,2024-08-21,2027-02-04,Trade Show,198304.13,2024-08-21,2027-02-04,Prospecting,True
OP-02275,Pinnacle Travel,aisha.miller@company.com,U-1012,qualification,117098.98,2025-12-14,2025-10-29,Outbound SDR,117098.98,2025-12-14,2025-10-29,Qualification,True
OP-02282,Quartzline Telecom,noah.garcia@company.com,U-1033,ClosedWon,230647.73,2024-12-14,2024-06-26,Bulk Import,230647.73,2024-12-14,2024-06-26,Closed Won,True
OP-04292,Silverline SaaS,not-an-email,U-1016,qualification,91896.02,2025-11-06,2025-06-06,Web Form,91896.02,2025-11-06,2025-06-06,Qualification,False
OP-01633,Silverline SaaS,,U-1020,Qualified,"$114,346.90",2025-07-29,2025-01-16,Web Form,114346.9,2025-07-29,2025-01-16,Qualification,
OP-01831,BluePeak Logistics,tom.kim@outlook.com,U-1021,qualification,129868.70,2025-05-14,2024-11-24,Inbound Call,129868.7,2025-05-14,2024-11-24,Qualification,True
OP-00106,Quartzline Telecom,lena.moore@outlook.com,inactive_user,Prospecting,84009.66,2025-07-09,2025-04-24,Partner Referral,84009.66,2025-07-09,2025-04-24,Prospecting,True
OP-02265,Harborline Bank,ava.garcia@company.com,U-1023,qualification,,2024-05-13,2024-02-29,Web Form,,2024-05-13,2024-02-29,Qualification,True
OP-01208,Northgate Auto,aisha.brown@yahoo.com,U-1008,Qualified,151871.11,2024-05-23,2024-02-09,Partner Referral,151871.11,2024-05-23,2024-02-09,Qualification,True
OP-02710,Umbra Defense,tom.patel@company.com,U-1005,Closed-Won,112962.97,,2027-05-25,Web Form,112962.97,,2027-05-25,Closed Won,True
OP-04656,Zephyr Airlines,nina.moore@gmail.com,U-1016,PROSPECTING,56742.41,2026-05-29,2026-05-13,Bulk Import,56742.41,2026-05-29,2026-05-13,Prospecting,True
OP-02661,Umbra Defense,owen.davis@gmail.com,U-1018,prospecting,29256.20,2025-11-07,2025-09-21,Partner Referral,29256.2,2025-11-07,2025-09-21,Prospecting,True
OP-04008,,sofia.brown@yahoo.com,U-1016,proposal,,2024-09-28,2024-08-12,Bulk Import,,2024-09-28,2024-08-12,Proposal,True
OP-03262,Ironclad Security,ethan.miller@gmail.com,U-1015,,"$167,020.12",2025-05-31,2024-12-15,Web Form,167020.12,2025-05-31,2024-12-15,,True
OP-00427,Vertex Capital,kara.miller@yahoo.com,U-1026,Quote Sent,"$150,741.05",2025-11-02,2025-05-02,Partner Referral,150741.05,2025-11-02,2025-05-02,Proposal,True
OP-01239,Redwood Outdoors,ethan.nguyen@company.com,U-1005,Qualification,"$94,815.32",2025-08-02,2025-04-16,Bulk Import,94815.32,2025-08-02,2025-04-16,Qualification,True
OP-02518,Granite Ridge Co,ella.lee@company.com,U-1000,Qualified,125426.27,,2024-01-20,Outbound SDR,125426.27,,2024-01-20,Qualification,True
OP-01813,Quartzline Telecom,zoe.brown@company.com,U-1003,closed won,114514.91,2024-05-16,2027-04-01,Trade Show,114514.91,2024-05-16,2027-04-01,Closed Won,True
OP-02728,Everline Health,nina.wilson@company.com,U-1035,Proposal Sent,100451.02,2026-02-17,2026-02-07,Web Form,100451.02,2026-02-17,2026-02-07,Proposal,True
OP-00113,Redwood Outdoors,lena.nguyen@gmail.com,U-1026,,"$63,383",2025-07-31,2025-03-10,Bulk Import,63383.0,2025-07-31,2025-03-10,,True
OP-02010,Xenon Robotics,aisha.garcia@company.com,U-1024,prospecting,188594.50,2024-10-17,2024-06-12,Inbound Call,188594.5,2024-10-17,2024-06-12,Prospecting,True
OP-03130,Redwood Outdoors,aisha.moore@company.com,U-1007,CLOSED WON,235633.02,2024-09-10,2024-05-26,Partner Referral,235633.02,2024-09-10,2024-05-26,Closed Won,True
OP-02173,BluePeak Logistics,liam.lee@gmail.com,U-1018,ClosedWon,99005.71,2025-07-26,2024-12-15,Outbound SDR,99005.71,2025-07-26,2024-12-15,Closed Won,True
OP-03612,Tidewater Marine,maya.garcia@company.com,U-1016,Lost,81999.03,2026-09-23,2026-03-25,Outbound SDR,81999.03,2026-09-23,2026-03-25,Closed Lost,True
OP-00474,Everline Health,marcus.moore@example.org,U-1024,Qualification,31463.03,2026-04-13,2025-10-04,Trade Show,31463.03,2026-04-13,2025-10-04,Qualification,True
OP-01648,Northgate Auto,noah.brown@gmail.com,U-1008,Qualification,216864.47,2025-05-22,2024-12-09,Outbound SDR,216864.47,2025-05-22,2024-12-09,Qualification,True
OP-01750,Willow Creek Farms,aisha.davis@gmail.com,U-1030,Quote Sent,157470.93,2025-08-02,2024-12-30,Bulk Import,157470.93,2025-08-02,2024-12-30,Proposal,True
OP-01148,Harborline Bank,ben.johnson@gmail.com,U-9999,Won,215900.44,2025-02-17,2024-08-24,Web Form,215900.44,2025-02-17,2024-08-24,Closed Won,True
OP-02519,Copperline Foods,raj.lee@example.org,U-1035,Closed-Won,"$49,366.86",2026-07-06,2026-01-03,Inbound Call,49366.86,2026-07-06,2026-01-03,Closed Won,True
OP-01124,Everline Health,owen.patel@company.com,U-1028,Proposal,18966.57,2024-03-14,2024-01-19,Partner Referral,18966.57,2024-03-14,2024-01-19,Proposal,True
OP-02555,Tidewater Marine,maya.nguyen@company.com,U-1021,Closed Lost,"USD 196,716.60",2025-06-19,2025-05-29,Partner Referral,196716.6,2025-06-19,2025-05-29,Closed Lost,True
OP-01333,Meridian Freight,raj.taylor@gmail.com,U-1007,Prospecting,"$100,261.34",2025-07-06,2025-01-26,Inbound Call,100261.34,2025-07-06,2025-01-26,Prospecting,True
OP-03663,Everline Health,marcus.davis@company.com,inactive_user,Qualified,66334.12,2026-09-04,2026-02-24,Outbound SDR,66334.12,2026-09-04,2026-02-24,Qualification,True
OP-01806,BluePeak Logistics,lena.garcia@gmail.com,U-1009,Prospect,90072.65,2025-05-03,2025-01-11,Web Form,90072.65,2025-05-03,2025-01-11,Prospecting,True
OP-00037,Granite Ridge Co,lena.smith@gmail.com,U-1008,Qualifcation,5508.80,2025-01-03,2024-10-30,Trade Show,5508.8,2025-01-03,2024-10-30,Qualification,True
OP-01804,Quartzline Telecom,sofia.miller@company.com,U-1020,Qualification,232204.09,2025-04-12,2024-11-30,Trade Show,232204.09,2025-04-12,2024-11-30,Qualification,True
OP-02294,Juniper Retail,ava.garcia@example.org,U-1036,Qualifcation,21723.92,2026-01-15,2025-05-26,Partner Referral,21723.92,2026-01-15,2025-05-26,Qualification,True
OP-00170,Silverline SaaS,dev.nguyen@example.org,U-1031,ClosedLost,10030.92,2025-09-16,2025-02-04,Inbound Call,10030.92,2025-09-16,2025-02-04,Closed Lost,True
OP-03472,Silverline SaaS,ethan.patel@example.org,U-1009,Qualified,"$150,595.19",2026-08-12,2026-04-23,Inbound Call,150595.19,2026-08-12,2026-04-23,Qualification,True
OP-00084,BluePeak Logistics,priya.patel,U-1021,Discovery,119403.14,2025-02-13,2024-11-19,Partner Referral,119403.14,2025-02-13,2024-11-19,Qualification,False
OP-03697,Ironclad Security,owen.moore@company.com,U-1028,Closed Won,185028.18,2025-12-24,2025-12-14,Web Form,185028.18,2025-12-24,2025-12-14,Closed Won,True
OP-03186,ForgePoint Systems,nina.moore@company.com,U-1029,qualification,223180.57,2024-08-15,2024-01-25,Bulk Import,223180.57,2024-08-15,2024-01-25,Qualification,True
OP-03684,Acme Industrial,zoe.moore@yahoo.com,U-1003,,210272.23,2026-07-24,2026-05-23,Inbound Call,210272.23,2026-07-24,2026-05-23,,True
OP-02508,Everline Health,ava.smith@yahoo.com,U-1004,Quote Sent,"USD 78,232.83",2024-05-22,2024-04-17,Web Form,78232.83,2024-05-22,2024-04-17,Proposal,True
OP-04331,Yellowpine Lumber,aisha.anderson@company.com,U-1017,Closed Lost,171712.08,2026-07-10,2026-04-25,Inbound Call,171712.08,2026-07-10,2026-04-25,Closed Lost,True
OP-02151,Umbra Defense,ben.nguyen@company.com,U-1008,Closed-Lost,197550.61,2026-09-07,2026-04-24,Inbound Call,197550.61,2026-09-07,2026-04-24,Closed Lost,True
OP-02877,Ironclad Security,liam.taylor@yahoo.com,U-1005,Closed Lost,202058.12,2026-07-24,2026-01-14,Inbound Call,202058.12,2026-07-24,2026-01-14,Closed Lost,True
OP-00315,Ironclad Security,lena.taylor@gmail.com,U-1021,Proposal Sent,"$65,819.48",2026-06-22,2026-02-26,Web Form,65819.48,2026-06-22,2026-02-26,Proposal,True
OP-01824,DeltaWave Media,dev.thomas@outlook.com,U-1037,Qualification,185396.95,2025-11-23,2025-07-28,Trade Show,185396.95,2025-11-23,2025-07-28,Qualification,True
OP-03720,Yellowpine Lumber,ben.anderson@outlook.com,U-1031,qualification,,2026-07-10,2026-04-02,Inbound Call,,2026-07-10,2026-04-02,Qualification,True
OP-02256,Larkspur Labs,tom.taylor@gmail.com,U-1031,Discovery,157032.75,2025-05-09,2025-01-06,Inbound Call,157032.75,2025-05-09,2025-01-06,Qualification,True
OP-00095,ForgePoint Systems,aisha.lee@company.com,U-1031,closed lost,"$49,078.86",2026-07-12,2026-04-13,Web Form,49078.86,2026-07-12,2026-04-13,Closed Lost,True
OP-02400,Willow Creek Farms,liam.lee@outlook.com,U-1035,Won,153485.95,2025-02-26,2024-11-27,Outbound SDR,153485.95,2025-02-26,2024-11-27,Closed Won,True
OP-01169,Keystone Energy,liam.johnson@outlook.com,U-1031,Discovery,151083.58,2026-07-18,2026-02-08,Outbound SDR,151083.58,2026-07-18,2026-02-08,Qualification,True
OP-02008,Meridian Freight,,U-1001,Closed Won,"$143,525.68",2024-08-30,2024-07-27,Bulk Import,143525.68,2024-08-30,2024-07-27,Closed Won,
OP-02082,Willow Creek Farms,raj.davis@gmail.com,U-1033,Proposal,117657.73,2024-11-01,2024-06-19,Web Form,117657.73,2024-11-01,2024-06-19,Proposal,True
OP-04170,Meridian Freight,chris.miller@outlook.com,U-1039,PROSPECTING,219430.47,2024-04-14,2024-02-04,Trade Show,219430.47,2024-04-14,2024-02-04,Prospecting,True
OP-04568,Pinnacle Travel,marcus.kim@gmail.com,U-1027,ClosedWon,190152.07,2025-02-25,2024-07-28,Web Form,190152.07,2025-02-25,2024-07-28,Closed Won,True
OP-03549,Redwood Outdoors,aisha.kim@outlook.com,U-1029,Prospect,152024.56,2025-09-19,2025-01-28,Partner Referral,152024.56,2025-09-19,2025-01-28,Prospecting,True
OP-02922,DeltaWave Media,chris.kim@gmail.com,U-1032,Closed-Lost,142796.62,2026-04-05,2026-02-26,Bulk Import,142796.62,2026-04-05,2026-02-26,Closed Lost,True
OP-01234,Tidewater Marine,marcus.taylor@yahoo.com,U-1025,Negotiation,54417.62,2025-05-09,2025-02-02,Inbound Call,54417.62,2025-05-09,2025-02-02,Proposal,True
OP-03085,Xenon Robotics,zoe.garcia@example.org,U-1012,qualification,"$89,908",2026-04-05,2025-09-15,Partner Referral,89908.0,2026-04-05,2025-09-15,Qualification,True
OP-D0117,Larkspur Labs,nina.lee@gmail.com,U-1012,prospecting,,,2024-07-02,Inbound Call,,,2024-07-02,Prospecting,True
OP-03880,Copperline Foods,not-an-email,U-1006,PROSPECTING,7963.49,2024-11-12,2024-07-28,Web Form,7963.49,2024-11-12,2024-07-28,Prospecting,False
OP-02132,Quartzline Telecom,raj.thomas@yahoo.com,U-1015,Qualifcation,127479.36,2025-05-14,2024-12-24,Web Form,127479.36,2025-05-14,2024-12-24,Qualification,True
OP-00597,Silverline SaaS,ethan.garcia@gmail.com,U-1013,closed lost,"$82,054.42",2026-01-13,2025-06-04,Outbound SDR,82054.42,2026-01-13,2025-06-04,Closed Lost,True
OP-01010,Willow Creek Farms,owen.johnson@gmail.com,U-9999,Qualified,56562.66,2026-04-30,2026-04-09,Outbound SDR,56562.66,2026-04-30,2026-04-09,Qualification,True
OP-02731,Xenon Robotics,liam.kim@example.org,U-1030,Discovery,208610.67,2024-11-16,2024-05-17,Partner Referral,208610.67,2024-11-16,2024-05-17,Qualification,True
OP-01368,Larkspur Labs,kara.thomas@outlook.com,U-1031,Qualifcation,,2024-12-21,2024-05-29,Trade Show,,2024-12-21,2024-05-29,Qualification,True
OP-03767,Quartzline Telecom,nina.brown@yahoo.com,U-1021,,182861.69,2025-12-05,2025-10-28,Partner Referral,182861.69,2025-12-05,2025-10-28,,True
OP-00215,Xenon Robotics,nina.moore@yahoo.com,U-1004,Proposal,187228.92,2026-06-30,2026-03-04,Web Form,187228.92,2026-06-30,2026-03-04,Proposal,True
OP-04666,Pinnacle Travel,kara.wilson@gmail.com,U-1018,Prospect,240589.63,2026-06-06,2026-03-09,Web Form,240589.63,2026-06-06,2026-03-09,Prospecting,True
OP-04462,Redwood Outdoors,chris.davis@example.org,U-1031,Qualification,163794.95,2026-09-14,2026-01-31,Web Form,163794.95,2026-09-14,2026-01-31,Qualification,True
OP-04115,Harborline Bank,aisha.taylor@outlook.com,U-1030,PROSPECTING,106191.42,2025-05-18,2024-12-17,Web Form,106191.42,2025-05-18,2024-12-17,Prospecting,True
OP-01709,Tidewater Marine,kara.smith@outlook.com,U-1039,proposal,"$132,490.91",2024-10-10,2024-07-28,Bulk Import,132490.91,2024-10-10,2024-07-28,Proposal,True
OP-01672,Onyx Pharma,marcus.thomas@gmail.com,U-1005,ClosedWon,100875.71,2024-08-09,2024-06-04,Web Form,100875.71,2024-08-09,2024-06-04,Closed Won,True
OP-01400,Copperline Foods,ethan.johnson@example.org,U-1025,Quote Sent,58689.83,2026-02-20,2026-01-31,Bulk Import,58689.83,2026-02-20,2026-01-31,Proposal,True
OP-00596,Quartzline Telecom,nina.brown@yahoo.com,U-1032,Won,149075.97,2024-05-10,2024-03-26,Trade Show,149075.97,2024-05-10,2024-03-26,Closed Won,True
OP-02149,Yellowpine Lumber,chris.johnson@outlook.com,U-1001,PROSPECTING,159532.58,2026-07-02,2025-11-27,Trade Show,159532.58,2026-07-02,2025-11-27,Prospecting,True
OP-03440,Vertex Capital,sofia.thomas@example.org,U-1026,Qualification,69232.36,2025-12-28,2025-08-28,Web Form,69232.36,2025-12-28,2025-08-28,Qualification,True
OP-04374,Ironclad Security,owen.garcia@gmail.com,U-1008,qualification,147042.45,2025-02-06,2024-07-16,Bulk Import,147042.45,2025-02-06,2024-07-16,Qualification,True
OP-02130,Keystone Energy,avapatel@company.com,U-1001,Closed Lost,150871.04,2024-05-20,2024-02-21,Bulk Import,150871.04,2024-05-20,2024-02-21,Closed Lost,True
OP-04226,ForgePoint Systems,marcus.brown@company.com,U-1006,Closed Lost,185904.42,2024-04-12,2024-03-06,Partner Referral,185904.42,2024-04-12,2024-03-06,Closed Lost,True
OP-03248,Granite Ridge Co,priya.taylor@example.org,U-1033,New Lead,72447.48,2026-04-25,2025-09-01,Outbound SDR,72447.48,2026-04-25,2025-09-01,Prospecting,True
OP-02822,Juniper Retail,kara.wilson@outlook.com,U-1033,Prospecting,12452.78,2027-01-29,2026-06-25,Partner Referral,12452.78,2027-01-29,2026-06-25,Prospecting,True
OP-01045,Zephyr Airlines,ethan.wilson@outlook.com,U-1023,Proposal,24535.01,2026-03-20,2025-08-18,Web Form,24535.01,2026-03-20,2025-08-18,Proposal,True
OP-02407,Vertex Capital,ava.thomas@company.com,U-1006,Proposal Sent,134665.28,2026-07-25,2026-07-14,Inbound Call,134665.28,2026-07-25,2026-07-14,Proposal,True
OP-04164,Keystone Energy,lena.leeoutlook.com,U-1008,qualification,,2024-08-16,2024-02-17,Partner Referral,,2024-08-16,2024-02-17,Qualification,False
OP-03457,Willow Creek Farms,zoe.smith@yahoo.com,U-1026,ClosedLost,114991.64,2026-04-15,2025-11-15,Trade Show,114991.64,2026-04-15,2025-11-15,Closed Lost,True
OP-D0022,Northgate Auto,lena.miller@gmail.com,U-1012,PROSPECTING,246372.18,2026-11-23,2026-06-16,Inbound Call,246372.18,2026-11-23,2026-06-16,Prospecting,True
OP-00798,Pinnacle Travel,maya.wilson@company.com,U-1021,prospecting,231355.80,2026-04-08,2026-03-16,Bulk Import,231355.8,2026-04-08,2026-03-16,Prospecting,True
OP-02193,Ironclad Security,tom.nguyen@outlook.com,U-1014,Proposal Sent,160403.99,2024-10-21,2024-04-19,Partner Referral,160403.99,2024-10-21,2024-04-19,Proposal,True
OP-01952,Yellowpine Lumber,priya.anderson@outlook.com,U-1019,Lost,"217,467.23 $",2026-03-04,2026-02-05,Bulk Import,217467.23,2026-03-04,2026-02-05,Closed Lost,True
OP-02264,Tidewater Marine,kara.anderson@outlook.com,U-1039,Lost,222120.87,2026-07-27,2025-12-14,Web Form,222120.87,2026-07-27,2025-12-14,Closed Lost,True
OP-03806,Everline Health,owen.miller@gmail.com,U-1028,Quote Sent,"$244,485.00",2026-02-27,2025-08-18,Partner Referral,244485.0,2026-02-27,2025-08-18,Proposal,True
OP-03586,Harborline Bank,maya.johnson@company.com,U-1007,qualification,242342.97,2025-10-11,2025-05-19,Inbound Call,242342.97,2025-10-11,2025-05-19,Qualification,True
OP-03092,Acme Industrial,zoe.johnson@outlook.com,U-1006,Prospect,"$7,498.84",,2025-10-08,Web Form,7498.84,,2025-10-08,Prospecting,True
OP-01867,Copperline Foods,liam.patel@example.org,U-1002,Prospect,161519.32,2025-11-29,2025-06-29,Partner Referral,161519.32,2025-11-29,2025-06-29,Prospecting,True
OP-00995,ForgePoint Systems,dev.patel@example.org,U-1014,Qualification,15385.64,2026-07-28,2026-01-09,Inbound Call,15385.64,2026-07-28,2026-01-09,Qualification,True
OP-04471,Xenon Robotics,ethan.johnson@gmail.com,U-1021,Qualification,239429.98,2026-07-15,2026-02-01,Outbound SDR,239429.98,2026-07-15,2026-02-01,Qualification,True
OP-02070,Redwood Outdoors,kara.johnson@example.org,U-1001,Closed-Lost,66047.15,2025-09-13,2025-06-05,Trade Show,66047.15,2025-09-13,2025-06-05,Closed Lost,True
OP-04321,Acme Industrial,aisha.wilson@example.org,U-1020,Prospecting,193187.81,2026-08-16,2026-02-02,Outbound SDR,193187.81,2026-08-16,2026-02-02,Prospecting,True
OP-02425,Redwood Outdoors,marcus.brown@gmail.com,U-1018,Discovery,"$214,587.36",2025-10-19,2025-03-18,Partner Referral,214587.36,2025-10-19,2025-03-18,Qualification,True
OP-02449,Vertex Capital,lena.smith@yahoo.com,U-1039,Quote Sent,99550.58,2026-10-05,2026-02-25,Outbound SDR,99550.58,2026-10-05,2026-02-25,Proposal,True
OP-03988,Pinnacle Travel,chris.davis@yahoo.com,U-1014,qualification,99327.24,2024-04-01,2024-01-24,Bulk Import,99327.24,2024-04-01,2024-01-24,Qualification,True
OP-02876,Willow Creek Farms,ella.brown@example.org,U-1015,New Lead,9087.22,2025-01-24,2024-06-10,Outbound SDR,9087.22,2025-01-24,2024-06-10,Prospecting,True
OP-00870,Silverline SaaS,ava.anderson@outlook.com,U-1014,Discovery,"$69,431.56",,2026-03-26,Web Form,69431.56,,2026-03-26,Qualification,True
OP-D0017,Vertex Capital,ethan.wilson@outlook.com,U-1012,Won,"$162,751",2024-06-04,2024-03-24,Inbound Call,162751.0,2024-06-04,2024-03-24,Closed Won,True
OP-00805,Pinnacle Travel,ethan.moore@company.com,U-1022,Proposal,99561.58,2025-11-16,2025-09-13,Bulk Import,99561.58,2025-11-16,2025-09-13,Proposal,True
OP-03421,ForgePoint Systems,ava.miller@example.org,U-1003,Prospecting,20996.10,2026-03-13,2026-01-27,Bulk Import,20996.1,2026-03-13,2026-01-27,Prospecting,True
OP-04629,Keystone Energy,lena.kim@yahoo.com,U-1012,New Lead,"$229,147",2024-07-21,2024-04-09,Web Form,229147.0,2024-07-21,2024-04-09,Prospecting,True
OP-00816,Vertex Capital,ella.taylor@outlook.com,U-1016,closed won,"$197,672.01",,2025-09-21,Trade Show,197672.01,,2025-09-21,Closed Won,True
OP-04398,Ironclad Security,noah.miller@company.com,U-1039,Closed Won,58048.52,2025-07-03,2024-12-31,Outbound SDR,58048.52,2025-07-03,2024-12-31,Closed Won,True
OP-02009,Northgate Auto,dev.moore@yahoo.com,U-1038,Proposal Sent,123602.36,2025-06-24,2025-04-26,Bulk Import,123602.36,2025-06-24,2025-04-26,Proposal,True
OP-02383,Acme Industrial,maya.garcia@example.org,U-1015,New Lead,23842.89,2025-06-14,2024-12-12,Outbound SDR,23842.89,2025-06-14,2024-12-12,Prospecting,True
OP-00660,DeltaWave Media,nina.smith@yahoo.com,U-1038,qualification,148056.51,2026-08-28,2026-01-07,Partner Referral,148056.51,2026-08-28,2026-01-07,Qualification,True
OP-03631,Everline Health,ethan.anderson@example.org,U-1005,PROSPECTING,,2026-07-10,2026-02-07,Outbound SDR,,2026-07-10,2026-02-07,Prospecting,True
OP-00913,Juniper Retail,ava.taylor@example.org,U-1033,PROSPECTING,45682.02,2026-07-24,2026-03-06,Inbound Call,45682.02,2026-07-24,2026-03-06,Prospecting,True
OP-01139,BluePeak Logistics,tom.anderson@gmail.com,U-1031,Closed Won,234712.88,2024-04-21,2024-03-23,Trade Show,234712.88,2024-04-21,2024-03-23,Closed Won,True
OP-03916,Acme Industrial,chris.davis@company.com,U-1027,Qualifcation,3171.49,,2025-04-17,Bulk Import,3171.49,,2025-04-17,Qualification,True
OP-01223,Xenon Robotics,ella.wilson@yahoo.com,U-1001,PROSPECTING,229003.96,2026-02-04,2026-01-18,Trade Show,229003.96,2026-02-04,2026-01-18,Prospecting,True
OP-02636,Northgate Auto,noah.taylor@company.com,U-1013,Discovery,125336.36,2024-11-10,2024-07-19,Trade Show,125336.36,2024-11-10,2024-07-19,Qualification,True
OP-02582,Quartzline Telecom,ben.patel@example.org,U-1023,Proposal,"$94,535",2026-09-13,2026-02-04,Inbound Call,94535.0,2026-09-13,2026-02-04,Proposal,True
OP-03379,Meridian Freight,nina.smith@company.com,U-1009,PROSPECTING,169687.19,,2025-04-03,Inbound Call,169687.19,,2025-04-03,Prospecting,True
OP-D0170,Tidewater Marine,maya.nguyen@outlook.com,U-1006,Qualifcation,93118.28,2025-10-09,2025-09-12,Partner Referral,93118.28,2025-10-09,2025-09-12,Qualification,True
OP-00849,Harborline Bank,lena.nguyen@outlook.com,U-1009,qualification,133023.68,2025-08-07,2025-06-12,Trade Show,133023.68,2025-08-07,2025-06-12,Qualification,True
OP-02587,Juniper Retail,priya.nguyen@example.org,U-1001,qualification,175743.94,2026-03-09,2025-09-24,Web Form,175743.94,2026-03-09,2025-09-24,Qualification,True
OP-02447,Redwood Outdoors,,U-1008,Qualification,155074.07,2025-11-30,2025-05-17,Outbound SDR,155074.07,2025-11-30,2025-05-17,Qualification,
OP-03268,Yellowpine Lumber,tom.anderson@example.org,U-1000,Prospect,8382.45,2025-06-22,2025-01-18,Trade Show,8382.45,2025-06-22,2025-01-18,Prospecting,True
OP-00666,BluePeak Logistics,kara.brown@gmail.com,U-1021,Qualified,"63,961.84 $",2026-09-01,2026-03-10,Partner Referral,63961.84,2026-09-01,2026-03-10,Qualification,True
OP-01948,BluePeak Logistics,noah.davis@outlook.com,U-1007,Closed-Lost,174460.00,2026-10-17,2026-05-20,Outbound SDR,174460.0,2026-10-17,2026-05-20,Closed Lost,True
OP-04459,DeltaWave Media,nina.patel@outlook.com,U-1026,Qualification,83567.40,2024-10-13,2024-08-23,Outbound SDR,83567.4,2024-10-13,2024-08-23,Qualification,True
OP-04332,Granite Ridge Co,raj.wilson@yahoo.com,U-1038,New Lead,229230.35,2026-06-30,2026-05-25,Trade Show,229230.35,2026-06-30,2026-05-25,Prospecting,True
OP-04501,Meridian Freight,lena.johnson@yahoo.com,U-1014,ClosedLost,,2024-09-20,2024-03-14,Trade Show,,2024-09-20,2024-03-14,Closed Lost,True
OP-03278,Northgate Auto,marcus.miller@gmail.com,U-1001,PROSPECTING,170113.90,,2025-07-27,Outbound SDR,170113.9,,2025-07-27,Prospecting,True
OP-02046,Vertex Capital,,U-1010,Prospect,52184.63,2024-11-21,2024-08-06,Trade Show,52184.63,2024-11-21,2024-08-06,Prospecting,
OP-04068,Quartzline Telecom,aisha.garcia@outlook.com,U-1005,qualification,,2024-08-23,2024-08-14,Inbound Call,,2024-08-23,2024-08-14,Qualification,True
OP-00257,Larkspur Labs,liam.smith@yahoo.com,U-1034,Prospect,24667.58,2026-03-29,2026-02-28,Web Form,24667.58,2026-03-29,2026-02-28,Prospecting,True
OP-04672,BluePeak Logistics,kara.taylor@company.com,U-1019,Qualification,231942.13,2025-09-03,2025-05-11,Partner Referral,231942.13,2025-09-03,2025-05-11,Qualification,True
OP-02880,Tidewater Marine,chris.johnson@example.org,U-1033,Qualifcation,"$134,807",2026-09-11,2026-03-28,Trade Show,134807.0,2026-09-11,2026-03-28,Qualification,True
OP-03669,DeltaWave Media,lena.moore@gmail.com,U-1012,Won,99777.70,2025-04-05,2024-11-07,Outbound SDR,99777.7,2025-04-05,2024-11-07,Closed Won,True
OP-00648,Yellowpine Lumber,chris.brown@outlook.com,U-1039,Prospecting,97071.65,2025-10-11,2025-04-20,Inbound Call,97071.65,2025-10-11,2025-04-20,Prospecting,True
OP-03890,Willow Creek Farms,aisha.smith@outlook.com,U-1021,Won,92972.14,2026-02-24,2025-10-04,Inbound Call,92972.14,2026-02-24,2025-10-04,Closed Won,True
OP-03667,BluePeak Logistics,liam.moore@yahoo.com,U-1002,Prospecting,118822.27,,2026-03-27,Trade Show,118822.27,,2026-03-27,Prospecting,True
OP-00735,Everline Health,maya.nguyen@outlook.com,U-1014,proposal,"$175,591.82",2026-11-10,2026-06-18,Inbound Call,175591.82,2026-11-10,2026-06-18,Proposal,True
OP-D0023,Willow Creek Farms,lena.nguyen@outlook.com,U-1000,prospecting,70192.34,2026-12-19,2026-05-31,Bulk Import,70192.34,2026-12-19,2026-05-31,Prospecting,True
OP-01545,Copperline Foods,tom.moore@gmail.com,U-1022,prospecting,83010.08,2025-03-04,2025-02-13,Partner Referral,83010.08,2025-03-04,2025-02-13,Prospecting,True
OP-04677,Pinnacle Travel,ethan.davis@outlook.com,U-1014,Lost,166256.82,2025-07-16,2025-05-24,Bulk Import,166256.82,2025-07-16,2025-05-24,Closed Lost,True
OP-04064,DeltaWave Media,maya.lee@outlook.com,U-1011,qualification,"$198,633.61",2025-12-08,2025-05-04,Partner Referral,198633.61,2025-12-08,2025-05-04,Qualification,True
OP-01576,Vertex Capital,liam.patel@example.org,U-1037,prospecting,"$91,328",2024-08-31,2024-01-28,Bulk Import,91328.0,2024-08-31,2024-01-28,Prospecting,True
OP-00007,Ironclad Security,lena.davis@outlook.com,U-1006,Qualifcation,109821.78,2026-08-16,2026-02-26,Trade Show,109821.78,2026-08-16,2026-02-26,Qualification,True
OP-00528,Everline Health,priya.brown@example.org,U-1038,Negotiation,26166.62,2026-02-10,2025-10-11,Outbound SDR,26166.62,2026-02-10,2025-10-11,Proposal,True
OP-00747,Everline Health,sofia.anderson@company.com,U-1027,PROSPECTING,139038.63,2024-12-07,2024-11-26,Trade Show,139038.63,2024-12-07,2024-11-26,Prospecting,True
OP-03156,Umbra Defense,lena.garcia@gmail.com,U-1030,Proposal,119731.89,2026-03-27,2025-10-21,Inbound Call,119731.89,2026-03-27,2025-10-21,Proposal,True
OP-00140,Quartzline Telecom,tom.garcia@gmail.com,U-1014,Qualified,105076.35,,2025-10-30,Partner Referral,105076.35,,2025-10-30,Qualification,True
OP-01183,Granite Ridge Co,priya.lee@outlook.com,U-1024,Qualifcation,225182.19,2026-02-03,2026-01-02,Bulk Import,225182.19,2026-02-03,2026-01-02,Qualification,True
OP-01269,Redwood Outdoors,ava.anderson@outlook.com,U-1030,Discovery,111936.88,2024-12-17,2024-08-03,Outbound SDR,111936.88,2024-12-17,2024-08-03,Qualification,True
OP-03966,BluePeak Logistics,liam.garcia@example.org,U-1006,New Lead,212950.23,2026-10-17,2026-04-29,Web Form,212950.23,2026-10-17,2026-04-29,Prospecting,True
OP-04446,Everline Health,aisha.davis@company.com,U-1004,New Lead,24002.20,2025-02-15,2025-01-09,Web Form,24002.2,2025-02-15,2025-01-09,Prospecting,True
OP-01803,Umbra Defense,owen.lee@outlook.com,U-1035,Qualified,36067.98,,2024-05-19,Partner Referral,36067.98,,2024-05-19,Qualification,True
OP-03152,Acme Industrial,dev.wilson@company.com,U-1003,closed won,37796.14,2026-06-02,2025-11-16,Outbound SDR,37796.14,2026-06-02,2025-11-16,Closed Won,True
OP-03789,BluePeak Logistics,maya.patel@gmail.com,U-1004,CLOSED WON,,2025-01-15,2024-07-16,Web Form,,2025-01-15,2024-07-16,Closed Won,True
OP-D0011,Yellowpine Lumber,ella.lee@company.com,U-1011,Closed Won,97140.21,2024-05-29,2024-02-02,Bulk Import,97140.21,2024-05-29,2024-02-02,Closed Won,True
OP-02396,Meridian Freight,dev.lee@example.org,U-1005,Proposal Sent,74384.05,2024-08-21,2024-01-22,Partner Referral,74384.05,2024-08-21,2024-01-22,Proposal,True
OP-01301,Juniper Retail,chris.nguyen@example.org,U-1020,qualification,160956.50,2024-07-17,2024-04-15,Partner Referral,160956.5,2024-07-17,2024-04-15,Qualification,True
OP-03984,Larkspur Labs,ethan.brown@company.com,U-1020,,"148,086.61 $",2025-05-24,2024-11-15,Bulk Import,148086.61,2025-05-24,2024-11-15,,True
OP-02416,Larkspur Labs,owen.taylor@example.org,U-1026,proposal,204915.32,2025-02-08,2024-10-15,Outbound SDR,204915.32,2025-02-08,2024-10-15,Proposal,True
OP-01599,Tidewater Marine,ava.patel@yahoo.com,U-1016,Proposal Sent,"$4,294",2025-09-07,2025-01-29,Web Form,4294.0,2025-09-07,2025-01-29,Proposal,True
OP-02521,Silverline SaaS,chris.smith@example.org,U-1013,Quote Sent,98987.91,2024-12-25,2024-07-03,Inbound Call,98987.91,2024-12-25,2024-07-03,Proposal,True
OP-01455,Juniper Retail,priya.thomas@yahoo.com,U-1012,CLOSED WON,77006.69,2027-03-21,2026-08-05,Web Form,77006.69,2027-03-21,2026-08-05,Closed Won,True
OP-00646,Redwood Outdoors,noah.miller@yahoo.com,U-1010,Proposal,26051.00,2024-08-25,2024-05-14,Trade Show,26051.0,2024-08-25,2024-05-14,Proposal,True
OP-00287,BluePeak Logistics,chris.anderson@example.org,U-1030,Qualifcation,"$224,587.38",2024-10-25,2024-04-05,Inbound Call,224587.38,2024-10-25,2024-04-05,Qualification,True
OP-01856,Zephyr Airlines,maya.nguyen@example.org,U-1020,Qualified,176678.65,2025-04-22,2024-12-20,Bulk Import,176678.65,2025-04-22,2024-12-20,Qualification,True
OP-02689,Juniper Retail,nina.garcia@gmail.com,U-1036,Qualified,178647.17,2024-09-12,2024-07-19,Trade Show,178647.17,2024-09-12,2024-07-19,Qualification,True
OP-00809,BluePeak Logistics,priya.moore@outlook.com,U-1000,New Lead,124848.70,2026-08-05,2026-06-24,Trade Show,124848.7,2026-08-05,2026-06-24,Prospecting,True
OP-00525,Granite Ridge Co,ethan.johnson@outlook.com,U-1025,ClosedWon,106884.25,2024-04-26,2024-02-25,Web Form,106884.25,2024-04-26,2024-02-25,Closed Won,True
OP-01761,Silverline SaaS,ella.taylor@yahoo.com,U-1038,New Lead,237788.72,2025-09-20,2025-09-10,Web Form,237788.72,2025-09-20,2025-09-10,Prospecting,True
OP-04603,,chris.taylor@outlook.com,U-1037,Closed-Won,158801.97,2024-12-29,2024-09-10,Outbound SDR,158801.97,2024-12-29,2024-09-10,Closed Won,True
OP-02846,Meridian Freight,maya.nguyen@outlook.com,U-1006,closed won,112369.76,2026-04-09,2025-08-12,Partner Referral,112369.76,2026-04-09,2025-08-12,Closed Won,True
OP-01062,Harborline Bank,ben.moore@outlook.com,U-1039,Won,178026.52,2026-11-15,2026-06-26,Inbound Call,178026.52,2026-11-15,2026-06-26,Closed Won,True
OP-03176,Harborline Bank,lena.moore@example.org,U-1020,Prospecting,127916.54,2026-07-20,2026-01-08,Trade Show,127916.54,2026-07-20,2026-01-08,Prospecting,True
OP-03762,Granite Ridge Co,lena.lee@gmail.com,U-1033,Qualification,161162.18,2024-06-28,2024-06-09,Partner Referral,161162.18,2024-06-28,2024-06-09,Qualification,True
OP-02829,Harborline Bank,zoe.thomas@outlook.com,U-1014,PROSPECTING,"$227,983.12",2024-07-13,2024-05-19,Trade Show,227983.12,2024-07-13,2024-05-19,Prospecting,True
OP-01564,Zephyr Airlines,priya.moore@gmail.com,U-1029,Proposal Sent,135099.40,2025-03-25,2024-09-22,Inbound Call,135099.4,2025-03-25,2024-09-22,Proposal,True
OP-04690,DeltaWave Media,zoe.anderson@company.com,U-1008,qualification,233093.83,2024-08-31,2024-08-05,Bulk Import,233093.83,2024-08-31,2024-08-05,Qualification,True
OP-04438,Harborline Bank,kara.garcia@yahoo.com,U-1018,Closed Won,46509.04,2026-12-06,2026-07-18,Outbound SDR,46509.04,2026-12-06,2026-07-18,Closed Won,True
OP-02765,Juniper Retail,noah.kim@outlook.com,U-1032,Qualification,248265.16,2026-01-05,2025-10-08,Trade Show,248265.16,2026-01-05,2025-10-08,Qualification,True
OP-01194,Vertex Capital,liam.patel@example.org,U-1004,proposal,207452.08,2026-01-06,2025-10-14,Bulk Import,207452.08,2026-01-06,2025-10-14,Proposal,True
OP-01595,Juniper Retail,dev.lee@@gmail.com,U-1034,Prospecting,119040.19,2025-10-15,2025-07-11,Outbound SDR,119040.19,2025-10-15,2025-07-11,Prospecting,False
OP-00387,Northgate Auto,kara.johnson@example.org,U-0000,Discovery,203580.54,2025-03-29,2025-02-26,Inbound Call,203580.54,2025-03-29,2025-02-26,Qualification,True
OP-01700,ForgePoint Systems,lena.taylor@yahoo.com,U-1028,Qualified,"$200,013.95",2026-01-11,2025-09-22,Inbound Call,200013.95,2026-01-11,2025-09-22,Qualification,True
OP-02573,Tidewater Marine,nina.lee,U-1003,Closed Lost,49548.64,2026-08-06,2026-01-02,Partner Referral,49548.64,2026-08-06,2026-01-02,Closed Lost,False
OP-03499,Ironclad Security,sofia.patel@example.org,U-1037,New Lead,"$61,438",2024-11-10,2024-07-04,Partner Referral,61438.0,2024-11-10,2024-07-04,Prospecting,True
OP-03951,Willow Creek Farms,ava.taylor@outlook.com,U-1030,,37969.40,2025-06-08,2025-05-27,Trade Show,37969.4,2025-06-08,2025-05-27,,True
OP-D0032,ForgePoint Systems,owen.wilson@yahoo.com,U-1035,qualification,10593.06,2024-12-25,2024-10-08,Outbound SDR,10593.06,2024-12-25,2024-10-08,Qualification,True
OP-01953,Xenon Robotics,liam.thomas@example.org,U-1008,Qualification,30164.51,2025-08-11,2025-05-19,Outbound SDR,30164.51,2025-08-11,2025-05-19,Qualification,True
OP-01989,Tidewater Marine,ava.patel@gmail.com,U-1009,prospecting,181308.01,2025-02-08,2024-10-18,Web Form,181308.01,2025-02-08,2024-10-18,Prospecting,True
OP-00122,Acme Industrial,chris.tayloroutlook.com,U-1033,Negotiation,"244,414.88 $",2024-06-08,2024-01-18,Inbound Call,244414.88,2024-06-08,2024-01-18,Proposal,False
OP-00847,Silverline SaaS,priya.nguyen@company.com,U-1039,Prospecting,157004.19,2025-07-31,2025-01-19,Bulk Import,157004.19,2025-07-31,2025-01-19,Prospecting,True
OP-02869,BluePeak Logistics,ben.davis@yahoo.com,U-1032,New Lead,146585.97,2024-09-25,2024-05-26,Trade Show,146585.97,2024-09-25,2024-05-26,Prospecting,True
OP-00904,Redwood Outdoors,owen.taylor@example.org,U-1034,closed won,164023.28,2024-08-02,2024-05-27,Inbound Call,164023.28,2024-08-02,2024-05-27,Closed Won,True
OP-01001,BluePeak Logistics,ella.kim@yahoo.com,U-1037,proposal,22859.94,2025-04-03,2025-01-27,Partner Referral,22859.94,2025-04-03,2025-01-27,Proposal,True
OP-03221,Willow Creek Farms,,U-1030,Proposal,98440.50,2024-03-26,2024-03-15,Outbound SDR,98440.5,2024-03-26,2024-03-15,Proposal,
OP-00698,Tidewater Marine,ben.garcia@yahoo.com,U-8888,qualification,"$111,748.94",2025-09-03,2025-08-06,Trade Show,111748.94,2025-09-03,2025-08-06,Qualification,True
OP-00814,Copperline Foods,lena.garcia@yahoo.com,U-1026,Prospect,7131.34,2025-05-23,2024-12-02,Inbound Call,7131.34,2025-05-23,2024-12-02,Prospecting,True
OP-02271,DeltaWave Media,sofia.davis@gmail.com,U-1027,PROSPECTING,154681.19,2024-12-03,2024-07-27,Outbound SDR,154681.19,2024-12-03,2024-07-27,Prospecting,True
OP-02445,ForgePoint Systems,chris.brown@gmail.com,U-1012,Closed Won,"81,586.42 $",2026-01-25,2025-07-14,Web Form,81586.42,2026-01-25,2025-07-14,Closed Won,True
OP-04338,Quartzline Telecom,aisha.lee@gmail.com,U-1038,New Lead,,2026-09-24,2026-08-23,Bulk Import,,2026-09-24,2026-08-23,Prospecting,True
OP-04005,Silverline SaaS,priya.kim@example.org,U-1015,New Lead,162254.80,2025-02-02,2024-08-25,Partner Referral,162254.8,2025-02-02,2024-08-25,Prospecting,True
OP-04573,Vertex Capital,nina.brown@outlook.com,U-1039,New Lead,"$37,988.55",2026-01-03,2025-07-26,Trade Show,37988.55,2026-01-03,2025-07-26,Prospecting,True
OP-01832,Quartzline Telecom,kara.nguyen@yahoo.com,U-1007,prospecting,102001.28,2024-06-11,2024-05-06,Outbound SDR,102001.28,2024-06-11,2024-05-06,Prospecting,True
OP-02482,BluePeak Logistics,tom.brown,U-1013,Proposal,240648.17,2024-09-30,2024-05-12,Inbound Call,240648.17,2024-09-30,2024-05-12,Proposal,False
OP-02489,Xenon Robotics,tom.anderson@outlook.com,U-1010,,233461.44,2024-07-30,2024-02-09,Partner Referral,233461.44,2024-07-30,2024-02-09,,True
OP-02163,DeltaWave Media,owen.garcia@company.com,U-1028,Prospect,118525.84,2026-08-15,2026-01-20,Trade Show,118525.84,2026-08-15,2026-01-20,Prospecting,True
OP-03517,Redwood Outdoors,maya.anderson@example.org,U-1025,Prospecting,243893.38,2025-03-20,2024-09-18,Bulk Import,243893.38,2025-03-20,2024-09-18,Prospecting,True
OP-00846,Harborline Bank,aisha.garcia@company.com,U-1007,Proposal,"$91,643.75",2025-04-26,2025-01-21,Inbound Call,91643.75,2025-04-26,2025-01-21,Proposal,True
OP-02564,Meridian Freight,ava.smith@yahoo.com,U-1017,Closed Lost,78968.88,2025-06-24,2025-06-09,Outbound SDR,78968.88,2025-06-24,2025-06-09,Closed Lost,True
OP-D0260,Acme Industrial,sofia.miller@yahoo.com,U-1022,PROSPECTING,126599.96,,2025-08-24,Outbound SDR,126599.96,,2025-08-24,Prospecting,True
OP-00441,Willow Creek Farms,aisha.moore@company.com,U-1000,New Lead,234910.26,2026-03-19,2025-11-11,Inbound Call,234910.26,2026-03-19,2025-11-11,Prospecting,True
OP-03017,Harborline Bank,not-an-email,U-1009,Negotiation,178698.18,,2024-02-27,Trade Show,178698.18,,2024-02-27,Proposal,False
OP-01229,,not-an-email,U-1034,Discovery,95229.88,,2024-07-03,Partner Referral,95229.88,,2024-07-03,Qualification,False
OP-04665,Umbra Defense,aisha.brown@example.org,U-1004,Closed Won,33276.93,2027-02-05,2026-08-27,Trade Show,33276.93,2027-02-05,2026-08-27,Closed Won,True
OP-00635,Umbra Defense,sofia.brown@outlook.com,U-1018,,"$54,386",2024-10-04,2024-08-23,Partner Referral,54386.0,2024-10-04,2024-08-23,,True
OP-02671,Tidewater Marine,noah.kim@company.com,U-1016,Discovery,"$177,700.67",2026-10-07,2026-02-20,Bulk Import,177700.67,2026-10-07,2026-02-20,Qualification,True
OP-02648,Onyx Pharma,maya.thomas@gmail.com,U-1012,Qualifcation,106925.07,2026-05-04,2025-09-14,Partner Referral,106925.07,2026-05-04,2025-09-14,Qualification,True
OP-04547,Redwood Outdoors,,U-1024,Qualified,95685.25,2025-11-14,2025-05-25,Trade Show,95685.25,2025-11-14,2025-05-25,Qualification,
OP-03427,Ironclad Security,chris.lee@example.org,U-1012,Qualifcation,"$240,871",2026-02-14,2025-07-05,Trade Show,240871.0,2026-02-14,2025-07-05,Qualification,True
OP-01496,Onyx Pharma,owen.brown@company.com,U-1014,Qualified,"$159,543",2027-03-04,2026-07-21,Partner Referral,159543.0,2027-03-04,2026-07-21,Qualification,True
OP-01318,Juniper Retail,,U-1002,Closed Lost,210030.39,2026-11-19,2026-05-29,Trade Show,210030.39,2026-11-19,2026-05-29,Closed Lost,
OP-04356,Willow Creek Farms,ben.wilson@example.org,U-1003,Closed-Lost,42695.86,2026-02-13,2025-08-22,Bulk Import,42695.86,2026-02-13,2025-08-22,Closed Lost,True
OP-01026,Meridian Freight,,U-1038,Lost,55473.62,2024-07-07,2024-02-07,Inbound Call,55473.62,2024-07-07,2024-02-07,Closed Lost,
OP-02028,Silverline SaaS,ava.miller@yahoo.com,U-1036,PROSPECTING,151088.60,2025-11-19,2025-11-02,Partner Referral,151088.6,2025-11-19,2025-11-02,Prospecting,True
OP-02913,Larkspur Labs,lena.taylor@yahoo.com,U-1039,Qualification,156000.79,2025-10-17,2025-07-15,Outbound SDR,156000.79,2025-10-17,2025-07-15,Qualification,True
OP-04506,Keystone Energy,liam.garcia@gmail.com,U-1039,Proposal Sent,228888.89,2025-10-07,2025-04-25,Web Form,228888.89,2025-10-07,2025-04-25,Proposal,True
OP-02399,Xenon Robotics,ethan.garcia@example.org,U-1001,Closed-Lost,"$216,911.55",2025-03-12,2025-02-03,Bulk Import,216911.55,2025-03-12,2025-02-03,Closed Lost,True
OP-00021,Ironclad Security,dev.davis@gmail.com,U-1036,,182679.18,2024-03-14,2024-02-09,Inbound Call,182679.18,2024-03-14,2024-02-09,,True
OP-01956,ForgePoint Systems,ella.lee@example.org,U-1027,Qualification,"$27,175.46",2026-10-13,2026-06-30,Outbound SDR,27175.46,2026-10-13,2026-06-30,Qualification,True
OP-01868,Umbra Defense,ava.lee@example.org,U-1019,qualification,71576.24,2026-08-21,2026-01-24,Trade Show,71576.24,2026-08-21,2026-01-24,Qualification,True
OP-04069,Umbra Defense,sofia.brown@gmail.com,U-1018,Prospect,117618.12,2026-01-01,2025-06-10,Inbound Call,117618.12,2026-01-01,2025-06-10,Prospecting,True
OP-00049,Meridian Freight,sofia.wilson@company.com,U-1002,ClosedWon,215116.86,2025-11-23,2025-10-27,Bulk Import,215116.86,2025-11-23,2025-10-27,Closed Won,True
OP-00600,Zephyr Airlines,sofia.patel@company.com,U-1032,ClosedWon,20438.88,2024-10-04,2024-03-21,Trade Show,20438.88,2024-10-04,2024-03-21,Closed Won,True
OP-04513,ForgePoint Systems,maya.moore@company.com,U-1006,PROSPECTING,243878.12,2026-09-01,2026-02-08,Outbound SDR,243878.12,2026-09-01,2026-02-08,Prospecting,True
OP-D0039,Ironclad Security,ella.anderson@yahoo.com,U-1015,ClosedLost,231183.54,,2025-01-28,Inbound Call,231183.54,,2025-01-28,Closed Lost,True
OP-00059,Yellowpine Lumber,dev.smith@yahoo.com,U-1009,proposal,83482.77,2025-09-19,2025-07-21,Inbound Call,83482.77,2025-09-19,2025-07-21,Proposal,True
OP-04384,Larkspur Labs,priya.johnson@yahoo.com,U-1035,Discovery,,2026-04-23,2025-11-07,Outbound SDR,,2026-04-23,2025-11-07,Qualification,True
OP-02839,Redwood Outdoors,noah.davis@gmail.com,U-1003,Qualification,189635.30,2025-04-06,2025-03-19,Trade Show,189635.3,2025-04-06,2025-03-19,Qualification,True
OP-01783,Copperline Foods,ben.garcia@gmail.com,U-1024,PROSPECTING,"$33,749.67",2025-10-23,2025-07-25,Bulk Import,33749.67,2025-10-23,2025-07-25,Prospecting,True
OP-D0043,Granite Ridge Co,liam.thomas@yahoo.com,U-1017,Proposal,170852.32,2025-08-15,2024-12-22,Bulk Import,170852.32,2025-08-15,2024-12-22,Proposal,True
OP-01377,ForgePoint Systems,marcusmiller@example.org,U-1036,Negotiation,241929.08,2026-01-04,2025-07-17,Bulk Import,241929.08,2026-01-04,2025-07-17,Proposal,True
OP-02279,Juniper Retail,priya.johnson@gmail.com,U-1033,Quote Sent,248364.17,2024-10-07,2024-04-13,Inbound Call,248364.17,2024-10-07,2024-04-13,Proposal,True
OP-00032,Willow Creek Farms,noah.taylor@example.org,U-1022,PROSPECTING,212872.72,2026-10-14,2026-04-30,Bulk Import,212872.72,2026-10-14,2026-04-30,Prospecting,True
OP-01051,Granite Ridge Co,priya.patel@yahoo.com,U-1001,Proposal,173704.31,2026-09-13,2026-07-19,Partner Referral,173704.31,2026-09-13,2026-07-19,Proposal,True
OP-D0282,Redwood Outdoors,nina.miller@yahoo.com,U-1013,Quote Sent,"$221,022",2025-05-17,2025-05-02,Bulk Import,221022.0,2025-05-17,2025-05-02,Proposal,True
OP-03378,Redwood Outdoors,sofia.patel@example.org,U-1028,closed lost,35741.05,2026-07-05,2026-04-08,Inbound Call,35741.05,2026-07-05,2026-04-08,Closed Lost,True
OP-00718,ForgePoint Systems,owen.miller@example.org,U-1010,Qualified,"$8,277",2025-11-29,2025-10-04,Inbound Call,8277.0,2025-11-29,2025-10-04,Qualification,True
OP-00114,BluePeak Logistics,liam.garcia@example.org,U-1014,Prospect,60116.14,2025-03-22,2024-09-07,Trade Show,60116.14,2025-03-22,2024-09-07,Prospecting,True
OP-01603,Copperline Foods,ethan.lee@company.com,U-1035,closed won,,2024-07-28,2024-04-28,Bulk Import,,2024-07-28,2024-04-28,Closed Won,True
OP-04679,Quartzline Telecom,raj.johnson@example.org,U-1033,PROSPECTING,218910.76,,2025-03-15,Bulk Import,218910.76,,2025-03-15,Prospecting,True
OP-02141,DeltaWave Media,nina.garcia@yahoo.com,U-1020,qualification,"$146,845",2024-07-12,2024-03-10,Bulk Import,146845.0,2024-07-12,2024-03-10,Qualification,True
OP-03117,ForgePoint Systems,owen.lee@outlook.com,U-1016,closed won,249389.39,2025-04-04,2024-12-05,Bulk Import,249389.39,2025-04-04,2024-12-05,Closed Won,True
OP-03501,Everline Health,marcus.davis@gmail.com,U-1016,qualification,"$236,199",2025-10-11,2025-08-22,Partner Referral,236199.0,2025-10-11,2025-08-22,Qualification,True
OP-02239,Harborline Bank,ethan.anderson@company.com,U-1008,Qualifcation,15320.28,2025-04-25,2024-11-09,Trade Show,15320.28,2025-04-25,2024-11-09,Qualification,True
OP-00815,Redwood Outdoors,ava.nguyen@gmail.com,U-1017,prospecting,218558.85,2025-11-09,2025-10-16,Inbound Call,218558.85,2025-11-09,2025-10-16,Prospecting,True
OP-00683,Xenon Robotics,lena.kim@company.com,U-1029,closed won,85639.14,2025-04-05,2024-10-13,Trade Show,85639.14,2025-04-05,2024-10-13,Closed Won,True
OP-01103,Onyx Pharma,chris.taylor@example.org,U-1007,Qualified,"$67,938.75",2024-12-28,2024-05-19,Web Form,67938.75,2024-12-28,2024-05-19,Qualification,True
OP-00314,Tidewater Marine,noah.johnson@example.org,U-1036,Won,160244.56,2026-06-26,2025-11-03,Inbound Call,160244.56,2026-06-26,2025-11-03,Closed Won,True
OP-00423,Copperline Foods,nina.smith@yahoo.com,U-1027,Qualification,196096.27,2024-03-18,2024-03-03,Web Form,196096.27,2024-03-18,2024-03-03,Qualification,True
OP-02336,Redwood Outdoors,maya.brown@company.com,U-1001,Quote Sent,37614.15,2024-12-20,2024-05-16,Web Form,37614.15,2024-12-20,2024-05-16,Proposal,True
OP-02886,BluePeak Logistics,sofia.brown@outlook.com,U-1034,CLOSED WON,85785.55,2025-01-21,2025-01-05,Web Form,85785.55,2025-01-21,2025-01-05,Closed Won,True
OP-D0132,Larkspur Labs,ben.patel@outlook.com,U-1001,Qualified,27810.09,2025-07-30,2025-02-06,Web Form,27810.09,2025-07-30,2025-02-06,Qualification,True
OP-01369,Acme Industrial,ava.kim@gmail.com,U-1035,Proposal,"$77,440.16",2025-10-28,2025-07-13,Partner Referral,77440.16,2025-10-28,2025-07-13,Proposal,True
OP-02356,Larkspur Labs,ethan.smith@gmail.com,U-1038,Proposal Sent,98350.50,2025-12-14,2025-06-07,Web Form,98350.5,2025-12-14,2025-06-07,Proposal,True
OP-01768,BluePeak Logistics,tom.garcia@example.org,U-1035,Prospecting,194113.89,2026-06-23,2026-01-04,Trade Show,194113.89,2026-06-23,2026-01-04,Prospecting,True
OP-02527,Granite Ridge Co,tom.patel@outlook.com,U-1008,Qualification,222374.27,,2026-03-01,Outbound SDR,222374.27,,2026-03-01,Qualification,True
OP-00091,Silverline SaaS,noah.davis@outlook.com,U-1010,Lost,"$126,710.22",2025-01-24,2024-07-05,Partner Referral,126710.22,2025-01-24,2024-07-05,Closed Lost,True
OP-04357,Quartzline Telecom,noah.miller@yahoo.com,U-1039,qualification,39744.33,2025-11-20,2025-09-12,Partner Referral,39744.33,2025-11-20,2025-09-12,Qualification,True
OP-04212,Onyx Pharma,priya.patel@yahoo.com,U-1001,PROSPECTING,47149.43,2025-09-18,2025-01-28,Trade Show,47149.43,2025-09-18,2025-01-28,Prospecting,True
OP-04673,,kara.nguyen@outlook.com,U-1035,Prospect,"75,655.55 $",2026-09-15,2026-01-25,Partner Referral,75655.55,2026-09-15,2026-01-25,Prospecting,True
OP-00563,Silverline SaaS,liam.taylor@company.com,U-1000,New Lead,225178.28,2025-09-18,2025-06-08,Outbound SDR,225178.28,2025-09-18,2025-06-08,Prospecting,True
OP-02094,DeltaWave Media,marcus.nguyen@example.org,U-1025,Discovery,156658.18,2024-08-16,2024-08-04,Partner Referral,156658.18,2024-08-16,2024-08-04,Qualification,True
OP-02197,Umbra Defense,dev.smith@example.org,U-1003,Qualified,"129,174.29 $",2026-11-24,2026-04-29,Outbound SDR,129174.29,2026-11-24,2026-04-29,Qualification,True
OP-01289,Copperline Foods,maya.johnson@yahoo.com,U-1037,Discovery,207705.74,2025-07-18,2025-01-17,Outbound SDR,207705.74,2025-07-18,2025-01-17,Qualification,True
OP-02524,Tidewater Marine,noah.moore@yahoo.com,U-1034,Discovery,"$31,177.38",2024-06-11,2024-02-13,Inbound Call,31177.38,2024-06-11,2024-02-13,Qualification,True
OP-01739,Granite Ridge Co,sofia.moore,U-1038,Qualified,208123.30,2025-01-28,2027-04-03,Outbound SDR,208123.3,2025-01-28,2027-04-03,Qualification,False
OP-01442,Tidewater Marine,raj.garcia@company.com,U-1033,PROSPECTING,,2025-12-25,2025-10-26,Outbound SDR,,2025-12-25,2025-10-26,Prospecting,True
OP-03881,Larkspur Labs,,inactive_user,proposal,104301.10,2026-03-29,2025-11-27,Trade Show,104301.1,2026-03-29,2025-11-27,Proposal,
OP-04176,Yellowpine Lumber,noah.smith@outlook.com,U-1004,,"$74,269",2025-07-27,2024-11-29,Inbound Call,74269.0,2025-07-27,2024-11-29,,True
OP-02777,Pinnacle Travel,aisha.wilson@company.com,U-1029,PROSPECTING,80399.09,2024-04-03,2024-03-12,Trade Show,80399.09,2024-04-03,2024-03-12,Prospecting,True
OP-02136,Vertex Capital,liam.taylor@company.com,U-1012,qualification,48734.07,2026-09-13,2026-01-27,Partner Referral,48734.07,2026-09-13,2026-01-27,Qualification,True
OP-02477,Silverline SaaS,aisha.wilson@company.com,U-1024,Qualification,98958.66,2025-02-11,2024-08-05,Partner Referral,98958.66,2025-02-11,2024-08-05,Qualification,True
OP-00088,Redwood Outdoors,marcus.moore@company.com,U-1008,ClosedWon,112675.73,2024-07-13,2024-04-30,Web Form,112675.73,2024-07-13,2024-04-30,Closed Won,True
OP-02398,Meridian Freight,aisha.davis@gmail.com,U-1018,Prospecting,129445.59,,2025-01-21,Trade Show,129445.59,,2025-01-21,Prospecting,True
OP-01310,BluePeak Logistics,noah.anderson@outlook.com,U-1021,Won,11809.76,2026-03-01,2026-02-04,Partner Referral,11809.76,2026-03-01,2026-02-04,Closed Won,True
OP-02990,Everline Health,zoe.taylor@yahoo.com,U-1026,Qualification,17152.41,2025-01-10,2024-09-26,Partner Referral,17152.41,2025-01-10,2024-09-26,Qualification,True
OP-00333,BluePeak Logistics,dev.smith@yahoo.com,U-1035,Proposal,"$29,519.70",2026-02-05,2025-06-11,Trade Show,29519.7,2026-02-05,2025-06-11,Proposal,True
OP-04257,Yellowpine Lumber,,U-1032,Qualifcation,202763.65,2027-01-22,2026-07-30,Bulk Import,202763.65,2027-01-22,2026-07-30,Qualification,
OP-01140,Yellowpine Lumber,liam.moore@example.org,U-1037,closed lost,171568.24,2025-09-22,2025-02-01,Trade Show,171568.24,2025-09-22,2025-02-01,Closed Lost,True
OP-03947,Keystone Energy,tom.davis@outlook.com,U-1019,Quote Sent,81902.66,2025-05-08,2024-09-27,Web Form,81902.66,2025-05-08,2024-09-27,Proposal,True
OP-02566,DeltaWave Media,,U-1031,Won,200232.62,2025-12-15,2025-09-02,Trade Show,200232.62,2025-12-15,2025-09-02,Closed Won,
OP-01034,Acme Industrial,kara.kim@example.org,U-1038,Negotiation,44491.66,2026-01-09,2025-06-22,Trade Show,44491.66,2026-01-09,2025-06-22,Proposal,True
OP-04078,Quartzline Telecom,zoe.kim@company.com,U-1006,Proposal,111482.10,2026-05-24,2026-03-13,Outbound SDR,111482.1,2026-05-24,2026-03-13,Proposal,True
OP-00558,Tidewater Marine,marcus.johnson@gmail.com,U-1009,Won,242101.95,2024-08-30,2024-05-05,Outbound SDR,242101.95,2024-08-30,2024-05-05,Closed Won,True
OP-02548,Acme Industrial,dev.garcia@company.com,U-1015,Quote Sent,97502.37,2024-08-07,2024-03-10,Bulk Import,97502.37,2024-08-07,2024-03-10,Proposal,True
OP-03375,BluePeak Logistics,ethan.kim@gmail.com,U-1032,,191388.95,2026-02-13,2025-12-27,Inbound Call,191388.95,2026-02-13,2025-12-27,,True
OP-01894,Pinnacle Travel,lena.moore@example.org,U-1036,PROSPECTING,"50,040.09 $",2025-10-13,2025-03-27,Trade Show,50040.09,2025-10-13,2025-03-27,Prospecting,True
OP-00750,Harborline Bank,ella.smith@example.org,U-1031,Closed-Lost,"$126,145",2026-04-22,2026-11-11,Web Form,126145.0,2026-04-22,2026-11-11,Closed Lost,True
OP-00856,Acme Industrial,zoe.anderson@example.org,U-1000,Proposal Sent,195100.99,2026-04-24,2026-04-10,Inbound Call,195100.99,2026-04-24,2026-04-10,Proposal,True
OP-04090,DeltaWave Media,noah.moore@outlook.com,U-1039,Prospecting,"$206,706.06",2024-09-04,2024-07-01,Inbound Call,206706.06,2024-09-04,2024-07-01,Prospecting,True
OP-02836,Redwood Outdoors,ethan.thomas@gmail.com,U-1025,Qualifcation,"$54,708",2025-08-15,2025-01-12,Partner Referral,54708.0,2025-08-15,2025-01-12,Qualification,True
OP-01282,Xenon Robotics,owen.nguyen@gmail.com,U-1027,,134931.61,2024-10-16,2024-05-11,Trade Show,134931.61,2024-10-16,2024-05-11,,True
OP-01520,Vertex Capital,owen.patel@yahoo.com,U-1025,prospecting,55487.43,2027-03-15,2026-08-22,Trade Show,55487.43,2027-03-15,2026-08-22,Prospecting,True
OP-03919,Granite Ridge Co,sofia.kim@company.com,U-1029,proposal,61443.97,,2025-07-19,Trade Show,61443.97,,2025-07-19,Proposal,True
OP-04324,Keystone Energy,raj.patel@gmail.com,U-1034,Qualifcation,83857.87,2025-05-02,2024-10-30,Inbound Call,83857.87,2025-05-02,2024-10-30,Qualification,True
OP-00791,Meridian Freight,ella.davis@example.org,U-1033,Discovery,200111.84,2024-05-26,2024-05-19,Outbound SDR,200111.84,2024-05-26,2024-05-19,Qualification,True
OP-00981,ForgePoint Systems,kara.kim@gmail.com,U-0000,prospecting,"USD 47,195.74",2024-08-23,2024-01-01,Trade Show,47195.74,2024-08-23,2024-01-01,Prospecting,True
OP-01473,Vertex Capital,ben.wilson@outlook.com,U-1010,closed won,"$194,026.00",2024-11-06,2024-06-01,Bulk Import,194026.0,2024-11-06,2024-06-01,Closed Won,True
OP-03990,,owen.miller@example.org,U-1033,Prospect,159209.15,2026-05-12,2026-03-13,Web Form,159209.15,2026-05-12,2026-03-13,Prospecting,True
OP-00413,DeltaWave Media,maya.anderson@example.org,U-1009,proposal,77543.98,2025-03-30,2024-09-09,Partner Referral,77543.98,2025-03-30,2024-09-09,Proposal,True
OP-03752,Ironclad Security,nina.brown@gmail.com,U-1037,Closed Won,62447.01,2026-07-08,2026-03-09,Web Form,62447.01,2026-07-08,2026-03-09,Closed Won,True
OP-00252,Umbra Defense,aisha.taylor@example.org,U-1017,Qualifcation,"$21,644.01",2025-09-10,2025-02-03,Partner Referral,21644.01,2025-09-10,2025-02-03,Qualification,True
OP-00131,Harborline Bank,priya.miller@example.org,U-1035,Qualified,92523.85,2025-03-12,2024-11-29,Web Form,92523.85,2025-03-12,2024-11-29,Qualification,True
OP-03739,Juniper Retail,liam.miller@yahoo.com,U-1029,Closed-Won,236449.91,2026-09-18,2026-08-04,Trade Show,236449.91,2026-09-18,2026-08-04,Closed Won,True
OP-02448,Keystone Energy,marcus.kim@yahoo.com,U-1009,Negotiation,177970.13,2024-08-08,2024-04-16,Outbound SDR,177970.13,2024-08-08,2024-04-16,Proposal,True
OP-04626,Willow Creek Farms,ethan.kim@outlook.com,U-1026,PROSPECTING,92684.68,2025-03-30,2024-10-15,Web Form,92684.68,2025-03-30,2024-10-15,Prospecting,True
OP-02542,Xenon Robotics,lena.davis@outlook.com,U-1016,Quote Sent,105104.33,2024-10-01,2024-08-17,Trade Show,105104.33,2024-10-01,2024-08-17,Proposal,True
OP-04023,,ava.taylor@yahoo.com,U-1001,Proposal Sent,"$50,588.86",2025-05-10,2024-12-03,Web Form,50588.86,2025-05-10,2024-12-03,Proposal,True
OP-D0034,,noah.kim@outlook.com,U-1025,Prospecting,"$27,230.32",2025-05-13,2024-11-17,Partner Referral,27230.32,2025-05-13,2024-11-17,Prospecting,True
OP-00699,Tidewater Marine,chris.garcia@example.org,U-1036,Discovery,138704.09,2025-12-16,2025-05-09,Outbound SDR,138704.09,2025-12-16,2025-05-09,Qualification,True
OP-00790,Meridian Freight,dev.anderson@yahoo.com,U-1017,prospecting,211941.20,2024-07-06,2024-05-18,Outbound SDR,211941.2,2024-07-06,2024-05-18,Prospecting,True
OP-04455,Silverline SaaS,ben.garcia@outlook.com,U-1001,Proposal,81054.86,2025-09-01,2025-03-03,Outbound SDR,81054.86,2025-09-01,2025-03-03,Proposal,True
OP-00951,Granite Ridge Co,tom.wilson@example.org,U-1005,closed lost,192898.23,2024-12-12,2024-06-06,Outbound SDR,192898.23,2024-12-12,2024-06-06,Closed Lost,True
OP-03782,Redwood Outdoors,sofia.wilson@example.org,U-1000,Qualification,212045.13,2024-08-11,2024-08-03,Web Form,212045.13,2024-08-11,2024-08-03,Qualification,True
OP-02800,Yellowpine Lumber,maya.johnson@gmail.com,U-1037,Qualifcation,"$169,543",2026-10-13,2026-02-26,Web Form,169543.0,2026-10-13,2026-02-26,Qualification,True
OP-00489,DeltaWave Media,chris.leeoutlook.com,U-1009,Closed-Won,101712.89,2024-04-11,2024-01-06,Outbound SDR,101712.89,2024-04-11,2024-01-06,Closed Won,False
OP-03933,Juniper Retail,aisha.lee@example.org,U-1029,,86835.84,2024-07-22,2024-02-21,Inbound Call,86835.84,2024-07-22,2024-02-21,,True
OP-03718,Northgate Auto,ben.moore@company.com,U-1034,CLOSED WON,64717.14,2025-05-31,2025-04-03,Outbound SDR,64717.14,2025-05-31,2025-04-03,Closed Won,True
OP-00925,Tidewater Marine,tom.wilson@outlook.com,U-1012,Lost,196264.81,2026-09-02,2026-04-21,Outbound SDR,196264.81,2026-09-02,2026-04-21,Closed Lost,True
OP-02567,,maya.brown@example.org,U-9999,Closed Won,225458.45,2025-12-09,2025-10-11,Partner Referral,225458.45,2025-12-09,2025-10-11,Closed Won,True
OP-02303,Onyx Pharma,ava.wilson@company.com,U-1024,Prospecting,112099.22,2024-07-03,2024-02-23,Trade Show,112099.22,2024-07-03,2024-02-23,Prospecting,True
OP-02372,Granite Ridge Co,sofia.brown@company.com,U-1006,Proposal,143601.83,2026-07-08,2025-11-23,Partner Referral,143601.83,2026-07-08,2025-11-23,Proposal,True
OP-02166,Willow Creek Farms,sofia.nguyen@yahoo.com,U-1013,Prospecting,121948.53,2026-07-22,2025-12-29,Bulk Import,121948.53,2026-07-22,2025-12-29,Prospecting,True
OP-03737,Willow Creek Farms,ella.miller@company.com,U-1033,Closed-Won,"$154,413.62",2026-04-11,2025-12-23,Web Form,154413.62,2026-04-11,2025-12-23,Closed Won,True
OP-01780,BluePeak Logistics,ava.nguyen@outlook.com,U-1002,,249135.85,2025-12-15,2025-07-18,Outbound SDR,249135.85,2025-12-15,2025-07-18,,True
OP-00388,Yellowpine Lumber,,U-1038,Proposal Sent,"$86,650.93",2026-03-19,2025-11-17,Partner Referral,86650.93,2026-03-19,2025-11-17,Proposal,
OP-01427,ForgePoint Systems,ava.garcia@yahoo.com,U-1023,closed lost,"$40,515",2025-05-19,2024-10-30,Web Form,40515.0,2025-05-19,2024-10-30,Closed Lost,True
OP-02516,Quartzline Telecom,lena.miller@outlook.com,U-1016,ClosedWon,21064.76,2025-11-15,2025-04-03,Trade Show,21064.76,2025-11-15,2025-04-03,Closed Won,True
OP-01958,Larkspur Labs,sofia.smith@company.com,U-1020,New Lead,71690.95,2026-05-17,2026-03-21,Web Form,71690.95,2026-05-17,2026-03-21,Prospecting,True
OP-00696,Meridian Freight,raj.taylor@outlook.com,U-1020,CLOSED WON,88947.29,2024-10-08,2024-07-26,Web Form,88947.29,2024-10-08,2024-07-26,Closed Won,True
OP-02344,Juniper Retail,chris.davis@@gmail.com,U-1035,prospecting,"$176,589.63",2026-03-18,2025-09-02,Trade Show,176589.63,2026-03-18,2025-09-02,Prospecting,False
OP-01283,Redwood Outdoors,ella.brown@company.com,U-1004,Qualified,116000.56,2026-08-25,2026-07-01,Web Form,116000.56,2026-08-25,2026-07-01,Qualification,True
OP-02422,Umbra Defense,ella.garcia@gmail.com,U-1023,proposal,187010.29,2026-08-08,2026-01-18,Trade Show,187010.29,2026-08-08,2026-01-18,Proposal,True
OP-04059,Acme Industrial,,U-1033,Lost,158878.53,2024-03-14,2024-01-26,Bulk Import,158878.53,2024-03-14,2024-01-26,Closed Lost,
OP-01510,ForgePoint Systems,priya.johnson@example.org,U-1032,Qualification,39334.37,2026-02-18,2026-01-22,Trade Show,39334.37,2026-02-18,2026-01-22,Qualification,True
OP-00709,Vertex Capital,sofia.thomas@example.org,U-1034,Closed Won,"212,247.99 $",2026-07-13,2025-12-25,Bulk Import,212247.99,2026-07-13,2025-12-25,Closed Won,True
OP-01047,Keystone Energy,kara.taylor@yahoo.com,U-1034,Closed-Lost,40576.86,2026-01-17,2025-06-01,Partner Referral,40576.86,2026-01-17,2025-06-01,Closed Lost,True
OP-03955,Granite Ridge Co,lena.garcia@company.com,U-1018,Negotiation,110585.94,2024-09-01,2024-02-05,Web Form,110585.94,2024-09-01,2024-02-05,Proposal,True
OP-02107,Zephyr Airlines,sofia.miller@yahoo.com,U-1020,Proposal,"218,530.94 $",2025-05-21,2025-03-20,Bulk Import,218530.94,2025-05-21,2025-03-20,Proposal,True
OP-04618,Onyx Pharma,priya.davis@example.org,U-1030,Won,83309.67,2024-07-31,2024-01-09,Inbound Call,83309.67,2024-07-31,2024-01-09,Closed Won,True
OP-00892,Copperline Foods,priya.moore@outlook.com,U-1013,Qualifcation,207244.64,2025-02-19,2024-11-29,Outbound SDR,207244.64,2025-02-19,2024-11-29,Qualification,True
OP-01422,Ironclad Security,ethan.moore@outlook.com,U-1002,Closed-Won,226341.70,2026-09-12,2026-05-02,Web Form,226341.7,2026-09-12,2026-05-02,Closed Won,True
OP-02784,Larkspur Labs,raj.lee@outlook.com,U-1033,Qualified,212422.53,,2025-04-28,Partner Referral,212422.53,,2025-04-28,Qualification,True
OP-02144,Keystone Energy,kara.garcia@yahoo.com,U-1030,Negotiation,,2024-12-17,2024-08-17,Web Form,,2024-12-17,2024-08-17,Proposal,True
OP-02119,Zephyr Airlines,nina.anderson@gmail.com,U-1032,Quote Sent,66226.23,2024-06-02,2024-02-25,Web Form,66226.23,2024-06-02,2024-02-25,Proposal,True
OP-01671,Meridian Freight,kara.johnson@example.org,U-1002,Qualifcation,41130.25,2026-03-16,2025-11-24,Bulk Import,41130.25,2026-03-16,2025-11-24,Qualification,True
OP-03600,Yellowpine Lumber,chris.smith@gmail.com,U-1027,ClosedLost,"$219,487.87",2026-09-16,2026-03-23,Trade Show,219487.87,2026-09-16,2026-03-23,Closed Lost,True
OP-02645,Zephyr Airlines,noah.lee@company.com,U-1012,New Lead,62285.38,2025-09-04,2025-08-18,Inbound Call,62285.38,2025-09-04,2025-08-18,Prospecting,True
OP-01205,ForgePoint Systems,zoe.nguyen@company.com,U-1000,Qualified,"$149,974",2026-06-23,2025-11-04,Inbound Call,149974.0,2026-06-23,2025-11-04,Qualification,True
OP-04039,Keystone Energy,owen.anderson@gmail.com,U-1001,New Lead,"$127,745",2026-02-20,2026-01-28,Partner Referral,127745.0,2026-02-20,2026-01-28,Prospecting,True
OP-02752,Pinnacle Travel,ben.johnson@outlook.com,U-1014,Discovery,173920.86,,2024-04-07,Partner Referral,173920.86,,2024-04-07,Qualification,True
OP-00919,DeltaWave Media,chris.davis@outlook.com,U-1025,Qualification,53390.42,2026-10-20,2026-03-27,Partner Referral,53390.42,2026-10-20,2026-03-27,Qualification,True
OP-03150,Acme Industrial,tom.patel@outlook.com,U-1019,PROSPECTING,"$64,092",2025-10-27,2025-06-05,Web Form,64092.0,2025-10-27,2025-06-05,Prospecting,True
OP-01736,Granite Ridge Co,ella.johnson@company.com,U-1024,Qualifcation,"USD 124,851.53",2024-03-17,2024-02-15,Bulk Import,124851.53,2024-03-17,2024-02-15,Qualification,True
OP-01348,Willow Creek Farms,ella.lee@company.com,U-1028,Proposal Sent,80530.72,2024-07-28,2024-02-27,Web Form,80530.72,2024-07-28,2024-02-27,Proposal,True
OP-03254,BluePeak Logistics,,U-1009,Qualified,174342.00,2024-04-15,2024-02-02,Inbound Call,174342.0,2024-04-15,2024-02-02,Qualification,
OP-04214,Harborline Bank,,U-1025,Negotiation,105741.21,2026-04-05,2026-02-23,Trade Show,105741.21,2026-04-05,2026-02-23,Proposal,
OP-02606,Larkspur Labs,kara.miller@company.com,U-1007,Qualified,147214.52,2025-05-15,2024-11-28,Partner Referral,147214.52,2025-05-15,2024-11-28,Qualification,True
OP-00065,Tidewater Marine,lena.smith@outlook.com,U-1019,Proposal,153030.74,2026-03-18,2025-09-20,Partner Referral,153030.74,2026-03-18,2025-09-20,Proposal,True
OP-02843,,ethan.taylor@example.org,U-1031,Qualified,98671.14,2024-08-03,2024-06-18,Web Form,98671.14,2024-08-03,2024-06-18,Qualification,True
OP-00279,Umbra Defense,owen.smith@company.com,U-1000,CLOSED WON,"119,514.04 $",2025-03-12,2025-01-17,Partner Referral,119514.04,2025-03-12,2025-01-17,Closed Won,True
OP-00527,Xenon Robotics,sofia.smith@outlook.com,U-1009,Proposal Sent,"$166,687.61",2026-04-18,2025-11-14,Outbound SDR,166687.61,2026-04-18,2025-11-14,Proposal,True
OP-02324,DeltaWave Media,owen.johnson@example.org,U-1006,proposal,118357.51,2025-09-13,2025-01-17,Bulk Import,118357.51,2025-09-13,2025-01-17,Proposal,True
OP-01869,Tidewater Marine,ella.moore@outlook.com,U-1017,Negotiation,160114.90,2025-03-12,2024-07-16,Partner Referral,160114.9,2025-03-12,2024-07-16,Proposal,True
OP-02882,Xenon Robotics,sofia.brown@yahoo.com,U-1009,Proposal,28296.87,2027-03-22,2026-07-30,Partner Referral,28296.87,2027-03-22,2026-07-30,Proposal,True
OP-04448,Everline Health,ben.wilson@gmail.com,U-1039,Qualified,"$236,030.20",2025-02-25,2024-10-25,Partner Referral,236030.2,2025-02-25,2024-10-25,Qualification,True
OP-04300,Umbra Defense,lena.brown@example.org,U-1015,proposal,95078.89,2026-04-22,2026-01-11,Partner Referral,95078.89,2026-04-22,2026-01-11,Proposal,True
OP-00577,Copperline Foods,liam.lee@example.org,U-1022,qualification,"USD 69,086.08",2026-11-22,2026-06-27,Outbound SDR,69086.08,2026-11-22,2026-06-27,Qualification,True
OP-01228,Vertex Capital,maya.patel@company.com,U-1039,ClosedWon,224059.20,2026-12-29,2026-07-02,Bulk Import,224059.2,2026-12-29,2026-07-02,Closed Won,True
OP-03977,Granite Ridge Co,sofia.thomas@gmail.com,U-1000,Qualification,198946.37,2026-08-30,2026-03-21,Partner Referral,198946.37,2026-08-30,2026-03-21,Qualification,True
OP-02610,Vertex Capital,zoe.taylor@outlook.com,U-1038,Won,21140.20,2025-06-01,2025-04-10,Inbound Call,21140.2,2025-06-01,2025-04-10,Closed Won,True
OP-01708,Willow Creek Farms,ethan.brown@yahoo.com,U-1013,Discovery,198304.48,2024-06-27,2024-05-27,Trade Show,198304.48,2024-06-27,2024-05-27,Qualification,True
OP-03786,Larkspur Labs,lena.smith@yahoo.com,U-1001,Qualified,121516.77,2026-02-09,2025-09-29,Outbound SDR,121516.77,2026-02-09,2025-09-29,Qualification,True
OP-04540,Quartzline Telecom,dev.davis@outlook.com,U-1021,New Lead,13799.75,2026-11-30,2026-04-23,Trade Show,13799.75,2026-11-30,2026-04-23,Prospecting,True
OP-04622,Meridian Freight,noah.davis@gmail.com,U-1010,Qualification,"$110,981.44",,2025-02-05,Web Form,110981.44,,2025-02-05,Qualification,True
OP-00351,Tidewater Marine,zoe.anderson@@yahoo.com,U-1010,Closed-Lost,168308.96,2025-01-02,2024-07-29,Bulk Import,168308.96,2025-01-02,2024-07-29,Closed Lost,False
OP-04653,Pinnacle Travel,tom.smith@outlook.com,U-1016,Qualification,"$230,112.17",2026-09-09,2026-05-31,Outbound SDR,230112.17,2026-09-09,2026-05-31,Qualification,True
OP-00042,Harborline Bank,lena.miller@gmail.com,U-1011,Won,237795.00,2026-06-30,2025-11-21,Outbound SDR,237795.0,2026-06-30,2025-11-21,Closed Won,True
OP-01363,Meridian Freight,ella.davis@outlook.com,U-1017,Qualification,152599.40,,2026-02-27,Web Form,152599.4,,2026-02-27,Qualification,True
OP-03843,Redwood Outdoors,priya.nguyen@yahoo.com,U-1030,ClosedLost,31692.92,2024-08-22,2024-07-10,Outbound SDR,31692.92,2024-08-22,2024-07-10,Closed Lost,True
OP-03934,Harborline Bank,owen.nguyen@yahoo.com,U-1000,Qualification,214635.04,2027-01-26,2026-08-11,Web Form,214635.04,2027-01-26,2026-08-11,Qualification,True
OP-04467,Northgate Auto,aisha.thomas@gmail.com,U-1022,CLOSED WON,132886.76,2027-03-04,2026-07-20,Trade Show,132886.76,2027-03-04,2026-07-20,Closed Won,True
OP-01412,Ironclad Security,tom.thomas@gmail.com,U-1035,,98099.80,2025-04-29,2025-02-01,Bulk Import,98099.8,2025-04-29,2025-02-01,,True
OP-00613,Xenon Robotics,ethan.davis@gmail.com,U-1028,Qualification,95170.14,,2024-03-24,Web Form,95170.14,,2024-03-24,Qualification,True
OP-03444,Acme Industrial,aisha.moore@outlook.com,U-1021,CLOSED WON,220071.29,2024-12-14,2024-04-20,Trade Show,220071.29,2024-12-14,2024-04-20,Closed Won,True
OP-01057,Redwood Outdoors,kara.johnson@example.org,U-1034,Qualified,"$75,892.65",2025-07-25,2025-03-03,Web Form,75892.65,2025-07-25,2025-03-03,Qualification,True
OP-01136,Acme Industrial,,U-1004,Qualifcation,57886.13,2026-11-21,2026-05-27,Bulk Import,57886.13,2026-11-21,2026-05-27,Qualification,
OP-03309,BluePeak Logistics,zoe.taylor@yahoo.com,U-1002,New Lead,18374.66,2026-01-26,2025-09-03,Web Form,18374.66,2026-01-26,2025-09-03,Prospecting,True
OP-00471,Zephyr Airlines,marcus.anderson@outlook.com,U-1035,proposal,214481.14,2025-02-20,2024-08-18,Outbound SDR,214481.14,2025-02-20,2024-08-18,Proposal,True
OP-03010,Ironclad Security,maya.patel@outlook.com,U-1003,Quote Sent,"$36,829.90",2024-08-06,2024-06-30,Outbound SDR,36829.9,2024-08-06,2024-06-30,Proposal,True
OP-02112,Larkspur Labs,ethan.wilson@outlook.com,U-1016,Prospect,40511.55,2024-08-28,2024-04-27,Inbound Call,40511.55,2024-08-28,2024-04-27,Prospecting,True
OP-01931,Keystone Energy,kara.johnson@outlook.com,U-1038,CLOSED WON,119342.26,2025-07-23,2025-05-31,Web Form,119342.26,2025-07-23,2025-05-31,Closed Won,True
OP-02637,Vertex Capital,lena.davis@company.com,U-1003,Negotiation,195053.21,2025-12-22,2025-08-04,Bulk Import,195053.21,2025-12-22,2025-08-04,Proposal,True
OP-02628,Copperline Foods,marcus.kim@outlook.com,U-1021,PROSPECTING,150036.65,2025-09-26,2025-03-13,Web Form,150036.65,2025-09-26,2025-03-13,Prospecting,True
OP-02730,Northgate Auto,lena.moore@company.com,U-1018,Discovery,56743.81,2026-09-01,2026-01-08,Inbound Call,56743.81,2026-09-01,2026-01-08,Qualification,True
OP-D0104,Umbra Defense,ethan.johnson@gmail.com,U-1033,Qualified,54014.82,2026-03-17,2025-07-22,Inbound Call,54014.82,2026-03-17,2025-07-22,Qualification,True
OP-01372,Harborline Bank,chris.brown@outlook.com,U-1001,Quote Sent,"USD 105,455.45",2024-05-04,2024-02-20,Bulk Import,105455.45,2024-05-04,2024-02-20,Proposal,True
OP-04465,BluePeak Logistics,nina.nguyen@gmail.com,U-0000,PROSPECTING,"$22,310",2026-12-01,2026-06-09,Partner Referral,22310.0,2026-12-01,2026-06-09,Prospecting,True
OP-00307,Tidewater Marine,kara.patel@example.org,U-1021,Qualification,171650.36,2024-06-08,2024-03-31,Bulk Import,171650.36,2024-06-08,2024-03-31,Qualification,True
OP-01910,BluePeak Logistics,tom.patel@yahoo.com,U-1035,Discovery,21677.53,2024-09-16,2024-02-22,Outbound SDR,21677.53,2024-09-16,2024-02-22,Qualification,True
OP-00733,Tidewater Marine,noah.miller@gmail.com,U-1008,Quote Sent,158488.72,2024-04-28,2024-03-13,Inbound Call,158488.72,2024-04-28,2024-03-13,Proposal,True
OP-01113,Zephyr Airlines,ava.garcia@yahoo.com,U-1037,PROSPECTING,37767.72,2027-04-06,2026-08-11,Partner Referral,37767.72,2027-04-06,2026-08-11,Prospecting,True
OP-04093,Xenon Robotics,dev.wilson@example.org,U-1025,New Lead,233325.38,2025-01-26,2024-12-06,Inbound Call,233325.38,2025-01-26,2024-12-06,Prospecting,True
OP-00271,,raj.garcia@gmail.com,U-1003,Prospecting,231204.88,2025-09-10,2025-03-28,Inbound Call,231204.88,2025-09-10,2025-03-28,Prospecting,True
OP-01857,Larkspur Labs,liam.moore@yahoo.com,U-1022,qualification,204648.66,2025-11-19,2025-08-19,Partner Referral,204648.66,2025-11-19,2025-08-19,Qualification,True
OP-03482,Umbra Defense,,U-1025,Closed Lost,202111.19,2026-03-07,2026-02-21,Trade Show,202111.19,2026-03-07,2026-02-21,Closed Lost,
OP-01749,Harborline Bank,dev.lee@gmail.com,U-1002,CLOSED WON,42827.66,2026-09-12,2026-06-27,Trade Show,42827.66,2026-09-12,2026-06-27,Closed Won,True
OP-00912,,priya.thomas@example.org,U-1013,Negotiation,"$190,468",2025-06-11,2024-12-17,Web Form,190468.0,2025-06-11,2024-12-17,Proposal,True
OP-02763,Zephyr Airlines,chris.smith@outlook.com,U-1036,,71993.72,2024-10-17,2024-08-16,Outbound SDR,71993.72,2024-10-17,2024-08-16,,True
OP-01800,Harborline Bank,ben.lee@company.com,U-1019,closed won,130534.23,2025-09-03,2025-03-28,Partner Referral,130534.23,2025-09-03,2025-03-28,Closed Won,True
OP-04117,,lena.wilson@gmail.com,U-1021,CLOSED WON,134638.91,,2024-06-23,Trade Show,134638.91,,2024-06-23,Closed Won,True
OP-01616,Everline Health,owen.kim@yahoo.com,U-1018,Quote Sent,80135.13,2027-03-15,2026-08-10,Bulk Import,80135.13,2027-03-15,2026-08-10,Proposal,True
OP-02459,Yellowpine Lumber,chris.miller@outlook.com,U-1013,Qualification,"USD 246,291.43",2024-07-23,2024-07-14,Trade Show,246291.43,2024-07-23,2024-07-14,Qualification,True
OP-01150,Keystone Energy,nina.garcia@outlook.com,U-1001,Prospecting,191081.95,2025-03-19,2025-01-05,Inbound Call,191081.95,2025-03-19,2025-01-05,Prospecting,True
OP-02635,Larkspur Labs,chris.nguyen@example.org,U-1025,New Lead,116883.95,2026-02-26,2025-09-24,Trade Show,116883.95,2026-02-26,2025-09-24,Prospecting,True
OP-00342,Larkspur Labs,maya.nguyen@company.com,U-1026,Qualifcation,"$244,426",2024-04-01,2024-01-13,Outbound SDR,244426.0,2024-04-01,2024-01-13,Qualification,True
OP-02531,Umbra Defense,maya.moore@example.org,U-1024,closed won,"$180,815.63",2025-06-17,2024-11-05,Bulk Import,180815.63,2025-06-17,2024-11-05,Closed Won,True
OP-D0008,Tidewater Marine,,U-1009,Discovery,12915.33,2025-04-15,2025-01-28,Outbound SDR,12915.33,2025-04-15,2025-01-28,Qualification,
OP-01069,,,U-1019,Quote Sent,68493.03,2026-03-31,2025-08-16,Web Form,68493.03,2026-03-31,2025-08-16,Proposal,
OP-04260,Meridian Freight,kara.davis@outlook.com,U-1020,Closed-Won,,,2025-12-01,Bulk Import,,,2025-12-01,Closed Won,True
OP-01349,Granite Ridge Co,ava.anderson@gmail.com,U-1033,prospecting,221053.65,2024-02-09,2024-01-05,Partner Referral,221053.65,2024-02-09,2024-01-05,Prospecting,True
OP-04091,Copperline Foods,ava.moore@example.org,U-1021,Prospecting,138807.79,2026-05-22,2026-02-10,Web Form,138807.79,2026-05-22,2026-02-10,Prospecting,True
OP-01769,Acme Industrial,liam.taylor@company.com,U-1023,closed won,"$71,355",2024-12-27,2024-08-30,Inbound Call,71355.0,2024-12-27,2024-08-30,Closed Won,True
OP-01114,Onyx Pharma,ethan.brown@yahoo.com,U-1008,qualification,95205.25,2026-11-04,2026-03-27,Outbound SDR,95205.25,2026-11-04,2026-03-27,Qualification,True
OP-03428,Pinnacle Travel,marcus.patel@company.com,U-1033,CLOSED WON,103179.65,2025-08-10,2025-01-02,Trade Show,103179.65,2025-08-10,2025-01-02,Closed Won,True
OP-02387,Granite Ridge Co,owen.taylor@outlook.com,U-1029,Discovery,107580.67,,2026-04-15,Outbound SDR,107580.67,,2026-04-15,Qualification,True
OP-02219,Meridian Freight,aisha.smith@company.com,U-1005,Qualified,17008.67,2025-04-21,2025-03-11,Web Form,17008.67,2025-04-21,2025-03-11,Qualification,True
OP-03659,Ironclad Security,raj.davis@example.org,U-1008,Won,115145.42,2026-03-24,2025-09-25,Outbound SDR,115145.42,2026-03-24,2025-09-25,Closed Won,True
OP-02630,Harborline Bank,dev.patel@gmail.com,U-1024,Prospect,"$197,779.85",2026-04-29,2026-04-03,Bulk Import,197779.85,2026-04-29,2026-04-03,Prospecting,True
OP-04131,Willow Creek Farms,sofia.anderson@example.org,U-1024,qualification,219178.71,2025-08-03,2025-07-20,Bulk Import,219178.71,2025-08-03,2025-07-20,Qualification,True
OP-00967,Everline Health,noah.lee@company.com,U-1005,closed won,85232.37,2026-09-15,2026-08-21,Trade Show,85232.37,2026-09-15,2026-08-21,Closed Won,True
OP-00663,ForgePoint Systems,chris.taylor@yahoo.com,U-1016,New Lead,245326.29,2026-03-11,2025-09-16,Outbound SDR,245326.29,2026-03-11,2025-09-16,Prospecting,True
OP-02471,Redwood Outdoors,nina.kim@yahoo.com,U-1021,Won,212545.37,2026-08-25,2026-03-04,Bulk Import,212545.37,2026-08-25,2026-03-04,Closed Won,True
OP-D0265,Tidewater Marine,priya.wilson@outlook.com,U-1037,Prospecting,20855.78,2025-07-05,2025-03-31,Web Form,20855.78,2025-07-05,2025-03-31,Prospecting,True
OP-03686,Acme Industrial,ethan.garcia@yahoo.com,U-1033,New Lead,"$154,289.76",2025-10-17,2025-04-26,Partner Referral,154289.76,2025-10-17,2025-04-26,Prospecting,True
OP-04108,Yellowpine Lumber,kara.kim@gmail.com,U-1019,Proposal Sent,231793.64,2027-02-17,2026-06-22,Partner Referral,231793.64,2027-02-17,2026-06-22,Proposal,True
OP-01751,Pinnacle Travel,zoe.lee@yahoo.com,U-1002,Prospect,244452.40,2025-11-24,2025-09-13,Inbound Call,244452.4,2025-11-24,2025-09-13,Prospecting,True
OP-02614,Copperline Foods,ethan.lee@example.org,U-1011,proposal,201510.08,2024-11-10,2024-09-28,Trade Show,201510.08,2024-11-10,2024-09-28,Proposal,True
OP-04221,BluePeak Logistics,tom.smith@gmail.com,U-1018,ClosedLost,"$91,382.97",2025-04-17,2025-02-06,Web Form,91382.97,2025-04-17,2025-02-06,Closed Lost,True
OP-02361,Acme Industrial,chris.thomas@yahoo.com,U-1028,Proposal Sent,118676.79,2025-09-19,2025-03-12,Trade Show,118676.79,2025-09-19,2025-03-12,Proposal,True
OP-03191,Northgate Auto,owen.brown@gmail.com,U-0000,qualification,216172.56,2025-02-06,2024-08-24,Partner Referral,216172.56,2025-02-06,2024-08-24,Qualification,True
OP-01914,Larkspur Labs,lena.johnson@company.com,U-1024,Lost,19625.65,,2025-03-05,Outbound SDR,19625.65,,2025-03-05,Closed Lost,True
OP-01549,Willow Creek Farms,chris.johnsonyahoo.com,U-1003,Qualification,218752.20,2025-05-24,2025-03-18,Partner Referral,218752.2,2025-05-24,2025-03-18,Qualification,False
OP-02666,Umbra Defense,raj.miller@company.com,U-1033,Proposal Sent,"$17,276",2025-12-01,2025-04-08,Inbound Call,17276.0,2025-12-01,2025-04-08,Proposal,True
OP-03746,Zephyr Airlines,sofia.taylor@company.com,U-1004,PROSPECTING,"$192,763.06",2025-01-29,2024-09-05,Inbound Call,192763.06,2025-01-29,2024-09-05,Prospecting,True
OP-01665,Copperline Foods,tom.patel@yahoo.com,U-1003,Proposal,76243.62,,2025-09-16,Inbound Call,76243.62,,2025-09-16,Proposal,True
OP-01168,Harborline Bank,raj.miller@example.org,U-1014,proposal,3796.13,2025-03-27,2025-02-07,Web Form,3796.13,2025-03-27,2025-02-07,Proposal,True
OP-01887,Tidewater Marine,zoe.brown@outlook.com,U-1006,PROSPECTING,118246.21,2026-12-25,2026-05-24,Trade Show,118246.21,2026-12-25,2026-05-24,Prospecting,True
OP-00736,Harborline Bank,liam.johnson@company.com,U-1003,Proposal Sent,71799.39,2025-07-05,2025-06-27,Bulk Import,71799.39,2025-07-05,2025-06-27,Proposal,True
OP-01387,,sofia.taylor@gmail.com,U-1002,Prospecting,191263.42,2026-10-28,2026-06-06,Bulk Import,191263.42,2026-10-28,2026-06-06,Prospecting,True
OP-03554,Acme Industrial,ethan.anderson@yahoo.com,U-1010,Closed Lost,"$105,237",2025-07-29,2024-12-08,Bulk Import,105237.0,2025-07-29,2024-12-08,Closed Lost,True
OP-00731,Pinnacle Travel,aisha.anderson@company.com,U-1021,PROSPECTING,174820.31,2025-05-10,2025-01-24,Inbound Call,174820.31,2025-05-10,2025-01-24,Prospecting,True
OP-04345,Keystone Energy,kara.nguyen@gmail.com,U-1027,qualification,"$205,697",2025-03-30,2024-09-17,Web Form,205697.0,2025-03-30,2024-09-17,Qualification,True
OP-03206,Granite Ridge Co,ben.brown@yahoo.com,U-1011,Closed Lost,223628.43,2026-05-26,2026-04-13,Trade Show,223628.43,2026-05-26,2026-04-13,Closed Lost,True
OP-04310,,liam.davis@gmail.com,U-1009,Quote Sent,234458.36,2026-06-02,2026-01-17,Outbound SDR,234458.36,2026-06-02,2026-01-17,Proposal,True
OP-D0135,BluePeak Logistics,,U-1026,Discovery,190956.17,2025-08-23,2025-07-30,Outbound SDR,190956.17,2025-08-23,2025-07-30,Qualification,
OP-03682,BluePeak Logistics,maya.kim@yahoo.com,U-1021,Quote Sent,211320.78,2024-08-22,2024-02-20,Outbound SDR,211320.78,2024-08-22,2024-02-20,Proposal,True
OP-02852,Meridian Freight,aisha.wilson@company.com,U-1027,Proposal Sent,52269.40,2026-11-08,2026-08-27,Outbound SDR,52269.4,2026-11-08,2026-08-27,Proposal,True
OP-02253,Northgate Auto,nina.smith@yahoo.com,U-1004,New Lead,"64,512.48 $",2026-10-18,2026-02-28,Outbound SDR,64512.48,2026-10-18,2026-02-28,Prospecting,True
OP-03695,Pinnacle Travel,,U-1008,PROSPECTING,"$109,421.08",2026-03-18,2026-01-01,Outbound SDR,109421.08,2026-03-18,2026-01-01,Prospecting,
OP-00185,Juniper Retail,raj.davis@@example.org,U-1006,CLOSED WON,146952.81,2026-04-13,2025-11-24,Outbound SDR,146952.81,2026-04-13,2025-11-24,Closed Won,False
OP-03127,Copperline Foods,marcus.patel@gmail.com,U-1031,Negotiation,171483.30,2024-09-04,2024-06-20,Bulk Import,171483.3,2024-09-04,2024-06-20,Proposal,True
OP-04645,DeltaWave Media,marcus.garcia@outlook.com,U-1022,Qualification,80584.97,2024-06-19,2024-03-16,Inbound Call,80584.97,2024-06-19,2024-03-16,Qualification,True
OP-01693,Everline Health,tom.johnson@gmail.com,U-1035,Qualifcation,160028.99,2025-10-19,2025-02-28,Inbound Call,160028.99,2025-10-19,2025-02-28,Qualification,True
OP-03361,Copperline Foods,maya.anderson@yahoo.com,U-1007,Proposal Sent,5587.82,2025-02-11,2024-12-08,Trade Show,5587.82,2025-02-11,2024-12-08,Proposal,True
OP-00376,Onyx Pharma,lena.patel@company.com,U-1027,qualification,178963.80,2026-10-23,2026-04-27,Inbound Call,178963.8,2026-10-23,2026-04-27,Qualification,True
OP-02928,Granite Ridge Co,kara.wilson@company.com,U-1014,Proposal,72722.67,2025-03-21,2024-11-04,Web Form,72722.67,2025-03-21,2024-11-04,Proposal,True
OP-04220,Acme Industrial,kara.moore@example.org,U-1003,Prospect,216740.57,2025-11-05,2025-05-07,Partner Referral,216740.57,2025-11-05,2025-05-07,Prospecting,True
OP-02629,Meridian Freight,nina.wilson@gmail.com,U-1015,Prospecting,81041.91,2024-07-19,2024-03-24,Outbound SDR,81041.91,2024-07-19,2024-03-24,Prospecting,True
OP-03940,Onyx Pharma,lena.kim@gmail.com,U-1026,prospecting,,2026-03-29,2026-03-20,Web Form,,2026-03-29,2026-03-20,Prospecting,True
OP-00657,Umbra Defense,raj.wilson@gmail.com,U-1006,Won,"USD 224,737.40",2026-07-27,2026-07-17,Partner Referral,224737.4,2026-07-27,2026-07-17,Closed Won,True
OP-00244,Meridian Freight,ethan.brown@company.com,U-1033,ClosedWon,39087.92,2024-09-01,2024-07-19,Bulk Import,39087.92,2024-09-01,2024-07-19,Closed Won,True
OP-03148,Zephyr Airlines,dev.lee@example.org,U-1021,Closed-Won,42704.54,2027-04-22,2026-08-30,Trade Show,42704.54,2027-04-22,2026-08-30,Closed Won,True
OP-00233,ForgePoint Systems,ella.moore@outlook.com,U-1007,Proposal Sent,247150.05,2025-06-13,2025-01-14,Trade Show,247150.05,2025-06-13,2025-01-14,Proposal,True
OP-03350,Willow Creek Farms,lena.taylor@yahoo.com,U-1026,closed won,31065.86,2025-11-15,2025-08-08,Outbound SDR,31065.86,2025-11-15,2025-08-08,Closed Won,True
OP-04280,Umbra Defense,maya.lee@example.org,U-1009,prospecting,,2024-12-19,2024-08-31,Trade Show,,2024-12-19,2024-08-31,Prospecting,True
OP-04683,ForgePoint Systems,sofia.nguyen@outlook.com,U-1023,PROSPECTING,243427.06,2026-03-28,2025-10-14,Inbound Call,243427.06,2026-03-28,2025-10-14,Prospecting,True
OP-00258,Granite Ridge Co,nina.davis@@yahoo.com,U-1012,qualification,64172.67,2024-07-23,2024-01-22,Bulk Import,64172.67,2024-07-23,2024-01-22,Qualification,False
OP-01926,Redwood Outdoors,dev.taylor@example.org,U-1004,Prospecting,161514.84,2024-06-19,2024-04-03,Trade Show,161514.84,2024-06-19,2024-04-03,Prospecting,True
OP-04436,Silverline SaaS,aisha.moore@company.com,U-1007,Closed Lost,21833.79,2026-03-17,2025-09-20,Web Form,21833.79,2026-03-17,2025-09-20,Closed Lost,True
OP-03969,Redwood Outdoors,marcus.patel@outlook.com,U-1003,Discovery,136160.59,2025-07-30,2024-12-12,Partner Referral,136160.59,2025-07-30,2024-12-12,Qualification,True
OP-02858,Willow Creek Farms,zoe.garciaoutlook.com,U-1015,proposal,"$245,425",2026-01-15,2025-12-04,Partner Referral,245425.0,2026-01-15,2025-12-04,Proposal,False
OP-01163,Pinnacle Travel,ella.nguyen@yahoo.com,U-1019,Closed-Won,223912.30,2024-11-25,2024-07-03,Bulk Import,223912.3,2024-11-25,2024-07-03,Closed Won,True
OP-03125,Umbra Defense,owen.kim@gmail.com,U-1015,Negotiation,223030.38,2026-09-22,2026-04-02,Partner Referral,223030.38,2026-09-22,2026-04-02,Proposal,True
OP-01681,Harborline Bank,,U-1030,Prospecting,101280.53,,2025-05-17,Outbound SDR,101280.53,,2025-05-17,Prospecting,
OP-01061,Northgate Auto,,U-1034,prospecting,177145.13,2025-06-27,2025-03-08,Partner Referral,177145.13,2025-06-27,2025-03-08,Prospecting,
OP-D0042,Pinnacle Travel,owen.kim@yahoo.com,U-1031,prospecting,129224.37,2025-04-18,2024-11-17,Bulk Import,129224.37,2025-04-18,2024-11-17,Prospecting,True
OP-01214,Acme Industrial,sofia.anderson@outlook.com,U-1031,Closed-Lost,15791.58,2025-05-17,2024-12-03,Outbound SDR,15791.58,2025-05-17,2024-12-03,Closed Lost,True
OP-01181,,chris.anderson@gmail.com,U-1027,Proposal Sent,101193.61,2025-08-26,2025-04-17,Inbound Call,101193.61,2025-08-26,2025-04-17,Proposal,True
OP-D0273,Umbra Defense,priya.davis@company.com,U-1023,New Lead,"$148,453.45",2024-11-29,2024-04-18,Trade Show,148453.45,2024-11-29,2024-04-18,Prospecting,True
OP-02663,Keystone Energy,marcus.miller@example.org,U-1038,proposal,84211.17,2025-04-09,2024-08-16,Trade Show,84211.17,2025-04-09,2024-08-16,Proposal,True
OP-02835,Keystone Energy,priya.kim@outlook.com,U-1030,qualification,224864.69,2026-01-03,2025-06-16,Web Form,224864.69,2026-01-03,2025-06-16,Qualification,True
OP-01575,Zephyr Airlines,owen.wilson@example.org,U-1036,CLOSED WON,113039.25,2025-04-02,2024-12-31,Trade Show,113039.25,2025-04-02,2024-12-31,Closed Won,True
OP-02050,Juniper Retail,sofia.nguyen@example.org,U-1039,Prospecting,"$111,664.99",2025-08-09,2025-03-04,Web Form,111664.99,2025-08-09,2025-03-04,Prospecting,True
OP-03187,BluePeak Logistics,ethan.nguyen@outlook.com,U-1035,Prospecting,246892.93,2026-05-30,2026-02-10,Bulk Import,246892.93,2026-05-30,2026-02-10,Prospecting,True
OP-D0137,Acme Industrial,ethan.wilson@company.com,U-1005,Qualifcation,,2025-05-27,2025-04-13,Web Form,,2025-05-27,2025-04-13,Qualification,True
OP-00787,Tidewater Marine,owen.johnson@outlook.com,U-1035,Prospecting,244832.05,2026-01-27,2025-06-27,Web Form,244832.05,2026-01-27,2025-06-27,Prospecting,True
OP-00089,Larkspur Labs,ethan.taylor@yahoo.com,U-1007,Qualifcation,223050.26,2026-01-19,2025-12-27,Inbound Call,223050.26,2026-01-19,2025-12-27,Qualification,True
OP-03287,Juniper Retail,noah.davis@example.org,U-1018,Quote Sent,61845.58,2024-05-09,2024-02-17,Web Form,61845.58,2024-05-09,2024-02-17,Proposal,True
OP-02747,Vertex Capital,aisha.thomas@example.org,U-1013,Lost,28207.38,2024-06-16,2024-06-08,Trade Show,28207.38,2024-06-16,2024-06-08,Closed Lost,True
OP-00148,Everline Health,,U-1008,Prospecting,183229.32,2025-05-29,2025-05-04,Trade Show,183229.32,2025-05-29,2025-05-04,Prospecting,
OP-00803,Zephyr Airlines,zoe.patel@yahoo.com,U-1022,Proposal,,2026-10-09,2026-04-07,Trade Show,,2026-10-09,2026-04-07,Proposal,True
OP-01508,Zephyr Airlines,ava.davis@example.org,U-1017,Prospect,143703.92,,2024-01-04,Bulk Import,143703.92,,2024-01-04,Prospecting,True
OP-02513,Willow Creek Farms,,U-1019,Prospecting,48349.37,2024-06-19,2024-02-06,Partner Referral,48349.37,2024-06-19,2024-02-06,Prospecting,
OP-01798,Quartzline Telecom,chris.taylor@company.com,U-1015,Lost,130893.81,2025-01-18,2024-10-31,Trade Show,130893.81,2025-01-18,2024-10-31,Closed Lost,True
OP-00754,Meridian Freight,owen.johnson@example.org,U-1000,Prospect,121083.54,2026-03-26,2025-09-08,Web Form,121083.54,2026-03-26,2025-09-08,Prospecting,True
OP-03161,Larkspur Labs,dev.patel@example.org,U-1036,Qualification,"USD 183,961.82",2027-04-09,2026-08-31,Trade Show,183961.82,2027-04-09,2026-08-31,Qualification,True
OP-03740,Redwood Outdoors,lena.nguyen@yahoo.com,U-1015,Negotiation,"USD 14,943.81",2026-08-28,2026-04-09,Bulk Import,14943.81,2026-08-28,2026-04-09,Proposal,True
OP-03972,Copperline Foods,ben.garcia@company.com,U-1015,Qualified,127205.79,2024-03-22,2024-01-02,Partner Referral,127205.79,2024-03-22,2024-01-02,Qualification,True
OP-02150,BluePeak Logistics,ella.anderson@example.org,U-1002,proposal,34270.52,2027-02-16,2026-08-29,Trade Show,34270.52,2027-02-16,2026-08-29,Proposal,True
OP-03502,Yellowpine Lumber,ben.thomas@yahoo.com,U-1024,ClosedWon,65732.16,2025-10-04,2025-06-17,Partner Referral,65732.16,2025-10-04,2025-06-17,Closed Won,True
OP-03433,Granite Ridge Co,maya.taylor@company.com,U-1031,closed won,216332.42,2024-09-24,2024-07-30,Trade Show,216332.42,2024-09-24,2024-07-30,Closed Won,True
OP-02439,Pinnacle Travel,noah.smith@example.org,U-1006,Prospect,"$28,540.37",2024-06-08,2024-05-09,Trade Show,28540.37,2024-06-08,2024-05-09,Prospecting,True
OP-02887,Meridian Freight,kara.johnson@example.org,U-1029,closed lost,"$216,258.23",2025-08-14,2025-03-28,Web Form,216258.23,2025-08-14,2025-03-28,Closed Lost,True
OP-01873,DeltaWave Media,not-an-email,U-1035,Qualified,135278.89,2026-04-04,2025-12-05,Outbound SDR,135278.89,2026-04-04,2025-12-05,Qualification,False
OP-02783,Harborline Bank,noah.davis@example.org,U-1038,Lost,125528.24,2024-08-21,2024-06-04,Web Form,125528.24,2024-08-21,2024-06-04,Closed Lost,True
OP-01917,Everline Health,dev.garcia@example.org,U-1029,Discovery,91730.21,2024-06-27,2024-06-19,Trade Show,91730.21,2024-06-27,2024-06-19,Qualification,True
OP-03263,DeltaWave Media,ethan.garcia@yahoo.com,U-1032,Qualified,"$89,067.23",2024-10-09,2024-03-21,Outbound SDR,89067.23,2024-10-09,2024-03-21,Qualification,True
OP-03064,Copperline Foods,ben.johnson@yahoo.com,U-1004,Closed-Won,80384.86,2026-10-10,2026-08-23,Web Form,80384.86,2026-10-10,2026-08-23,Closed Won,True
OP-03778,Larkspur Labs,tom.anderson@gmail.com,U-1035,Qualified,188898.99,2024-10-14,2024-10-05,Web Form,188898.99,2024-10-14,2024-10-05,Qualification,True
OP-00338,ForgePoint Systems,sofia.miller@outlook.com,U-1023,proposal,41991.17,2026-11-13,2026-05-09,Inbound Call,41991.17,2026-11-13,2026-05-09,Proposal,True
OP-03153,Onyx Pharma,tom.thomas@company.com,U-1028,Won,153523.44,2026-07-12,2026-03-17,Trade Show,153523.44,2026-07-12,2026-03-17,Closed Won,True
OP-02603,Everline Health,kara.nguyen@company.com,U-1018,Discovery,217852.97,2025-12-01,2025-07-28,Inbound Call,217852.97,2025-12-01,2025-07-28,Qualification,True
OP-04556,Granite Ridge Co,marcus.kim@gmail.com,U-1022,Quote Sent,"$90,181.40",2025-04-19,2024-09-30,Bulk Import,90181.4,2025-04-19,2024-09-30,Proposal,True
OP-00003,Juniper Retail,liam.wilson@outlook.com,U-1005,Proposal Sent,145183.33,2026-10-13,2026-04-29,Inbound Call,145183.33,2026-10-13,2026-04-29,Proposal,True
OP-00120,Vertex Capital,tom.lee@outlook.com,U-1022,CLOSED WON,241694.05,2025-02-21,2024-12-11,Inbound Call,241694.05,2025-02-21,2024-12-11,Closed Won,True
OP-02393,Acme Industrial,priya.wilson@gmail.com,U-1039,ClosedWon,126604.71,,2026-06-06,Partner Referral,126604.71,,2026-06-06,Closed Won,True
OP-03123,Vertex Capital,marcus.garcia@example.org,U-1038,Qualified,101213.47,2025-03-13,2025-02-07,Web Form,101213.47,2025-03-13,2025-02-07,Qualification,True
OP-03065,Granite Ridge Co,tom.wilson@outlook.com,U-1011,New Lead,"$216,577.96",2025-03-14,2024-11-20,Bulk Import,216577.96,2025-03-14,2024-11-20,Prospecting,True
OP-01355,Vertex Capital,priya.lee@gmail.com,U-1006,Won,"$174,091",2024-08-03,2024-04-15,Partner Referral,174091.0,2024-08-03,2024-04-15,Closed Won,True
OP-03053,Harborline Bank,kara.johnson@gmail.com,U-1001,Negotiation,211285.50,2027-01-20,2026-06-22,Partner Referral,211285.5,2027-01-20,2026-06-22,Proposal,True
OP-03632,Silverline SaaS,aisha.thomas@example.org,U-1001,Qualification,114746.53,2025-12-08,2025-04-19,Outbound SDR,114746.53,2025-12-08,2025-04-19,Qualification,True
OP-02806,Yellowpine Lumber,chris.brown@yahoo.com,U-1022,proposal,"USD 125,411.10",2026-11-29,2026-06-13,Bulk Import,125411.1,2026-11-29,2026-06-13,Proposal,True
OP-00101,ForgePoint Systems,lena.miller@company.com,U-1015,Discovery,"$89,863",2025-12-11,2025-04-15,Partner Referral,89863.0,2025-12-11,2025-04-15,Qualification,True
OP-01338,Willow Creek Farms,dev.smith@outlook.com,U-1004,Qualification,102881.31,2026-01-22,2025-10-25,Trade Show,102881.31,2026-01-22,2025-10-25,Qualification,True
OP-03915,Harborline Bank,noah.lee@company.com,U-1032,Prospecting,"$247,610.48",,2027-03-30,Bulk Import,247610.48,,2027-03-30,Prospecting,True
OP-01137,Larkspur Labs,raj.patel@outlook.com,U-1017,Closed Won,47072.72,2026-06-18,2026-05-17,Web Form,47072.72,2026-06-18,2026-05-17,Closed Won,True
OP-03850,Northgate Auto,ben.moore@yahoo.com,U-1020,Discovery,40278.49,2024-04-27,2024-03-12,Trade Show,40278.49,2024-04-27,2024-03-12,Qualification,True
OP-02674,Harborline Bank,maya.nguyen@outlook.com,U-1003,Discovery,162178.54,2026-06-19,2026-02-02,Bulk Import,162178.54,2026-06-19,2026-02-02,Qualification,True
OP-02578,Northgate Auto,liam.smith@gmail.com,U-1013,Qualification,,2026-06-01,2026-01-01,Inbound Call,,2026-06-01,2026-01-01,Qualification,True
OP-00576,Yellowpine Lumber,liam.nguyen@company.com,U-1036,,231195.22,2024-04-12,2024-03-01,Bulk Import,231195.22,2024-04-12,2024-03-01,,True
OP-02755,Harborline Bank,owen.patel@gmail.com,U-1015,closed won,120871.19,2025-11-21,2025-07-12,Trade Show,120871.19,2025-11-21,2025-07-12,Closed Won,True
OP-04409,Meridian Freight,kara.thomas@outlook.com,U-1035,Negotiation,244176.67,2025-07-05,2024-12-29,Partner Referral,244176.67,2025-07-05,2024-12-29,Proposal,True
OP-01293,Northgate Auto,sofiathomas@outlook.com,U-1006,closed lost,"$227,668.50",2026-09-14,2026-06-14,Web Form,227668.5,2026-09-14,2026-06-14,Closed Lost,True
OP-00672,Vertex Capital,kara.garcia@outlook.com,U-1013,closed won,,2025-02-13,2024-07-24,Partner Referral,,2025-02-13,2024-07-24,Closed Won,True
OP-02697,Xenon Robotics,ethan.kim@yahoo.com,U-1025,proposal,"$216,215",2026-10-03,2026-08-13,Partner Referral,216215.0,2026-10-03,2026-08-13,Proposal,True
OP-03468,Quartzline Telecom,ethan.kim@gmail.com,U-1007,PROSPECTING,"180,517.72 $",2025-12-10,2025-11-17,Bulk Import,180517.72,2025-12-10,2025-11-17,Prospecting,True
OP-00480,Willow Creek Farms,priya.moore@yahoo.com,U-1032,PROSPECTING,248849.10,2024-10-17,2024-05-26,Bulk Import,248849.1,2024-10-17,2024-05-26,Prospecting,True
OP-02412,Meridian Freight,chris.miller@gmail.com,U-1005,Qualifcation,101047.94,2024-12-08,2024-11-25,Bulk Import,101047.94,2024-12-08,2024-11-25,Qualification,True
OP-03110,Granite Ridge Co,sofia.brown@yahoo.com,U-1013,Discovery,191199.35,2026-08-22,2026-05-31,Web Form,191199.35,2026-08-22,2026-05-31,Qualification,True
OP-01686,Zephyr Airlines,nina.smith@example.org,U-1001,Qualification,"$235,690.67",2025-09-01,2025-06-27,Trade Show,235690.67,2025-09-01,2025-06-27,Qualification,True
OP-01039,ForgePoint Systems,marcus.lee@yahoo.com,U-1026,qualification,,2025-02-18,2024-07-14,Inbound Call,,2025-02-18,2024-07-14,Qualification,True
OP-04301,Copperline Foods,ava.patel@yahoo.com,U-1000,Prospect,54090.57,,2026-08-09,Trade Show,54090.57,,2026-08-09,Prospecting,True
OP-02472,Ironclad Security,tom.johnson@outlook.com,U-1003,Qualified,78850.21,2025-10-03,2025-05-27,Inbound Call,78850.21,2025-10-03,2025-05-27,Qualification,True
OP-00859,BluePeak Logistics,liam.anderson@yahoo.com,U-1021,closed won,34253.01,2026-06-28,2025-12-13,Inbound Call,34253.01,2026-06-28,2025-12-13,Closed Won,True
OP-01477,Northgate Auto,noah.miller@company.com,U-1038,Qualifcation,195105.13,2025-07-26,2024-12-30,Outbound SDR,195105.13,2025-07-26,2024-12-30,Qualification,True
OP-01059,Tidewater Marine,ava.patel@gmail.com,U-1010,Closed-Lost,46403.33,2024-11-30,2024-05-24,Bulk Import,46403.33,2024-11-30,2024-05-24,Closed Lost,True
OP-00680,DeltaWave Media,zoe.taylor@outlook.com,U-1005,Negotiation,"$50,679",2025-09-14,2025-05-04,Trade Show,50679.0,2025-09-14,2025-05-04,Proposal,True
OP-04256,Pinnacle Travel,lena.nguyen@yahoo.com,U-9999,Qualification,176317.82,2026-07-28,2026-01-31,Web Form,176317.82,2026-07-28,2026-01-31,Qualification,True
OP-03639,Granite Ridge Co,maya.smith@example.org,U-1003,Closed Lost,114738.40,2026-09-20,2026-06-22,Trade Show,114738.4,2026-09-20,2026-06-22,Closed Lost,True
OP-02413,DeltaWave Media,zoe.lee@company.com,U-1005,Proposal Sent,129479.26,2026-11-03,2026-08-08,Trade Show,129479.26,2026-11-03,2026-08-08,Proposal,True
OP-03582,Quartzline Telecom,dev.anderson@example.org,U-1005,Proposal,"$205,329",2024-10-31,2024-08-07,Trade Show,205329.0,2024-10-31,2024-08-07,Proposal,True
OP-02625,Pinnacle Travel,priya.kim@company.com,U-1018,qualification,"184,539.70 $",2024-04-26,2024-04-13,Inbound Call,184539.7,2024-04-26,2024-04-13,Qualification,True
OP-00382,Northgate Auto,ava.patel@gmail.com,U-1037,Prospect,169873.31,2026-08-26,2026-07-31,Web Form,169873.31,2026-08-26,2026-07-31,Prospecting,True
OP-04655,Meridian Freight,aisha.thomas@company.com,U-1008,Closed Lost,170812.45,2025-12-21,2025-05-11,Bulk Import,170812.45,2025-12-21,2025-05-11,Closed Lost,True
OP-02985,ForgePoint Systems,owen.moore@gmail.com,U-1000,,191038.50,2025-09-01,2025-02-02,Partner Referral,191038.5,2025-09-01,2025-02-02,,True
OP-04395,Pinnacle Travel,marcus.johnson@company.com,U-1035,Prospecting,134886.92,2024-09-10,2024-06-07,Partner Referral,134886.92,2024-09-10,2024-06-07,Prospecting,True
OP-02331,Vertex Capital,ben.taylor@outlook.com,U-1033,Proposal Sent,51229.69,,2026-01-31,Trade Show,51229.69,,2026-01-31,Proposal,True
OP-01182,ForgePoint Systems,owen.wilson@gmail.com,U-1012,Qualified,206888.26,2024-10-07,2024-07-23,Outbound SDR,206888.26,2024-10-07,2024-07-23,Qualification,True
OP-02532,Ironclad Security,ben.patel@example.org,U-1005,Closed Won,133995.92,2025-02-19,2024-12-26,Trade Show,133995.92,2025-02-19,2024-12-26,Closed Won,True
OP-D0144,Ironclad Security,tom.thomasgmail.com,U-1014,Qualification,79663.61,2025-03-31,2025-02-09,Partner Referral,79663.61,2025-03-31,2025-02-09,Qualification,False
OP-02949,Northgate Auto,marcus.patel@example.org,U-1031,Proposal,87757.18,2024-07-04,2024-05-10,Partner Referral,87757.18,2024-07-04,2024-05-10,Proposal,True
OP-01237,Copperline Foods,ella.patel@yahoo.com,U-1020,Proposal Sent,111699.73,2024-10-10,2024-08-02,Trade Show,111699.73,2024-10-10,2024-08-02,Proposal,True
OP-03193,Meridian Freight,lena.smith@outlook.com,U-1000,Prospect,177141.01,2024-09-22,2024-05-06,Inbound Call,177141.01,2024-09-22,2024-05-06,Prospecting,True
OP-03342,Northgate Auto,ben.brown@yahoo.com,U-1021,qualification,44339.83,2026-03-01,2025-11-02,Web Form,44339.83,2026-03-01,2025-11-02,Qualification,True
OP-04496,Keystone Energy,marcus.nguyen@outlook.com,U-1000,qualification,"USD 22,279.04",2026-12-16,2026-06-06,Outbound SDR,22279.04,2026-12-16,2026-06-06,Qualification,True
OP-01838,Keystone Energy,maya.kim@company.com,U-1012,Discovery,222159.26,2024-12-23,2024-08-03,Partner Referral,222159.26,2024-12-23,2024-08-03,Qualification,True
OP-02878,Keystone Energy,noah.johnson@gmail.com,U-1031,,85122.43,2025-05-25,2025-02-08,Web Form,85122.43,2025-05-25,2025-02-08,,True
OP-02840,Juniper Retail,ava.wilson@gmail.com,U-1017,Qualifcation,197314.38,2026-03-07,2026-02-02,Outbound SDR,197314.38,2026-03-07,2026-02-02,Qualification,True
OP-01347,Juniper Retail,aisha.garcia@gmail.com,U-1035,Prospecting,52495.72,2026-06-07,2025-12-15,Trade Show,52495.72,2026-06-07,2025-12-15,Prospecting,True
OP-00092,Ironclad Security,kara.miller@outlook.com,U-1039,Discovery,"25,170.24 $",2024-10-22,2024-05-08,Trade Show,25170.24,2024-10-22,2024-05-08,Qualification,True
OP-02772,Quartzline Telecom,dev.davis@@company.com,U-1002,Closed Lost,175449.99,2026-08-07,2026-05-18,Outbound SDR,175449.99,2026-08-07,2026-05-18,Closed Lost,False
OP-02716,Zephyr Airlines,nina.kim@example.org,U-1021,closed won,159855.43,2024-08-23,2024-05-25,Web Form,159855.43,2024-08-23,2024-05-25,Closed Won,True
OP-03038,Juniper Retail,ethan.brown@gmail.com,U-1027,prospecting,"$224,129",2025-07-10,2026-12-28,Web Form,224129.0,2025-07-10,2026-12-28,Prospecting,True
OP-02276,Everline Health,dev.taylor@@example.org,U-1029,Closed Won,"$141,931.59",,2024-07-25,Outbound SDR,141931.59,,2024-07-25,Closed Won,False
OP-04017,Everline Health,raj.lee@outlook.com,U-1009,Prospecting,197123.68,2025-07-13,2025-01-17,Inbound Call,197123.68,2025-07-13,2025-01-17,Prospecting,True
OP-02328,Vertex Capital,sofia.moore@company.com,U-1000,Quote Sent,122162.81,2024-03-24,2024-01-12,Web Form,122162.81,2024-03-24,2024-01-12,Proposal,True
OP-04592,,aisha.garcia@company.com,U-1018,ClosedLost,92265.91,2025-04-22,2024-09-25,Inbound Call,92265.91,2025-04-22,2024-09-25,Closed Lost,True
OP-04482,DeltaWave Media,ella.davis@yahoo.com,U-1031,Won,95584.27,2025-11-23,2025-04-04,Web Form,95584.27,2025-11-23,2025-04-04,Closed Won,True
OP-02787,,marcus.anderson@company.com,U-1005,,41854.35,2026-02-10,2025-10-13,Partner Referral,41854.35,2026-02-10,2025-10-13,,True
OP-04161,DeltaWave Media,ben.wilson@yahoo.com,U-1003,prospecting,108401.31,2025-03-23,2025-02-20,Web Form,108401.31,2025-03-23,2025-02-20,Prospecting,True
OP-00732,,zoetaylor@gmail.com,U-1023,ClosedLost,"USD 224,163.15",2026-09-28,2026-04-04,Web Form,224163.15,2026-09-28,2026-04-04,Closed Lost,True
OP-02031,Silverline SaaS,ella.nguyen@example.org,U-1000,Quote Sent,176999.70,2026-01-09,2025-11-11,Outbound SDR,176999.7,2026-01-09,2025-11-11,Proposal,True
OP-04238,Yellowpine Lumber,dev.wilson@gmail.com,U-1028,Discovery,"USD 121,787.85",2026-06-28,2026-05-02,Inbound Call,121787.85,2026-06-28,2026-05-02,Qualification,True
OP-02590,Quartzline Telecom,tom.davis@company.com,U-1037,Proposal,198368.13,2026-10-13,2026-04-06,Web Form,198368.13,2026-10-13,2026-04-06,Proposal,True
OP-00568,Vertex Capital,nina.patel@gmail.com,U-1022,PROSPECTING,"$240,774",2026-01-24,2025-09-26,Bulk Import,240774.0,2026-01-24,2025-09-26,Prospecting,True
OP-02058,Umbra Defense,sofia.smith@yahoo.com,U-1032,,129804.90,2025-04-15,2024-09-08,Outbound SDR,129804.9,2025-04-15,2024-09-08,,True
OP-04522,Quartzline Telecom,marcus.johnson@outlook.com,U-1007,New Lead,200834.40,2025-02-13,2024-09-28,Trade Show,200834.4,2025-02-13,2024-09-28,Prospecting,True
OP-00734,Granite Ridge Co,priya.moore@company.com,U-1011,PROSPECTING,"$157,112.03",2024-08-29,2024-02-21,Outbound SDR,157112.03,2024-08-29,2024-02-21,Prospecting,True
OP-03315,Pinnacle Travel,dev.smith@gmail.com,U-1001,PROSPECTING,137575.74,2024-10-01,2024-07-21,Web Form,137575.74,2024-10-01,2024-07-21,Prospecting,True
OP-00910,Copperline Foods,priya.thomas@gmail.com,U-1030,Discovery,"$49,827.12",2025-01-02,2024-11-06,Web Form,49827.12,2025-01-02,2024-11-06,Qualification,True
OP-03603,Ironclad Security,ella.anderson,U-1028,Closed-Lost,49691.14,2025-12-29,2025-10-13,Outbound SDR,49691.14,2025-12-29,2025-10-13,Closed Lost,False
OP-02680,Willow Creek Farms,maya.anderson@example.org,U-1037,Proposal,148295.36,2027-01-25,2026-06-22,Bulk Import,148295.36,2027-01-25,2026-06-22,Proposal,True
OP-D0027,Granite Ridge Co,ethan.miller@@gmail.com,U-1021,Qualifcation,77319.29,2025-03-09,2025-02-13,Web Form,77319.29,2025-03-09,2025-02-13,Qualification,False
OP-04217,Yellowpine Lumber,not-an-email,U-1031,PROSPECTING,44998.54,2025-01-30,2024-11-07,Web Form,44998.54,2025-01-30,2024-11-07,Prospecting,False
OP-03528,Larkspur Labs,kara.anderson@yahoo.com,U-1009,prospecting,"43,212.60 $",2024-12-27,2024-08-23,Partner Referral,43212.6,2024-12-27,2024-08-23,Prospecting,True
OP-02145,Quartzline Telecom,aisha.nguyen@company.com,U-1033,Prospect,"$140,698.29",2025-06-06,2025-01-15,Web Form,140698.29,2025-06-06,2025-01-15,Prospecting,True
OP-03565,Quartzline Telecom,chris.johnson@example.org,U-1014,proposal,"$67,020",2026-01-17,2025-09-15,Partner Referral,67020.0,2026-01-17,2025-09-15,Proposal,True
OP-00017,Ironclad Security,lena.smith@gmail.com,U-1008,Qualification,"24,890.02 $",2025-10-11,2025-06-01,Trade Show,24890.02,2025-10-11,2025-06-01,Qualification,True
OP-00860,Everline Health,liam.davis@outlook.com,U-1025,,236074.29,2025-10-04,2025-03-12,Bulk Import,236074.29,2025-10-04,2025-03-12,,True
OP-00403,Xenon Robotics,marcus.patel@example.org,U-1024,Negotiation,211434.95,2026-01-16,2025-08-18,Bulk Import,211434.95,2026-01-16,2025-08-18,Proposal,True
OP-03373,Ironclad Security,aisha.anderson@gmail.com,U-1020,Prospect,243275.11,2027-02-05,2026-07-26,Bulk Import,243275.11,2027-02-05,2026-07-26,Prospecting,True
OP-02632,Larkspur Labs,ava.patel@company.com,U-1027,CLOSED WON,243675.69,2025-02-26,2024-12-18,Web Form,243675.69,2025-02-26,2024-12-18,Closed Won,True
OP-00389,Vertex Capital,raj.moore@company.com,U-1005,Proposal Sent,"$155,387.84",2026-07-12,2026-02-01,Inbound Call,155387.84,2026-07-12,2026-02-01,Proposal,True
OP-01558,Keystone Energy,aisha.moore@gmail.com,U-1037,Proposal Sent,75355.27,2024-12-07,2024-11-24,Bulk Import,75355.27,2024-12-07,2024-11-24,Proposal,True
OP-04065,Acme Industrial,kara.wilson@gmail.com,U-9999,Prospecting,15902.76,2025-10-18,2025-09-18,Bulk Import,15902.76,2025-10-18,2025-09-18,Prospecting,True
OP-02586,Silverline SaaS,aisha.thomas@company.com,U-1022,Quote Sent,"$153,918.64",2025-08-09,2025-04-22,Outbound SDR,153918.64,2025-08-09,2025-04-22,Proposal,True
OP-04018,Xenon Robotics,dev.miller@gmail.com,U-1009,qualification,43438.56,2026-05-18,2025-12-27,Inbound Call,43438.56,2026-05-18,2025-12-27,Qualification,True
OP-D0175,Silverline SaaS,kara.johnson@company.com,U-1024,Prospect,81531.93,2025-09-17,2025-05-10,Partner Referral,81531.93,2025-09-17,2025-05-10,Prospecting,True
OP-02024,Redwood Outdoors,raj.davis@example.org,U-1007,qualification,"USD 180,233.07",2026-03-23,2025-10-31,Web Form,180233.07,2026-03-23,2025-10-31,Qualification,True
OP-01457,Copperline Foods,aisha.anderson@gmail.com,U-1022,ClosedLost,244843.12,2026-09-15,2026-07-27,Bulk Import,244843.12,2026-09-15,2026-07-27,Closed Lost,True
OP-00163,Copperline Foods,sofia.johnson@gmail.com,U-1003,Prospect,202706.07,2024-02-15,2024-01-23,Inbound Call,202706.07,2024-02-15,2024-01-23,Prospecting,True
OP-01815,ForgePoint Systems,owen.smith@yahoo.com,U-1018,Closed-Won,144438.70,2024-12-12,2024-09-03,Trade Show,144438.7,2024-12-12,2024-09-03,Closed Won,True
OP-01886,Umbra Defense,noah.smith@yahoo.com,U-8888,Quote Sent,7133.03,2026-08-25,2026-06-05,Partner Referral,7133.03,2026-08-25,2026-06-05,Proposal,True
OP-04605,Redwood Outdoors,liam.kim@gmail.com,U-1020,Prospecting,41455.85,2024-07-30,2024-03-14,Inbound Call,41455.85,2024-07-30,2024-03-14,Prospecting,True
OP-04382,Umbra Defense,sofia.wilson@outlook.com,U-1039,closed lost,222779.16,2024-08-08,2024-03-12,Trade Show,222779.16,2024-08-08,2024-03-12,Closed Lost,True
OP-03231,Meridian Freight,priya.miller@company.com,U-1013,closed lost,194294.54,2025-12-16,2025-12-07,Outbound SDR,194294.54,2025-12-16,2025-12-07,Closed Lost,True
OP-03795,Granite Ridge Co,noah.kim@outlook.com,U-1008,Prospecting,,2025-10-27,2025-07-05,Outbound SDR,,2025-10-27,2025-07-05,Prospecting,True
OP-03473,Granite Ridge Co,tom.moore@outlook.com,U-1015,CLOSED WON,112939.83,2025-10-30,2025-05-23,Outbound SDR,112939.83,2025-10-30,2025-05-23,Closed Won,True
OP-04030,Granite Ridge Co,ella.moore@yahoo.com,U-1010,Proposal Sent,101912.18,2027-02-25,2027-01-03,Bulk Import,101912.18,2027-02-25,2027-01-03,Proposal,True
OP-03968,Everline Health,nina.lee@gmail.com,U-1031,Qualification,229876.76,2025-11-10,2025-08-15,Outbound SDR,229876.76,2025-11-10,2025-08-15,Qualification,True
OP-02369,Harborline Bank,,U-1004,,"$27,941.66",2026-03-23,2025-07-29,Bulk Import,27941.66,2026-03-23,2025-07-29,,
OP-03239,Keystone Energy,aisha.johnson@yahoo.com,U-1032,proposal,145638.04,2025-09-21,2025-08-05,Inbound Call,145638.04,2025-09-21,2025-08-05,Proposal,True
OP-01529,Redwood Outdoors,tom.garcia@outlook.com,U-1013,Prospecting,144070.49,2027-03-13,2026-08-12,Outbound SDR,144070.49,2027-03-13,2026-08-12,Prospecting,True
OP-01054,ForgePoint Systems,chris.nguyen@gmail.com,U-1020,Qualification,81999.92,2024-11-08,2024-06-03,Partner Referral,81999.92,2024-11-08,2024-06-03,Qualification,True
OP-02212,Everline Health,nina.moore@yahoo.com,U-1027,Prospecting,"$99,006.13",2024-06-24,2024-02-16,Bulk Import,99006.13,2024-06-24,2024-02-16,Prospecting,True
OP-01724,Xenon Robotics,tom.nguyen@example.org,U-9999,Closed-Won,"$147,358.00",2024-07-22,2024-01-01,Web Form,147358.0,2024-07-22,2024-01-01,Closed Won,True
OP-01732,Larkspur Labs,priya.taylor@company.com,U-9999,Prospecting,36963.48,2024-05-06,2024-02-01,Outbound SDR,36963.48,2024-05-06,2024-02-01,Prospecting,True
OP-01217,Meridian Freight,maya.lee@yahoo.com,U-1026,Prospect,124975.28,2024-04-19,2024-04-09,Web Form,124975.28,2024-04-19,2024-04-09,Prospecting,True
OP-02644,Silverline SaaS,ben.garcia@yahoo.com,U-1002,PROSPECTING,,2026-08-15,2026-07-29,Web Form,,2026-08-15,2026-07-29,Prospecting,True
OP-00992,ForgePoint Systems,ethan.johnson@yahoo.com,U-1033,proposal,26545.72,2024-11-06,2024-07-12,Web Form,26545.72,2024-11-06,2024-07-12,Proposal,True
OP-00053,Tidewater Marine,raj.nguyen@outlook.com,U-1008,,194383.76,2026-06-16,2026-02-02,Trade Show,194383.76,2026-06-16,2026-02-02,,True
OP-01659,Copperline Foods,nina.smith@gmail.com,U-1027,Discovery,83913.03,2026-01-24,2025-12-07,Inbound Call,83913.03,2026-01-24,2025-12-07,Qualification,True
OP-01388,Yellowpine Lumber,tom.thomas@outlook.com,U-1037,Prospecting,174841.86,2026-03-29,2025-09-09,Partner Referral,174841.86,2026-03-29,2025-09-09,Prospecting,True
OP-01064,Umbra Defense,owen.brown@example.org,U-1006,CLOSED WON,45904.22,2026-03-06,2025-07-09,Web Form,45904.22,2026-03-06,2025-07-09,Closed Won,True
OP-00105,BluePeak Logistics,marcus.thomas@gmail.com,admin,Closed-Won,234278.97,2026-08-22,2026-05-06,Bulk Import,234278.97,2026-08-22,2026-05-06,Closed Won,True
OP-01410,Quartzline Telecom,marcus.wilson@company.com,U-1019,Qualification,"43,136.57 $",2025-11-18,2025-05-04,Partner Referral,43136.57,2025-11-18,2025-05-04,Qualification,True
OP-04474,,marcus.anderson@gmail.com,U-1001,Closed Lost,202776.70,2026-07-19,2026-05-15,Web Form,202776.7,2026-07-19,2026-05-15,Closed Lost,True
OP-04404,Meridian Freight,chris.miller@yahoo.com,U-1032,qualification,129581.99,2024-08-02,2024-03-28,Inbound Call,129581.99,2024-08-02,2024-03-28,Qualification,True
OP-03074,Zephyr Airlines,zoegarcia@example.org,U-1004,PROSPECTING,"$178,854",2024-09-30,2024-05-09,Web Form,178854.0,2024-09-30,2024-05-09,Prospecting,True
OP-00677,BluePeak Logistics,ethan.brown@outlook.com,U-1033,PROSPECTING,"$94,182.60",2026-04-02,2025-09-02,Inbound Call,94182.6,2026-04-02,2025-09-02,Prospecting,True
OP-01443,Xenon Robotics,ella.davis@example.org,U-1015,Qualifcation,54398.64,2025-05-09,2025-03-08,Inbound Call,54398.64,2025-05-09,2025-03-08,Qualification,True
OP-00529,Juniper Retail,nina.brown@company.com,U-1034,Qualification,"$175,431",2026-09-30,2026-07-07,Outbound SDR,175431.0,2026-09-30,2026-07-07,Qualification,True
OP-04624,Granite Ridge Co,nina.thomas@gmail.com,U-1030,PROSPECTING,101405.91,,2024-12-08,Outbound SDR,101405.91,,2024-12-08,Prospecting,True
OP-03371,Everline Health,noah.miller@example.org,U-1014,PROSPECTING,151862.42,2025-08-27,2025-04-16,Outbound SDR,151862.42,2025-08-27,2025-04-16,Prospecting,True
OP-04046,Juniper Retail,aisha.moore@gmail.com,U-1033,Proposal,106075.95,,2026-01-20,Web Form,106075.95,,2026-01-20,Proposal,True
OP-00455,Yellowpine Lumber,ethan.patel@company.com,U-1029,closed won,"$149,605.47",2025-05-21,2027-06-14,Partner Referral,149605.47,2025-05-21,2027-06-14,Closed Won,True
OP-01224,Meridian Freight,,U-1003,Discovery,53248.36,2025-04-18,2024-10-16,Inbound Call,53248.36,2025-04-18,2024-10-16,Qualification,
OP-00260,Pinnacle Travel,noah.johnson@example.org,U-1002,PROSPECTING,,2026-07-21,2026-02-23,Inbound Call,,2026-07-21,2026-02-23,Prospecting,True
OP-00603,Juniper Retail,marcus.johnson@outlook.com,U-1018,Qualified,150264.84,2026-03-26,2025-11-15,Outbound SDR,150264.84,2026-03-26,2025-11-15,Qualification,True
OP-04166,ForgePoint Systems,ava.wilson@gmail.com,U-1004,Proposal Sent,"135,346.20 $",2024-07-08,2024-02-20,Outbound SDR,135346.2,2024-07-08,2024-02-20,Proposal,True
OP-03296,Keystone Energy,raj.kim@company.com,U-1004,Negotiation,,2026-10-27,2026-07-16,Inbound Call,,2026-10-27,2026-07-16,Proposal,True
OP-02121,,dev.brown@example.org,U-1006,Prospecting,246451.45,2026-07-24,2026-01-01,Partner Referral,246451.45,2026-07-24,2026-01-01,Prospecting,True
OP-03897,DeltaWave Media,sofia.patel@gmail.com,U-1011,Discovery,79086.62,2025-03-08,2024-10-18,Partner Referral,79086.62,2025-03-08,2024-10-18,Qualification,True
OP-03727,Everline Health,liam.wilson@outlook.com,U-1011,Qualification,103347.85,2024-09-09,2024-03-10,Web Form,103347.85,2024-09-09,2024-03-10,Qualification,True
OP-01186,Silverline SaaS,owen.brown@outlook.com,U-1036,PROSPECTING,"$193,632.30",2026-02-27,2026-02-18,Web Form,193632.3,2026-02-27,2026-02-18,Prospecting,True
OP-D0168,Silverline SaaS,owen.moore@outlook.com,U-1006,closed lost,94974.62,2025-06-30,2025-03-03,Trade Show,94974.62,2025-06-30,2025-03-03,Closed Lost,True
OP-00799,Xenon Robotics,kara.davis@yahoo.com,U-1015,Negotiation,40588.38,2025-05-21,2024-12-04,Inbound Call,40588.38,2025-05-21,2024-12-04,Proposal,True
OP-00687,Copperline Foods,dev.johnson@gmail.com,U-1008,Proposal Sent,53771.19,2025-03-21,2024-09-14,Inbound Call,53771.19,2025-03-21,2024-09-14,Proposal,True
OP-04369,ForgePoint Systems,tom.kim@gmail.com,U-1031,Proposal Sent,156310.85,2026-09-05,2026-02-08,Outbound SDR,156310.85,2026-09-05,2026-02-08,Proposal,True
OP-04454,Ironclad Security,marcus.smith@gmail.com,U-1014,Prospect,35586.91,2024-12-04,2024-11-19,Outbound SDR,35586.91,2024-12-04,2024-11-19,Prospecting,True
OP-04288,BluePeak Logistics,tom.brown@example.org,U-1006,Proposal Sent,113273.01,2024-09-20,2024-06-23,Inbound Call,113273.01,2024-09-20,2024-06-23,Proposal,True
OP-04271,DeltaWave Media,tom.davis@gmail.com,U-1022,prospecting,100676.33,2025-09-03,2025-04-26,Trade Show,100676.33,2025-09-03,2025-04-26,Prospecting,True
OP-03834,Tidewater Marine,noah.anderson@outlook.com,U-1016,Qualifcation,22888.69,2027-02-14,2026-07-03,Web Form,22888.69,2027-02-14,2026-07-03,Qualification,True
OP-03810,Harborline Bank,priya.moore@outlook.com,U-1027,Won,57664.06,,2024-08-14,Partner Referral,57664.06,,2024-08-14,Closed Won,True
OP-00011,DeltaWave Media,liam.wilson@gmail.com,U-1021,Qualified,103953.36,2024-10-01,2024-04-09,Web Form,103953.36,2024-10-01,2024-04-09,Qualification,True
OP-04184,Umbra Defense,aisha.miller@gmail.com,U-1024,Prospect,52033.92,2024-06-06,2024-03-01,Trade Show,52033.92,2024-06-06,2024-03-01,Prospecting,True
OP-02797,Juniper Retail,zoe.anderson@outlook.com,U-1003,Qualification,91456.42,2025-03-21,2024-10-05,Outbound SDR,91456.42,2025-03-21,2024-10-05,Qualification,True
OP-04495,Harborline Bank,sofia.smith@outlook.com,U-1013,Discovery,185031.27,2026-04-17,2026-11-03,Bulk Import,185031.27,2026-04-17,2026-11-03,Qualification,True
OP-03013,Zephyr Airlines,kara.anderson@gmail.com,U-1013,ClosedLost,233291.37,2026-03-22,2026-10-19,Trade Show,233291.37,2026-03-22,2026-10-19,Closed Lost,True
OP-02509,Silverline SaaS,chris.patel@gmail.com,U-1005,Discovery,"USD 53,584.27",2024-07-10,2024-06-26,Inbound Call,53584.27,2024-07-10,2024-06-26,Qualification,True
OP-02979,Larkspur Labs,sofia.taylor@gmail.com,U-1034,Prospect,46525.97,2025-11-15,2025-10-01,Trade Show,46525.97,2025-11-15,2025-10-01,Prospecting,True
OP-01119,,not-an-email,U-1009,qualification,"$179,175",2025-02-07,2024-11-22,Web Form,179175.0,2025-02-07,2024-11-22,Qualification,False
OP-00269,Juniper Retail,liam.davis@company.com,U-1025,PROSPECTING,22471.19,2026-07-01,2026-03-16,Bulk Import,22471.19,2026-07-01,2026-03-16,Prospecting,True
OP-04493,Everline Health,marcus.brown@yahoo.com,U-1024,Proposal Sent,3859.97,,2024-06-15,Outbound SDR,3859.97,,2024-06-15,Proposal,True
OP-03208,Everline Health,tom.taylor@company.com,U-1029,Negotiation,238965.23,,2024-04-28,Partner Referral,238965.23,,2024-04-28,Proposal,True
OP-02924,Ironclad Security,sofia.brown@yahoo.com,U-1026,Quote Sent,152887.39,2026-08-23,2026-07-25,Outbound SDR,152887.39,2026-08-23,2026-07-25,Proposal,True
OP-00033,Larkspur Labs,aisha.wilson@yahoo.com,U-1034,ClosedWon,39941.80,2026-06-04,2025-10-12,Outbound SDR,39941.8,2026-06-04,2025-10-12,Closed Won,True
OP-00374,Onyx Pharma,sofia.taylor@yahoo.com,U-1026,Proposal Sent,45022.80,2025-12-20,2025-05-04,Partner Referral,45022.8,2025-12-20,2025-05-04,Proposal,True
OP-03777,Vertex Capital,owen.brown@yahoo.com,U-1027,Quote Sent,"164,661.25 $",2026-02-02,2026-01-08,Bulk Import,164661.25,2026-02-02,2026-01-08,Proposal,True
OP-03039,Tidewater Marine,lena.brown@yahoo.com,U-1012,Prospect,"$183,226",2025-09-19,2025-04-28,Web Form,183226.0,2025-09-19,2025-04-28,Prospecting,True
OP-02690,BluePeak Logistics,nina.nguyen@gmail.com,U-1014,Proposal,170810.79,2026-06-18,2026-06-05,Inbound Call,170810.79,2026-06-18,2026-06-05,Proposal,True
OP-03358,Juniper Retail,maya.wilson@company.com,U-1019,Negotiation,32037.08,2025-05-06,2024-09-30,Bulk Import,32037.08,2025-05-06,2024-09-30,Proposal,True
OP-00226,Tidewater Marine,lena.nguyen@outlook.com,U-1023,CLOSED WON,43070.24,2024-05-21,2024-01-07,Bulk Import,43070.24,2024-05-21,2024-01-07,Closed Won,True
OP-02199,Northgate Auto,priya.patel@outlook.com,U-1031,Qualification,"USD 239,577.41",2024-12-28,2024-06-28,Inbound Call,239577.41,2024-12-28,2024-06-28,Qualification,True
OP-02819,BluePeak Logistics,zoe.garcia@company.com,U-1023,Prospect,59988.33,2025-05-10,2024-12-05,Partner Referral,59988.33,2025-05-10,2024-12-05,Prospecting,True
OP-01135,Larkspur Labs,lena.taylor@yahoo.com,U-1005,qualification,6263.59,2024-09-22,2024-06-16,Web Form,6263.59,2024-09-22,2024-06-16,Qualification,True
OP-02095,Keystone Energy,zoe.patel@example.org,U-1006,Closed-Won,212060.93,2025-02-08,2024-07-13,Inbound Call,212060.93,2025-02-08,2024-07-13,Closed Won,True
OP-00321,Acme Industrial,ava.garcia@gmail.com,U-1006,Closed Lost,62185.27,2025-12-22,2025-04-27,Outbound SDR,62185.27,2025-12-22,2025-04-27,Closed Lost,True
OP-04477,Onyx Pharma,ella.smith@company.com,U-8888,prospecting,215467.15,2025-05-05,2025-02-14,Outbound SDR,215467.15,2025-05-05,2025-02-14,Prospecting,True
OP-03498,BluePeak Logistics,owen.miller@outlook.com,U-1037,Prospect,"$93,168.07",2026-12-12,2026-07-21,Bulk Import,93168.07,2026-12-12,2026-07-21,Prospecting,True
OP-03481,Silverline SaaS,chris.moore@example.org,U-1002,New Lead,137783.60,,2025-02-16,Inbound Call,137783.6,,2025-02-16,Prospecting,True
OP-00986,Ironclad Security,zoe.moore@outlook.com,U-1036,proposal,249036.75,2024-09-08,2024-02-15,Partner Referral,249036.75,2024-09-08,2024-02-15,Proposal,True
OP-00742,Larkspur Labs,sofia.wilson@company.com,U-1035,PROSPECTING,172693.88,2025-05-12,2025-03-03,Partner Referral,172693.88,2025-05-12,2025-03-03,Prospecting,True
OP-04675,Zephyr Airlines,zoe.davis@example.org,U-1012,Prospect,74494.56,2024-05-20,2027-02-03,Outbound SDR,74494.56,2024-05-20,2027-02-03,Prospecting,True
OP-02930,Keystone Energy,marcus.anderson@gmail.com,U-1019,Negotiation,"$23,734.62",2024-02-19,2024-01-17,Inbound Call,23734.62,2024-02-19,2024-01-17,Proposal,True
OP-00147,BluePeak Logistics,noah.smith@outlook.com,U-1008,,108449.27,2025-07-26,2025-02-09,Bulk Import,108449.27,2025-07-26,2025-02-09,,True
OP-02124,Everline Health,chris.nguyen@gmail.com,U-1009,Qualified,167708.86,2026-05-03,2025-12-08,Inbound Call,167708.86,2026-05-03,2025-12-08,Qualification,True
OP-03562,Onyx Pharma,tom.davis@outlook.com,U-1026,qualification,153137.91,2025-05-12,2024-12-18,Partner Referral,153137.91,2025-05-12,2024-12-18,Qualification,True
OP-00186,Juniper Retail,dev.brown@yahoo.com,U-1001,qualification,225122.39,2024-08-25,2024-07-11,Trade Show,225122.39,2024-08-25,2024-07-11,Qualification,True
OP-01291,Keystone Energy,noah.taylor@gmail.com,U-1035,Qualified,121382.51,2024-04-27,2024-04-04,Web Form,121382.51,2024-04-27,2024-04-04,Qualification,True
OP-02675,,kara.kim@company.com,U-1002,Discovery,26327.23,2024-10-02,2024-04-24,Partner Referral,26327.23,2024-10-02,2024-04-24,Qualification,True
OP-00082,Copperline Foods,,U-1030,New Lead,136932.33,2025-09-27,2025-06-20,Web Form,136932.33,2025-09-27,2025-06-20,Prospecting,
OP-01356,Meridian Freight,chris.johnson@company.com,U-1020,Negotiation,52087.23,2025-07-01,2025-03-25,Web Form,52087.23,2025-07-01,2025-03-25,Proposal,True
OP-00975,Pinnacle Travel,aisha.thomas@outlook.com,U-1012,Qualification,239915.37,2026-03-31,2026-02-23,Partner Referral,239915.37,2026-03-31,2026-02-23,Qualification,True
OP-02240,Keystone Energy,marcus.wilson@example.org,U-1029,Prospect,155112.52,2025-02-21,2024-12-26,Inbound Call,155112.52,2025-02-21,2024-12-26,Prospecting,True
OP-00416,Granite Ridge Co,not-an-email,U-1035,qualification,"$162,317.94",2025-09-22,2025-04-15,Trade Show,162317.94,2025-09-22,2025-04-15,Qualification,False
OP-03116,Willow Creek Farms,maya.moore@gmail.com,U-1035,Prospect,"$123,219",,2026-04-03,Inbound Call,123219.0,,2026-04-03,Prospecting,True
OP-00303,Acme Industrial,ava.nguyen@company.com,U-1025,closed won,29205.18,2026-05-20,2025-12-21,Trade Show,29205.18,2026-05-20,2025-12-21,Closed Won,True
OP-01905,Vertex Capital,nina.davis@gmail.com,U-1000,closed lost,245579.80,,2025-09-03,Partner Referral,245579.8,,2025-09-03,Closed Lost,True
OP-03618,Harborline Bank,maya.thomas@company.com,U-1007,Proposal,177964.68,2024-10-09,2024-09-29,Inbound Call,177964.68,2024-10-09,2024-09-29,Proposal,True
OP-03550,Silverline SaaS,chris.taylor@outlook.com,U-1022,Discovery,43699.59,2024-12-12,2024-09-25,Web Form,43699.59,2024-12-12,2024-09-25,Qualification,True
OP-02104,Juniper Retail,ella.moore@example.org,U-1032,Prospect,49021.89,2025-04-02,2025-03-18,Partner Referral,49021.89,2025-04-02,2025-03-18,Prospecting,True
OP-03413,Harborline Bank,ella.garcia@yahoo.com,U-0000,,234034.63,2024-04-11,2024-01-08,Outbound SDR,234034.63,2024-04-11,2024-01-08,,True
OP-01014,Everline Health,noah.brown@gmail.com,U-1014,Prospect,166316.88,2024-06-02,2024-03-08,Bulk Import,166316.88,2024-06-02,2024-03-08,Prospecting,True
OP-03821,,chris.miller@example.org,U-1030,Negotiation,156698.89,2026-02-27,2025-08-11,Bulk Import,156698.89,2026-02-27,2025-08-11,Proposal,True
OP-01890,Xenon Robotics,zoe.anderson@outlook.com,U-1017,CLOSED WON,182878.18,2026-11-24,2026-06-02,Web Form,182878.18,2026-11-24,2026-06-02,Closed Won,True
OP-00365,Tidewater Marine,priya.kim@company.com,U-1009,ClosedLost,"$182,200.54",2026-12-12,2026-05-23,Trade Show,182200.54,2026-12-12,2026-05-23,Closed Lost,True
OP-03708,Everline Health,ava.anderson@example.org,U-1030,Prospecting,19201.68,2025-07-11,2024-12-14,Partner Referral,19201.68,2025-07-11,2024-12-14,Prospecting,True
OP-03185,BluePeak Logistics,owen.garcia@outlook.com,U-1029,Discovery,24878.50,2024-05-31,2024-04-01,Trade Show,24878.5,2024-05-31,2024-04-01,Qualification,True
OP-01066,Meridian Freight,ben.davis@gmail.com,U-1017,PROSPECTING,206729.40,2024-09-27,2024-04-07,Inbound Call,206729.4,2024-09-27,2024-04-07,Prospecting,True
OP-02204,BluePeak Logistics,tom.smith@example.org,U-1037,Won,,2025-12-02,2025-07-25,Web Form,,2025-12-02,2025-07-25,Closed Won,True
OP-00855,Northgate Auto,aisha.lee@yahoo.com,U-1006,Proposal,"229,696.34 $",2026-06-09,2026-05-25,Outbound SDR,229696.34,2026-06-09,2026-05-25,Proposal,True
OP-01602,Keystone Energy,owen.kim@yahoo.com,U-1019,Qualified,162684.57,2026-01-06,2025-05-30,Outbound SDR,162684.57,2026-01-06,2025-05-30,Qualification,True
OP-03283,Onyx Pharma,raj.kim@outlook.com,U-1010,Negotiation,107516.47,2026-06-20,2026-05-16,Bulk Import,107516.47,2026-06-20,2026-05-16,Proposal,True
OP-03615,Harborline Bank,maya.brown@example.org,U-1027,Lost,"$207,169.77",2025-07-02,2025-04-26,Web Form,207169.77,2025-07-02,2025-04-26,Closed Lost,True
OP-01872,Willow Creek Farms,not-an-email,U-1017,Prospecting,191046.93,2027-01-17,2026-07-08,Web Form,191046.93,2027-01-17,2026-07-08,Prospecting,False
OP-00504,Vertex Capital,,U-1000,Prospecting,107745.97,2025-11-08,2025-09-14,Bulk Import,107745.97,2025-11-08,2025-09-14,Prospecting,
OP-03417,Larkspur Labs,marcus.wilson@gmail.com,admin,Prospect,,2026-12-30,2026-08-27,Partner Referral,,2026-12-30,2026-08-27,Prospecting,True
OP-00438,Vertex Capital,ava.miller@gmail.com,U-1009,ClosedWon,135325.79,2026-05-30,2026-02-09,Partner Referral,135325.79,2026-05-30,2026-02-09,Closed Won,True
OP-02187,Vertex Capital,owen.kim@@company.com,U-1027,Closed Won,114859.11,,2025-06-18,Partner Referral,114859.11,,2025-06-18,Closed Won,False
OP-01336,Granite Ridge Co,,U-1024,Prospect,163420.61,2024-12-02,2024-05-19,Partner Referral,163420.61,2024-12-02,2024-05-19,Prospecting,
OP-01641,DeltaWave Media,lena.moore@example.org,U-9999,Prospect,181356.83,2025-11-20,2025-05-27,Inbound Call,181356.83,2025-11-20,2025-05-27,Prospecting,True
OP-00542,Willow Creek Farms,ella.patel@example.org,U-1013,Qualifcation,224888.51,2025-02-01,2024-12-02,Web Form,224888.51,2025-02-01,2024-12-02,Qualification,True
OP-01016,Vertex Capital,nina.nguyen@example.org,U-1033,Closed-Lost,,2026-01-30,2025-11-30,Bulk Import,,2026-01-30,2025-11-30,Closed Lost,True
OP-00770,Redwood Outdoors,maya.johnson@gmail.com,U-1022,Qualifcation,"$110,200",2024-08-10,2024-04-18,Outbound SDR,110200.0,2024-08-10,2024-04-18,Qualification,True
OP-03494,DeltaWave Media,kara.garcia@gmail.com,U-1019,Negotiation,180451.98,2025-10-31,2025-10-05,Inbound Call,180451.98,2025-10-31,2025-10-05,Proposal,True
OP-00610,Ironclad Security,tom.moore@company.com,U-1034,ClosedLost,127635.19,2025-07-27,2025-05-09,Trade Show,127635.19,2025-07-27,2025-05-09,Closed Lost,True
OP-D0070,Harborline Bank,marcus.wilson@example.org,U-1008,New Lead,"$16,075.84",2026-03-29,2026-01-14,Partner Referral,16075.84,2026-03-29,2026-01-14,Prospecting,True
OP-00005,Granite Ridge Co,nina.garcia@yahoo.com,U-1035,closed won,54731.38,2026-12-23,2026-07-24,Bulk Import,54731.38,2026-12-23,2026-07-24,Closed Won,True
OP-03303,Harborline Bank,liam.miller@example.org,U-1025,closed won,119579.81,2025-05-27,2025-05-09,Bulk Import,119579.81,2025-05-27,2025-05-09,Closed Won,True
OP-02007,Granite Ridge Co,kara.moore@gmail.com,U-1008,Closed-Won,46746.87,,2025-02-02,Inbound Call,46746.87,,2025-02-02,Closed Won,True
OP-03743,Zephyr Airlines,chris.thomas@example.org,U-1010,Quote Sent,236523.56,,2025-01-08,Web Form,236523.56,,2025-01-08,Proposal,True
OP-00906,Onyx Pharma,aisha.thomas@company.com,U-1013,prospecting,167346.69,2024-04-29,2024-03-12,Outbound SDR,167346.69,2024-04-29,2024-03-12,Prospecting,True
OP-00531,Zephyr Airlines,ben.brown@gmail.com,U-1030,Qualified,54544.04,2024-07-29,2024-02-03,Web Form,54544.04,2024-07-29,2024-02-03,Qualification,True
OP-02812,Vertex Capital,marcus.davis@yahoo.com,U-0000,prospecting,,2024-07-29,2024-05-09,Web Form,,2024-07-29,2024-05-09,Prospecting,True
OP-02491,Redwood Outdoors,zoe.wilson@yahoo.com,U-1019,Closed Won,68853.11,2025-08-24,2025-02-25,Inbound Call,68853.11,2025-08-24,2025-02-25,Closed Won,True
OP-02226,Redwood Outdoors,chris.taylor@company.com,U-1025,Discovery,143769.15,2025-05-18,2025-04-10,Web Form,143769.15,2025-05-18,2025-04-10,Qualification,True
OP-04339,DeltaWave Media,ellasmith@outlook.com,U-1036,Prospecting,59425.83,2026-04-05,2026-02-01,Outbound SDR,59425.83,2026-04-05,2026-02-01,Prospecting,True
OP-03945,,ella.anderson@outlook.com,U-1011,New Lead,"$189,452.06",2024-05-16,2024-03-08,Trade Show,189452.06,2024-05-16,2024-03-08,Prospecting,True
OP-01699,Willow Creek Farms,liammiller@example.org,U-1017,Discovery,57749.46,2026-07-12,2025-12-22,Bulk Import,57749.46,2026-07-12,2025-12-22,Qualification,True
OP-00755,ForgePoint Systems,raj.johnson@yahoo.com,U-1001,qualification,242793.17,2024-04-29,2024-04-09,Partner Referral,242793.17,2024-04-29,2024-04-09,Qualification,True
OP-02162,Quartzline Telecom,nina.garcia@company.com,U-1025,Negotiation,,2026-09-30,2026-07-15,Inbound Call,,2026-09-30,2026-07-15,Proposal,True
OP-02067,Quartzline Telecom,sofia.brown@example.org,U-1013,Prospecting,177028.90,2026-12-19,2026-06-05,Web Form,177028.9,2026-12-19,2026-06-05,Prospecting,True
OP-03377,Yellowpine Lumber,aisha.kim@yahoo.com,U-1010,New Lead,246960.33,2025-06-14,2025-01-06,Bulk Import,246960.33,2025-06-14,2025-01-06,Prospecting,True
OP-03453,DeltaWave Media,lena.taylor@example.org,U-1005,Qualifcation,"$10,983.21",2024-12-09,2024-10-16,Web Form,10983.21,2024-12-09,2024-10-16,Qualification,True
OP-03564,Quartzline Telecom,nina.moore@outlook.com,U-1025,,52067.82,2024-08-02,2024-03-11,Partner Referral,52067.82,2024-08-02,2024-03-11,,True
OP-04418,Copperline Foods,tom.kim@gmail.com,U-1035,PROSPECTING,171984.49,2024-10-03,2024-05-27,Trade Show,171984.49,2024-10-03,2024-05-27,Prospecting,True
OP-03004,Yellowpine Lumber,liam.brown@company.com,U-1016,Won,232925.34,,2026-05-14,Inbound Call,232925.34,,2026-05-14,Closed Won,True
OP-02631,Tidewater Marine,ben.thomas@company.com,U-1035,Proposal,161925.84,2024-08-11,2024-07-19,Outbound SDR,161925.84,2024-08-11,2024-07-19,Proposal,True
OP-02122,Granite Ridge Co,kara.nguyen@company.com,U-1026,Closed-Won,245191.14,2026-09-06,2026-03-05,Web Form,245191.14,2026-09-06,2026-03-05,Closed Won,True
OP-01723,Willow Creek Farms,noah.kim@example.org,U-1013,Proposal,"$12,516.48",2024-08-29,2024-03-12,Inbound Call,12516.48,2024-08-29,2024-03-12,Proposal,True
OP-01149,Silverline SaaS,sofia.kim@gmail.com,U-1004,Closed Won,81374.21,2026-07-10,2026-03-17,Outbound SDR,81374.21,2026-07-10,2026-03-17,Closed Won,True
OP-02340,Ironclad Security,ella.johnson@outlook.com,U-1028,Closed-Won,147845.40,2026-02-06,2025-11-23,Web Form,147845.4,2026-02-06,2025-11-23,Closed Won,True
OP-01944,Vertex Capital,ethan.kim@company.com,U-1030,Closed Lost,"$133,285.62",2026-05-09,2026-01-31,Inbound Call,133285.62,2026-05-09,2026-01-31,Closed Lost,True
OP-01733,Zephyr Airlines,tom.thomas@gmail.com,U-1035,New Lead,175964.37,2025-09-29,2027-03-20,Inbound Call,175964.37,2025-09-29,2027-03-20,Prospecting,True
OP-03700,Pinnacle Travel,nina.johnson@company.com,U-1016,qualification,"$41,100.06",2025-10-20,2025-05-01,Inbound Call,41100.06,2025-10-20,2025-05-01,Qualification,True
OP-02503,Umbra Defense,aisha.smith@example.org,U-1003,Prospect,112533.02,2024-12-01,2024-11-06,Trade Show,112533.02,2024-12-01,2024-11-06,Prospecting,True
OP-02864,Vertex Capital,liam.davis@example.org,U-1007,Prospect,202609.80,2025-06-28,2025-01-21,Trade Show,202609.8,2025-06-28,2025-01-21,Prospecting,True
OP-03458,Everline Health,ava.johnson@outlook.com,admin,Won,79055.94,2025-11-22,2025-04-20,Outbound SDR,79055.94,2025-11-22,2025-04-20,Closed Won,True
OP-03656,Meridian Freight,ethan.brown@yahoo.com,U-1002,PROSPECTING,"$17,900.06",2025-06-04,2025-01-23,Web Form,17900.06,2025-06-04,2025-01-23,Prospecting,True
OP-00877,DeltaWave Media,lena.anderson@gmail.com,U-1034,Qualification,60653.86,2025-06-02,2025-03-17,Web Form,60653.86,2025-06-02,2025-03-17,Qualification,True
OP-D0262,DeltaWave Media,priya.thomas@company.com,U-1023,Proposal Sent,182886.35,2027-01-28,2026-08-10,Inbound Call,182886.35,2027-01-28,2026-08-10,Proposal,True
OP-00582,Umbra Defense,lena.miller@company.com,U-1005,Closed Lost,"$125,729.06",2026-06-24,2026-02-21,Web Form,125729.06,2026-06-24,2026-02-21,Closed Lost,True
OP-02440,Pinnacle Travel,ava.thomas@company.com,U-1033,Proposal,20027.50,2025-02-28,2024-07-25,Trade Show,20027.5,2025-02-28,2024-07-25,Proposal,True
OP-00347,ForgePoint Systems,marcus.patel@yahoo.com,U-1037,proposal,,2026-03-25,2026-02-22,Partner Referral,,2026-03-25,2026-02-22,Proposal,True
OP-04483,Tidewater Marine,ethan.patel@gmail.com,U-1036,Quote Sent,30763.02,2025-02-15,2025-01-16,Partner Referral,30763.02,2025-02-15,2025-01-16,Proposal,True
OP-01452,Willow Creek Farms,ethan.lee@company.com,U-1001,prospecting,"$2,895.01",2024-12-20,2024-06-17,Partner Referral,2895.01,2024-12-20,2024-06-17,Prospecting,True
OP-04555,BluePeak Logistics,nina.johnson@example.org,U-1038,Proposal,228954.52,2025-04-12,2024-12-31,Outbound SDR,228954.52,2025-04-12,2024-12-31,Proposal,True
OP-04647,Redwood Outdoors,liam.taylor@outlook.com,U-1015,,"USD 64,070.88",2026-01-23,2025-07-10,Inbound Call,64070.88,2026-01-23,2025-07-10,,True
OP-02511,Meridian Freight,tom.smith@outlook.com,U-1014,Qualifcation,180405.47,2024-06-22,2024-01-22,Bulk Import,180405.47,2024-06-22,2024-01-22,Qualification,True
OP-01582,Zephyr Airlines,maya.brown@gmail.com,U-1029,Prospecting,"22,624.72 $",2026-10-28,2026-03-26,Inbound Call,22624.72,2026-10-28,2026-03-26,Prospecting,True
OP-00458,Tidewater Marine,ethan.smith@gmail.com,U-1024,prospecting,"$151,333.03",2025-10-09,2025-04-11,Outbound SDR,151333.03,2025-10-09,2025-04-11,Prospecting,True
OP-03719,Onyx Pharma,sofia.davis@example.org,U-1008,Negotiation,"32,357.41 $",2025-11-22,2025-04-12,Inbound Call,32357.41,2025-11-22,2025-04-12,Proposal,True
OP-02289,Umbra Defense,chris.brown@yahoo.com,U-1002,Proposal,"$14,967.20",2025-01-17,2025-01-09,Bulk Import,14967.2,2025-01-17,2025-01-09,Proposal,True
OP-01408,Juniper Retail,ella.kim@yahoo.com,U-1007,Lost,152165.96,2025-03-19,2025-01-05,Bulk Import,152165.96,2025-03-19,2025-01-05,Closed Lost,True
OP-00541,Quartzline Telecom,aisha.kim@company.com,U-8888,Discovery,"$207,018.23",2025-02-20,2026-10-06,Partner Referral,207018.23,2025-02-20,2026-10-06,Qualification,True
OP-04113,Redwood Outdoors,marcus.garcia@outlook.com,U-1026,New Lead,"$11,953",2025-12-25,2025-05-06,Trade Show,11953.0,2025-12-25,2025-05-06,Prospecting,True
OP-01897,Northgate Auto,ava.davis@company.com,U-1010,New Lead,16580.45,2026-01-17,2025-07-11,Web Form,16580.45,2026-01-17,2025-07-11,Prospecting,True
OP-01434,Ironclad Security,dev.anderson@company.com,U-1013,Closed Won,"$63,687",2026-10-26,2026-06-19,Partner Referral,63687.0,2026-10-26,2026-06-19,Closed Won,True
OP-01279,Copperline Foods,lena.davis@outlook.com,U-1024,closed lost,19105.20,2025-09-01,2025-01-19,Web Form,19105.2,2025-09-01,2025-01-19,Closed Lost,True
OP-00811,Onyx Pharma,maya.lee@company.com,U-1038,Qualified,148151.42,2024-05-04,2024-02-15,Bulk Import,148151.42,2024-05-04,2024-02-15,Qualification,True
OP-01099,Harborline Bank,chris.johnson@gmail.com,U-1039,Qualified,202195.01,2024-12-20,2024-10-29,Trade Show,202195.01,2024-12-20,2024-10-29,Qualification,True
OP-02714,Zephyr Airlines,zoe.kim@gmail.com,U-1016,Closed-Lost,209314.52,2027-03-13,2026-08-20,Inbound Call,209314.52,2027-03-13,2026-08-20,Closed Lost,True
OP-04696,Vertex Capital,lena.johnson@example.org,U-1021,Prospect,66278.69,2025-05-21,2025-04-18,Web Form,66278.69,2025-05-21,2025-04-18,Prospecting,True
OP-01530,Everline Health,sofia.davis@gmail.com,U-1029,Qualification,,2024-10-02,2024-08-22,Web Form,,2024-10-02,2024-08-22,Qualification,True
OP-03277,Everline Health,noah.taylor@company.com,U-1038,Qualification,4866.23,2025-02-12,2024-10-08,Bulk Import,4866.23,2025-02-12,2024-10-08,Qualification,True
OP-04544,Umbra Defense,owen.smith@outlook.com,U-1008,Prospect,125461.72,2026-11-25,2026-06-09,Web Form,125461.72,2026-11-25,2026-06-09,Prospecting,True
OP-00262,Northgate Auto,liam.moore@gmail.com,U-1004,Closed Won,206263.46,2026-07-31,2026-04-21,Inbound Call,206263.46,2026-07-31,2026-04-21,Closed Won,True
OP-01361,Everline Health,priya.smith@example.org,U-1028,Quote Sent,,2024-12-31,2024-11-22,Web Form,,2024-12-31,2024-11-22,Proposal,True
OP-03333,Acme Industrial,ethan.moore@yahoo.com,U-1003,Qualifcation,"$88,215.15",2024-03-21,2024-02-16,Inbound Call,88215.15,2024-03-21,2024-02-16,Qualification,True
OP-04505,Onyx Pharma,avagarcia@company.com,U-1006,Discovery,14109.20,2026-02-07,2025-10-25,Inbound Call,14109.2,2026-02-07,2025-10-25,Qualification,True
OP-04529,Zephyr Airlines,dev.davis@company.com,U-1014,closed won,155412.50,2026-06-11,2025-11-11,Inbound Call,155412.5,2026-06-11,2025-11-11,Closed Won,True
OP-04492,Acme Industrial,priya.wilson@company.com,U-1030,Prospect,56006.79,2026-01-24,2025-07-21,Trade Show,56006.79,2026-01-24,2025-07-21,Prospecting,True
OP-01882,Keystone Energy,liam.davis@gmail.com,U-1039,qualification,"$180,519",2025-08-17,2025-07-02,Bulk Import,180519.0,2025-08-17,2025-07-02,Qualification,True
OP-00320,Zephyr Airlines,ella.johnson@outlook.com,U-1033,Prospecting,"$85,754",2025-04-16,2025-04-05,Outbound SDR,85754.0,2025-04-16,2025-04-05,Prospecting,True
OP-03180,ForgePoint Systems,kara.wilson@example.org,U-1023,Qualified,70238.06,2026-06-25,2026-02-24,Web Form,70238.06,2026-06-25,2026-02-24,Qualification,True
OP-03020,Granite Ridge Co,chris.lee@yahoo.com,U-1019,Qualified,146208.51,,2025-03-18,Partner Referral,146208.51,,2025-03-18,Qualification,True
OP-00615,,zoe.garcia@example.org,U-1030,PROSPECTING,231915.74,2025-08-31,2025-04-28,Web Form,231915.74,2025-08-31,2025-04-28,Prospecting,True
OP-00121,Copperline Foods,owen.johnson@outlook.com,admin,Proposal,104273.27,2027-03-29,2027-04-29,Outbound SDR,104273.27,2027-03-29,2027-04-29,Proposal,True
OP-00937,Keystone Energy,ella.kim@gmail.com,U-1023,PROSPECTING,81661.95,2024-09-18,2024-07-10,Partner Referral,81661.95,2024-09-18,2024-07-10,Prospecting,True
OP-02538,Acme Industrial,liam.taylor@yahoo.com,U-1031,Discovery,,2025-05-16,2025-05-05,Bulk Import,,2025-05-16,2025-05-05,Qualification,True
OP-03456,Juniper Retail,lena.wilson@yahoo.com,U-1001,Won,36019.70,,2025-11-21,Trade Show,36019.7,,2025-11-21,Closed Won,True
OP-04376,Keystone Energy,lena.nguyen@gmail.com,U-1018,Proposal,147573.10,2026-01-05,2025-07-05,Inbound Call,147573.1,2026-01-05,2025-07-05,Proposal,True
OP-01592,Larkspur Labs,zoe.patel@company.com,U-1005,Proposal Sent,"$18,727",2025-12-26,2025-05-15,Web Form,18727.0,2025-12-26,2025-05-15,Proposal,True
OP-03917,ForgePoint Systems,dev.garcia@gmail.com,U-1035,Proposal,71153.75,2024-03-13,2024-02-24,Partner Referral,71153.75,2024-03-13,2024-02-24,Proposal,True
OP-01778,Quartzline Telecom,aisha.anderson@yahoo.com,U-1027,,"$201,771.59",2026-04-03,2026-01-18,Partner Referral,201771.59,2026-04-03,2026-01-18,,True
OP-01352,Acme Industrial,aisha.moore@gmail.com,U-1003,closed won,99093.10,2024-04-23,2024-03-20,Inbound Call,99093.1,2024-04-23,2024-03-20,Closed Won,True
OP-01606,Silverline SaaS,zoe.lee@yahoo.com,U-1006,PROSPECTING,,2026-08-21,2026-03-27,Web Form,,2026-08-21,2026-03-27,Prospecting,True
OP-02146,Larkspur Labs,sofia.patel@gmail.com,U-1020,qualification,184283.27,2025-11-06,2025-07-31,Trade Show,184283.27,2025-11-06,2025-07-31,Qualification,True
OP-03670,Umbra Defense,chris.lee@example.org,U-1026,Prospect,170953.98,2025-01-04,2024-06-30,Outbound SDR,170953.98,2025-01-04,2024-06-30,Prospecting,True
OP-00723,Northgate Auto,nina.patel@example.org,U-1012,Qualified,37050.21,2025-07-08,2025-01-18,Inbound Call,37050.21,2025-07-08,2025-01-18,Qualification,True
OP-04309,Quartzline Telecom,aisha.miller@gmail.com,U-1003,Qualifcation,89198.40,2024-04-23,2024-03-28,Bulk Import,89198.4,2024-04-23,2024-03-28,Qualification,True
OP-01294,Everline Health,aisha.garcia@outlook.com,U-1008,Lost,107254.89,,2024-01-20,Partner Referral,107254.89,,2024-01-20,Closed Lost,True
OP-04317,Copperline Foods,ava.patel@yahoo.com,U-1001,qualification,58496.76,2025-03-07,2024-09-02,Partner Referral,58496.76,2025-03-07,2024-09-02,Qualification,True
OP-04002,Zephyr Airlines,ava.nguyen@example.org,U-1025,PROSPECTING,210091.22,2027-01-21,2026-06-19,Inbound Call,210091.22,2027-01-21,2026-06-19,Prospecting,True
OP-01142,Northgate Auto,zoe.garcia@outlook.com,U-1037,New Lead,29544.91,2024-08-12,2024-04-18,Trade Show,29544.91,2024-08-12,2024-04-18,Prospecting,True
OP-00192,Northgate Auto,priya.garcia@company.com,U-8888,,249042.45,2026-12-27,2026-06-28,Trade Show,249042.45,2026-12-27,2026-06-28,,True
OP-00055,Copperline Foods,raj.johnson@company.com,admin,Lost,241882.90,2024-12-10,2024-05-24,Web Form,241882.9,2024-12-10,2024-05-24,Closed Lost,True
OP-00300,Granite Ridge Co,owen.garcia@gmail.com,U-1036,Quote Sent,142668.38,2026-10-14,2026-04-13,Outbound SDR,142668.38,2026-10-14,2026-04-13,Proposal,True
OP-03284,Willow Creek Farms,kara.moore@yahoo.com,U-1013,Qualified,"$99,478.32",2025-05-09,2024-09-29,Inbound Call,99478.32,2025-05-09,2024-09-29,Qualification,True
OP-00486,Redwood Outdoors,ava.moore@company.com,U-1022,Discovery,49165.63,2026-01-22,2025-12-15,Inbound Call,49165.63,2026-01-22,2025-12-15,Qualification,True
OP-03869,Umbra Defense,raj.taylor@outlook.com,U-1035,Qualifcation,69490.68,2026-09-29,2026-04-10,Outbound SDR,69490.68,2026-09-29,2026-04-10,Qualification,True
OP-01125,Onyx Pharma,ava.taylor@outlook.com,U-1034,Prospecting,138533.04,2024-12-07,2024-05-31,Web Form,138533.04,2024-12-07,2024-05-31,Prospecting,True
OP-03547,Keystone Energy,maya.lee@gmail.com,U-1028,New Lead,"USD 94,034.26",2025-10-28,2025-06-02,Partner Referral,94034.26,2025-10-28,2025-06-02,Prospecting,True
OP-01335,ForgePoint Systems,,U-1028,Qualifcation,175603.44,2026-08-13,2026-05-11,Bulk Import,175603.44,2026-08-13,2026-05-11,Qualification,
OP-D0149,Willow Creek Farms,ben.moore@company.com,U-1010,Qualifcation,85959.51,2025-08-16,2025-07-15,Trade Show,85959.51,2025-08-16,2025-07-15,Qualification,True
OP-02353,Granite Ridge Co,kara.anderson@outlook.com,U-1000,New Lead,100159.88,2025-02-05,2024-08-14,Outbound SDR,100159.88,2025-02-05,2024-08-14,Prospecting,True
OP-04311,Harborline Bank,aisha.patel@company.com,U-1010,CLOSED WON,68722.64,2024-12-23,2024-11-13,Bulk Import,68722.64,2024-12-23,2024-11-13,Closed Won,True
OP-02539,Harborline Bank,dev.wilson@yahoo.com,U-1005,Closed Won,46478.44,2026-10-26,2026-08-10,Bulk Import,46478.44,2026-10-26,2026-08-10,Closed Won,True
OP-01454,Acme Industrial,ethan.thomas@outlook.com,U-1030,Proposal Sent,27571.68,2024-10-09,2024-07-11,Trade Show,27571.68,2024-10-09,2024-07-11,Proposal,True
OP-00220,Tidewater Marine,marcus.moore@example.org,U-1036,Prospect,113760.20,2024-11-04,2024-03-12,Partner Referral,113760.2,2024-11-04,2024-03-12,Prospecting,True
OP-02583,Yellowpine Lumber,ethan.smith@outlook.com,U-1029,Closed-Lost,"$142,498",2025-10-28,2025-06-21,Inbound Call,142498.0,2025-10-28,2025-06-21,Closed Lost,True
OP-00497,Umbra Defense,ben.miller@yahoo.com,U-1030,Prospect,231524.16,2026-06-11,2026-04-17,Inbound Call,231524.16,2026-06-11,2026-04-17,Prospecting,True
OP-03279,ForgePoint Systems,dev.smith@gmail.com,U-1017,Prospect,18169.81,2025-03-18,2024-09-01,Bulk Import,18169.81,2025-03-18,2024-09-01,Prospecting,True
OP-04379,Harborline Bank,,U-9999,Prospect,181220.57,2024-08-30,2024-05-02,Bulk Import,181220.57,2024-08-30,2024-05-02,Prospecting,
OP-03476,Juniper Retail,dev.wilson@outlook.com,U-1014,CLOSED WON,46290.15,2024-10-04,2024-05-13,Outbound SDR,46290.15,2024-10-04,2024-05-13,Closed Won,True
OP-03368,Everline Health,,U-1014,Qualification,102672.69,2025-04-16,2024-08-25,Trade Show,102672.69,2025-04-16,2024-08-25,Qualification,
OP-02611,Meridian Freight,raj.anderson@example.org,U-1033,Qualified,,2024-08-08,2024-03-29,Inbound Call,,2024-08-08,2024-03-29,Qualification,True
OP-00546,Northgate Auto,ava.thomas@gmail.com,U-1002,PROSPECTING,204404.61,,2024-08-19,Web Form,204404.61,,2024-08-19,Prospecting,True
OP-03689,Copperline Foods,ella.kim@gmail.com,U-1018,,105801.75,2024-10-05,2024-03-06,Inbound Call,105801.75,2024-10-05,2024-03-06,,True
OP-00522,Onyx Pharma,aisha.lee@yahoo.com,U-1002,closed won,"$94,673.41",2025-05-28,2025-01-10,Bulk Import,94673.41,2025-05-28,2025-01-10,Closed Won,True
OP-02692,Silverline SaaS,lena.patel@example.org,U-1002,Closed-Won,118748.25,2026-01-06,2025-05-30,Outbound SDR,118748.25,2026-01-06,2025-05-30,Closed Won,True
OP-04476,Copperline Foods,zoe.nguyen@example.org,U-1008,CLOSED WON,224162.34,,2025-03-09,Partner Referral,224162.34,,2025-03-09,Closed Won,True
OP-00476,Silverline SaaS,ava.brown@example.org,U-1033,Discovery,47852.68,2024-06-09,2024-05-08,Outbound SDR,47852.68,2024-06-09,2024-05-08,Qualification,True
OP-03991,Tidewater Marine,kara.moore@yahoo.com,U-1013,Closed Won,,2026-09-12,2026-03-29,Partner Referral,,2026-09-12,2026-03-29,Closed Won,True
OP-01342,Everline Health,ellataylor@yahoo.com,U-1025,PROSPECTING,"$167,490.14",2024-03-14,2024-02-12,Partner Referral,167490.14,2024-03-14,2024-02-12,Prospecting,True
OP-03261,DeltaWave Media,nina.garcia@company.com,U-1002,Won,"$177,187",2025-05-09,2025-02-05,Trade Show,177187.0,2025-05-09,2025-02-05,Closed Won,True
OP-00720,Silverline SaaS,owen.wilson@company.com,U-1022,Discovery,"$97,918",2026-02-04,2025-10-22,Trade Show,97918.0,2026-02-04,2025-10-22,Qualification,True
OP-00472,Willow Creek Farms,kara.anderson@gmail.com,U-1019,Negotiation,"USD 99,655.57",2026-09-28,2026-08-03,Outbound SDR,99655.57,2026-09-28,2026-08-03,Proposal,True
OP-01594,ForgePoint Systems,ethan.taylor@gmail.com,U-1030,ClosedLost,36550.22,2025-12-15,2025-10-05,Trade Show,36550.22,2025-12-15,2025-10-05,Closed Lost,True
OP-00180,BluePeak Logistics,lena.thomas@yahoo.com,inactive_user,ClosedWon,"60,919.66 $",2025-10-01,2025-02-09,Partner Referral,60919.66,2025-10-01,2025-02-09,Closed Won,True
OP-03061,Juniper Retail,marcus.thomas@company.com,U-1028,Qualifcation,182164.87,2026-09-22,2026-06-13,Bulk Import,182164.87,2026-09-22,2026-06-13,Qualification,True
OP-04320,Meridian Freight,priya.taylor@gmail.com,U-1000,qualification,113858.07,2026-08-17,2026-08-09,Web Form,113858.07,2026-08-17,2026-08-09,Qualification,True
OP-02437,Keystone Energy,liam.nguyen@yahoo.com,U-1005,qualification,"USD 205,408.37",2024-04-25,2024-03-23,Outbound SDR,205408.37,2024-04-25,2024-03-23,Qualification,True
OP-03310,Quartzline Telecom,kara.kim@outlook.com,U-1011,qualification,,2026-01-25,2025-09-07,Partner Referral,,2026-01-25,2025-09-07,Qualification,True
OP-00025,Harborline Bank,aisha.lee@gmail.com,U-1007,Proposal,195048.26,2024-11-21,2024-05-31,Outbound SDR,195048.26,2024-11-21,2024-05-31,Proposal,True
OP-04423,,noah.nguyen@company.com,U-1034,Qualifcation,70974.18,2026-01-02,2025-10-17,Bulk Import,70974.18,2026-01-02,2025-10-17,Qualification,True
OP-02883,Everline Health,ella.miller@gmail.com,U-1036,Negotiation,3720.39,2026-04-03,2025-11-29,Web Form,3720.39,2026-04-03,2025-11-29,Proposal,True
OP-03212,Everline Health,owen.johnson@company.com,U-1002,Discovery,97142.52,2026-01-13,2025-07-03,Trade Show,97142.52,2026-01-13,2025-07-03,Qualification,True
OP-01663,Juniper Retail,raj.smith@yahoo.com,U-1015,Qualifcation,153678.14,2025-05-09,2024-12-27,Trade Show,153678.14,2025-05-09,2024-12-27,Qualification,True
OP-00128,Northgate Auto,sofia.anderson@company.com,U-0000,New Lead,25079.94,2024-04-28,2024-04-15,Outbound SDR,25079.94,2024-04-28,2024-04-15,Prospecting,True
OP-00324,Yellowpine Lumber,chris.nguyen@outlook.com,U-1002,prospecting,160676.77,2025-11-02,2027-01-29,Bulk Import,160676.77,2025-11-02,2027-01-29,Prospecting,True
OP-04521,Everline Health,priya.smith@company.com,U-1008,PROSPECTING,210976.83,2025-03-08,2024-10-25,Web Form,210976.83,2025-03-08,2024-10-25,Prospecting,True
OP-00237,Silverline SaaS,nina.thomas@company.com,U-1016,closed lost,58121.29,2025-03-27,2024-12-22,Inbound Call,58121.29,2025-03-27,2024-12-22,Closed Lost,True
OP-04165,DeltaWave Media,ava.lee@gmail.com,U-1037,Closed-Lost,89430.98,2026-11-02,2026-06-08,Web Form,89430.98,2026-11-02,2026-06-08,Closed Lost,True
OP-03907,BluePeak Logistics,noah.garcia@company.com,U-1030,Discovery,99570.13,2025-02-25,2025-01-08,Inbound Call,99570.13,2025-02-25,2025-01-08,Qualification,True
OP-02306,Larkspur Labs,zoe.moore@example.org,U-0000,Closed-Won,132772.35,2025-10-15,2025-04-08,Partner Referral,132772.35,2025-10-15,2025-04-08,Closed Won,True
OP-01830,Northgate Auto,maya.miller@company.com,U-1036,,202844.27,2026-03-20,2025-10-17,Inbound Call,202844.27,2026-03-20,2025-10-17,,True
OP-01081,Vertex Capital,aisha.kim@company.com,U-1005,PROSPECTING,27147.98,2026-08-14,2026-05-11,Outbound SDR,27147.98,2026-08-14,2026-05-11,Prospecting,True
OP-04052,Keystone Energy,owen.miller@outlook.com,U-1006,Quote Sent,147169.44,2025-04-20,2024-11-02,Inbound Call,147169.44,2025-04-20,2024-11-02,Proposal,True
OP-04194,Everline Health,ella.garcia@yahoo.com,U-1018,Prospecting,202512.03,2026-06-09,2026-01-11,Trade Show,202512.03,2026-06-09,2026-01-11,Prospecting,True
OP-04442,Juniper Retail,ava.nguyen@outlook.com,U-1022,Proposal Sent,91449.91,2025-08-28,2025-02-23,Partner Referral,91449.91,2025-08-28,2025-02-23,Proposal,True
OP-04251,Granite Ridge Co,aisha.anderson@example.org,U-1002,CLOSED WON,196563.38,2025-08-06,2024-12-24,Partner Referral,196563.38,2025-08-06,2024-12-24,Closed Won,True
OP-04394,Zephyr Airlines,marcus.thomas@example.org,U-1032,ClosedWon,133313.64,2026-01-16,2025-12-03,Web Form,133313.64,2026-01-16,2025-12-03,Closed Won,True
OP-01848,DeltaWave Media,owen.patel@outlook.com,U-1000,Won,192340.63,2025-04-22,2025-01-02,Trade Show,192340.63,2025-04-22,2025-01-02,Closed Won,True
OP-00377,Juniper Retail,nina.johnson@gmail.com,U-1020,proposal,"$93,670",2024-12-01,2024-09-25,Trade Show,93670.0,2024-12-01,2024-09-25,Proposal,True
OP-02743,Vertex Capital,marcus.thomas@company.com,U-1022,Lost,118281.60,2026-10-14,2026-02-20,Web Form,118281.6,2026-10-14,2026-02-20,Closed Lost,True
OP-04641,Redwood Outdoors,owen.garcia@company.com,U-1024,Qualified,"$14,799.90",2026-10-23,2026-06-05,Outbound SDR,14799.9,2026-10-23,2026-06-05,Qualification,True
OP-03750,Copperline Foods,ethan.lee@outlook.com,U-1026,Qualifcation,102035.22,2025-03-28,2024-12-24,Inbound Call,102035.22,2025-03-28,2024-12-24,Qualification,True
OP-04414,Everline Health,noah.moore@yahoo.com,U-1035,Quote Sent,108711.98,2024-11-13,2024-03-20,Inbound Call,108711.98,2024-11-13,2024-03-20,Proposal,True
OP-00357,Meridian Freight,maya.wilson@example.org,U-1029,Qualifcation,156247.76,2026-03-10,2025-09-11,Inbound Call,156247.76,2026-03-10,2025-09-11,Qualification,True
OP-04333,Harborline Bank,chris.patel@gmail.com,U-1013,Quote Sent,47613.05,2024-11-02,2024-09-25,Outbound SDR,47613.05,2024-11-02,2024-09-25,Proposal,True
OP-01581,Ironclad Security,ella.moore@example.org,U-1023,Qualification,"181,626.05 $",2025-12-18,2026-11-11,Partner Referral,181626.05,2025-12-18,2026-11-11,Qualification,True
OP-01678,Umbra Defense,tom.garcia@outlook.com,U-1020,Discovery,183587.69,2024-09-01,2024-06-24,Bulk Import,183587.69,2024-09-01,2024-06-24,Qualification,True
OP-02175,Vertex Capital,marcus.nguyen@gmail.com,U-1025,Proposal Sent,123347.12,2025-02-05,2024-09-11,Partner Referral,123347.12,2025-02-05,2024-09-11,Proposal,True
OP-02604,Quartzline Telecom,priya.smith@yahoo.com,U-1037,ClosedLost,16223.74,2025-06-06,2025-04-06,Inbound Call,16223.74,2025-06-06,2025-04-06,Closed Lost,True
OP-01667,Northgate Auto,maya.anderson@example.org,U-1023,Proposal,144816.88,2024-11-16,2024-08-27,Trade Show,144816.88,2024-11-16,2024-08-27,Proposal,True
OP-01692,Zephyr Airlines,ben.nguyen@outlook.com,U-1034,proposal,197219.52,2024-12-04,2024-09-08,Outbound SDR,197219.52,2024-12-04,2024-09-08,Proposal,True
OP-00987,Yellowpine Lumber,raj.anderson@gmail.com,U-1013,PROSPECTING,3996.39,2026-12-27,2026-05-18,Outbound SDR,3996.39,2026-12-27,2026-05-18,Prospecting,True
OP-02097,Larkspur Labs,dev.brown@yahoo.com,U-1011,Closed Lost,"$148,198.77",2025-12-25,2025-08-01,Partner Referral,148198.77,2025-12-25,2025-08-01,Closed Lost,True
OP-04088,Zephyr Airlines,zoe.wilson@outlook.com,U-1024,Won,236966.92,2024-05-29,2024-04-08,Web Form,236966.92,2024-05-29,2024-04-08,Closed Won,True
OP-04464,Redwood Outdoors,kara.garcia@company.com,U-1017,Prospecting,81445.93,2026-05-03,2026-04-05,Bulk Import,81445.93,2026-05-03,2026-04-05,Prospecting,True
OP-04439,Silverline SaaS,priya.nguyen@example.org,U-1004,Prospect,"$187,748",2026-04-09,2025-10-05,Inbound Call,187748.0,2026-04-09,2025-10-05,Prospecting,True
OP-02782,BluePeak Logistics,kara.thomas@example.org,U-1002,Proposal Sent,"$227,030.10",2025-06-24,2025-01-02,Partner Referral,227030.1,2025-06-24,2025-01-02,Proposal,True
OP-02291,Zephyr Airlines,sofia.wilson@example.org,U-1029,closed lost,46862.69,2026-04-29,2026-04-21,Trade Show,46862.69,2026-04-29,2026-04-21,Closed Lost,True
OP-00248,Xenon Robotics,tom.davis@gmail.com,U-0000,prospecting,100467.30,2026-07-04,2025-12-18,Bulk Import,100467.3,2026-07-04,2025-12-18,Prospecting,True
OP-04074,Tidewater Marine,noah.taylor@company.com,U-1037,Negotiation,148091.74,2024-09-24,2024-03-28,Outbound SDR,148091.74,2024-09-24,2024-03-28,Proposal,True
OP-03338,Redwood Outdoors,tom.smith@example.org,U-1028,prospecting,"$145,417.63",,2025-07-24,Outbound SDR,145417.63,,2025-07-24,Prospecting,True
OP-01275,Umbra Defense,noah.kim@company.com,U-1034,Closed-Won,,2026-06-20,2026-03-23,Bulk Import,,2026-06-20,2026-03-23,Closed Won,True
OP-02304,Everline Health,aisha.smith@yahoo.com,U-1002,Qualification,239529.86,2025-06-13,2025-03-13,Outbound SDR,239529.86,2025-06-13,2025-03-13,Qualification,True
OP-04638,ForgePoint Systems,ethan.wilson@gmail.com,U-1028,Discovery,"$225,241.16",2027-01-13,2026-08-16,Trade Show,225241.16,2027-01-13,2026-08-16,Qualification,True
OP-00463,Larkspur Labs,noah.smith@company.com,U-1025,,243875.66,2026-03-01,2025-11-12,Trade Show,243875.66,2026-03-01,2025-11-12,,True
OP-01476,Onyx Pharma,aisha.brown@outlook.com,U-1020,Closed Lost,177027.01,2024-11-08,2024-10-10,Web Form,177027.01,2024-11-08,2024-10-10,Closed Lost,True
OP-01718,Zephyr Airlines,sofia.brown@company.com,U-1005,Discovery,235959.43,2027-01-07,2026-07-02,Bulk Import,235959.43,2027-01-07,2026-07-02,Qualification,True
OP-03832,Meridian Freight,marcus.davis@example.org,U-1012,Quote Sent,79511.20,2026-02-09,2025-09-05,Trade Show,79511.2,2026-02-09,2025-09-05,Proposal,True
OP-00690,ForgePoint Systems,noah.johnson@example.org,U-1023,Quote Sent,190097.96,2026-12-21,2026-06-16,Inbound Call,190097.96,2026-12-21,2026-06-16,Proposal,True
OP-04242,Zephyr Airlines,priya.nguyen@yahoo.com,U-1027,closed won,9226.28,,2024-04-02,Bulk Import,9226.28,,2024-04-02,Closed Won,True
OP-04328,Quartzline Telecom,maya.lee@company.com,U-1035,CLOSED WON,81910.51,,2024-12-12,Web Form,81910.51,,2024-12-12,Closed Won,True
OP-02019,BluePeak Logistics,ella.moore@company.com,U-1009,Proposal,174965.01,2026-08-18,2025-12-25,Inbound Call,174965.01,2026-08-18,2025-12-25,Proposal,True
OP-03214,Keystone Energy,tom.moore@example.org,U-1039,Qualification,84878.27,2024-09-01,2024-08-05,Outbound SDR,84878.27,2024-09-01,2024-08-05,Qualification,True
OP-02064,Harborline Bank,raj.nguyen@outlook.com,U-1035,Prospect,12358.14,2025-12-14,2025-09-05,Outbound SDR,12358.14,2025-12-14,2025-09-05,Prospecting,True
OP-01943,Acme Industrial,ella.brown@example.org,U-1035,,"$77,255.17",2024-06-19,2024-02-21,Inbound Call,77255.17,2024-06-19,2024-02-21,,True
OP-04534,Everline Health,sofia.kim@company.com,U-1026,New Lead,133679.23,2026-01-09,2025-07-20,Outbound SDR,133679.23,2026-01-09,2025-07-20,Prospecting,True
OP-01491,Umbra Defense,lena.brown@example.org,U-1028,Qualification,76544.59,2026-09-02,2026-03-16,Trade Show,76544.59,2026-09-02,2026-03-16,Qualification,True
OP-01996,Quartzline Telecom,owen.moore@yahoo.com,U-1029,Prospect,"$239,878",2025-08-29,2025-05-03,Trade Show,239878.0,2025-08-29,2025-05-03,Prospecting,True
OP-00878,ForgePoint Systems,priya.patel@example.org,U-1026,Won,134988.51,2025-11-15,2025-10-16,Inbound Call,134988.51,2025-11-15,2025-10-16,Closed Won,True
OP-02201,Silverline SaaS,ava.anderson@example.org,U-1035,closed lost,58103.80,2024-11-11,2024-05-19,Outbound SDR,58103.8,2024-11-11,2024-05-19,Closed Lost,True
OP-01649,Umbra Defense,ethan.patel@yahoo.com,U-1022,Closed Lost,135150.14,2026-07-20,2027-01-04,Outbound SDR,135150.14,2026-07-20,2027-01-04,Closed Lost,True
OP-03910,Yellowpine Lumber,maya.davis@company.com,U-1004,Proposal Sent,"$151,971.04",2026-04-01,2025-10-08,Trade Show,151971.04,2026-04-01,2025-10-08,Proposal,True
OP-00289,,not-an-email,U-1039,Proposal Sent,"$244,855.90",2025-02-21,2024-07-03,Outbound SDR,244855.9,2025-02-21,2024-07-03,Proposal,False
OP-04022,Copperline Foods,owen.davis@company.com,U-1039,,"119,876.14 $",2025-11-03,2025-08-11,Web Form,119876.14,2025-11-03,2025-08-11,,True
OP-00983,Silverline SaaS,liam.smith@company.com,U-1039,,"$167,273.91",2026-03-01,2025-11-21,Inbound Call,167273.91,2026-03-01,2025-11-21,,True
OP-03035,Meridian Freight,ethanmiller@company.com,U-1015,proposal,230617.92,2025-06-17,2025-02-19,Trade Show,230617.92,2025-06-17,2025-02-19,Proposal,True
OP-00783,Northgate Auto,lena.johnson@gmail.com,U-1019,qualification,"$223,188",2024-10-21,2024-08-14,Outbound SDR,223188.0,2024-10-21,2024-08-14,Qualification,True
OP-00402,Harborline Bank,liam.anderson@yahoo.com,U-1032,Qualified,"$246,764.77",2026-11-23,2026-05-02,Partner Referral,246764.77,2026-11-23,2026-05-02,Qualification,True
OP-02619,ForgePoint Systems,kara.brown@company.com,U-1000,closed won,219929.03,2026-05-25,2026-03-04,Trade Show,219929.03,2026-05-25,2026-03-04,Closed Won,True
OP-01446,Granite Ridge Co,owen.lee@company.com,U-1035,Qualifcation,219788.05,2025-10-16,2025-04-01,Outbound SDR,219788.05,2025-10-16,2025-04-01,Qualification,True
OP-02478,Keystone Energy,ava.anderson@yahoo.com,U-1004,Prospect,,2024-12-24,2024-06-15,Inbound Call,,2024-12-24,2024-06-15,Prospecting,True
OP-03348,Acme Industrial,ella.anderson@yahoo.com,U-1037,Proposal,216136.67,2025-10-10,2025-04-19,Web Form,216136.67,2025-10-10,2025-04-19,Proposal,True
OP-02251,Copperline Foods,ben.garcia@company.com,U-1035,Proposal Sent,89822.00,2025-12-16,2025-08-04,Outbound SDR,89822.0,2025-12-16,2025-08-04,Proposal,True
OP-01309,Acme Industrial,ava.smith@yahoo.com,U-1010,Negotiation,166403.36,2025-03-20,2024-10-16,Web Form,166403.36,2025-03-20,2024-10-16,Proposal,True
OP-00719,,ava.miller,U-1036,,171710.52,2025-01-30,2025-01-14,Web Form,171710.52,2025-01-30,2025-01-14,,False
OP-00506,Redwood Outdoors,ben.patel@gmail.com,U-1026,Proposal,7259.56,,2025-12-09,Inbound Call,7259.56,,2025-12-09,Proposal,True
OP-03765,Ironclad Security,zoe.brown@example.org,U-1007,PROSPECTING,"$130,871",2025-09-22,2025-07-23,Outbound SDR,130871.0,2025-09-22,2025-07-23,Prospecting,True
OP-00364,Keystone Energy,ben.garcia@gmail.com,U-1033,Discovery,129811.57,2024-11-13,2024-07-23,Inbound Call,129811.57,2024-11-13,2024-07-23,Qualification,True
OP-02234,Copperline Foods,tom.taylor@outlook.com,U-1022,Qualified,146321.60,2025-09-27,2025-08-23,Web Form,146321.6,2025-09-27,2025-08-23,Qualification,True
OP-01876,BluePeak Logistics,nina.miller@example.org,U-1032,ClosedLost,245687.83,2025-04-23,2024-09-24,Bulk Import,245687.83,2025-04-23,2024-09-24,Closed Lost,True
OP-00002,Silverline SaaS,zoe.nguyen@yahoo.com,U-1024,Closed-Won,"175,138.57 $",2025-05-13,2024-10-11,Web Form,175138.57,2025-05-13,2024-10-11,Closed Won,True
OP-03511,Tidewater Marine,sofia.nguyen@example.org,U-1035,Qualified,"$168,093.52",2024-11-14,2024-07-02,Bulk Import,168093.52,2024-11-14,2024-07-02,Qualification,True
OP-01110,Redwood Outdoors,liam.johnson@company.com,U-1021,Prospect,,2025-09-03,2025-08-20,Bulk Import,,2025-09-03,2025-08-20,Prospecting,True
OP-01070,Vertex Capital,marcus.brown@yahoo.com,U-1032,Qualifcation,172024.81,2026-04-10,2025-11-27,Inbound Call,172024.81,2026-04-10,2025-11-27,Qualification,True
OP-01122,Xenon Robotics,ben.brown@company.com,U-1024,Qualification,,,2024-12-10,Inbound Call,,,2024-12-10,Qualification,True
OP-04285,Northgate Auto,chris.kim@gmail.com,U-1000,Qualification,245659.79,2024-09-04,2024-04-17,Web Form,245659.79,2024-09-04,2024-04-17,Qualification,True
OP-00991,Acme Industrial,lena.lee@company.com,U-1038,PROSPECTING,89723.33,,2026-06-24,Inbound Call,89723.33,,2026-06-24,Prospecting,True
OP-01354,BluePeak Logistics,sofia.brown@yahoo.com,U-1031,Proposal,,2024-08-06,2024-07-20,Outbound SDR,,2024-08-06,2024-07-20,Proposal,True
OP-00728,ForgePoint Systems,sofia.johnson@yahoo.com,U-1008,Prospect,236757.81,2025-11-24,2025-04-03,Bulk Import,236757.81,2025-11-24,2025-04-03,Prospecting,True
OP-02370,Pinnacle Travel,chris.miller@gmail.com,U-1015,closed won,234179.28,2025-06-24,2024-10-27,Bulk Import,234179.28,2025-06-24,2024-10-27,Closed Won,True
OP-04015,Redwood Outdoors,maya.moore@yahoo.com,U-1023,Discovery,31646.07,2024-06-06,2024-03-11,Web Form,31646.07,2024-06-06,2024-03-11,Qualification,True
OP-00532,Larkspur Labs,chris.wilson@outlook.com,U-0000,Qualifcation,220142.58,,2026-03-11,Web Form,220142.58,,2026-03-11,Qualification,True
OP-01080,Yellowpine Lumber,ethan.brown@yahoo.com,U-1034,Closed-Lost,"$159,060",2025-07-04,2025-04-28,Trade Show,159060.0,2025-07-04,2025-04-28,Closed Lost,True
OP-00390,,nina.garcia@company.com,U-1007,Negotiation,49346.78,2025-10-30,2025-03-22,Inbound Call,49346.78,2025-10-30,2025-03-22,Proposal,True
OP-03939,Meridian Freight,ben.nguyen@gmail.com,U-1010,prospecting,145252.95,2026-10-03,2026-07-06,Trade Show,145252.95,2026-10-03,2026-07-06,Prospecting,True
OP-02359,Everline Health,ava.anderson@outlook.com,U-1021,Discovery,244811.74,2026-07-05,2026-06-28,Inbound Call,244811.74,2026-07-05,2026-06-28,Qualification,True
OP-00670,Yellowpine Lumber,nina.miller@outlook.com,U-1027,New Lead,"$211,882",2024-09-15,2024-04-25,Partner Referral,211882.0,2024-09-15,2024-04-25,Prospecting,True
OP-04589,ForgePoint Systems,sofia.brown@company.com,U-1005,Prospecting,88895.87,2025-08-08,2025-03-13,Bulk Import,88895.87,2025-08-08,2025-03-13,Prospecting,True
OP-03097,Juniper Retail,,U-1026,qualification,224054.24,2025-08-25,2025-06-26,Partner Referral,224054.24,2025-08-25,2025-06-26,Qualification,
OP-04168,Copperline Foods,nina.patel@company.com,U-1010,closed won,221966.95,2025-08-16,2025-02-07,Inbound Call,221966.95,2025-08-16,2025-02-07,Closed Won,True
OP-02940,Ironclad Security,kara.garcia@gmail.com,U-1035,prospecting,208995.93,2026-08-04,2026-07-26,Trade Show,208995.93,2026-08-04,2026-07-26,Prospecting,True
OP-02172,,priya.smith@example.org,U-1029,Prospecting,111746.12,2026-09-30,2026-08-13,Web Form,111746.12,2026-09-30,2026-08-13,Prospecting,True
OP-02980,Vertex Capital,zoe.anderson@gmail.com,U-1033,Qualified,"$29,259",2025-01-06,2024-08-14,Bulk Import,29259.0,2025-01-06,2024-08-14,Qualification,True
OP-01635,Tidewater Marine,sofia.wilson@outlook.com,U-1027,Qualified,"$169,260.85",2026-08-28,2026-03-20,Partner Referral,169260.85,2026-08-28,2026-03-20,Qualification,True
OP-00934,Tidewater Marine,ava.garcia@example.org,U-1024,Discovery,79473.63,2025-03-28,2025-03-15,Inbound Call,79473.63,2025-03-28,2025-03-15,Qualification,True
OP-01937,Zephyr Airlines,maya.kim@yahoo.com,U-1012,Discovery,72691.33,2026-08-14,2026-02-17,Partner Referral,72691.33,2026-08-14,2026-02-17,Qualification,True
OP-01865,Xenon Robotics,zoe.wilson@outlook.com,U-1038,Qualification,180746.41,2025-09-11,2025-04-11,Partner Referral,180746.41,2025-09-11,2025-04-11,Qualification,True
OP-04625,Xenon Robotics,ava.miller@example.org,U-1008,Qualified,148940.87,2027-01-09,2026-08-07,Web Form,148940.87,2027-01-09,2026-08-07,Qualification,True
OP-01550,Copperline Foods,liam.moore@example.org,U-1002,Quote Sent,"$7,946.71",2025-01-03,2024-11-09,Web Form,7946.71,2025-01-03,2024-11-09,Proposal,True
OP-04144,Willow Creek Farms,chris.thomas@company.com,U-1007,Prospecting,,2025-02-05,2024-10-11,Trade Show,,2025-02-05,2024-10-11,Prospecting,True
OP-03132,Larkspur Labs,aisha.miller@outlook.com,U-1001,Won,"$170,565",2024-05-12,2024-03-24,Bulk Import,170565.0,2024-05-12,2024-03-24,Closed Won,True
OP-02545,Yellowpine Lumber,ava.taylor@outlook.com,U-1010,qualification,114022.57,2024-07-22,2024-05-04,Outbound SDR,114022.57,2024-07-22,2024-05-04,Qualification,True
OP-04181,Harborline Bank,dev.smith@example.org,U-1018,prospecting,,2025-06-13,2025-03-30,Inbound Call,,2025-06-13,2025-03-30,Prospecting,True
OP-02552,Pinnacle Travel,marcus.smith@outlook.com,U-1036,New Lead,"$181,179",2026-06-12,2026-05-15,Trade Show,181179.0,2026-06-12,2026-05-15,Prospecting,True
OP-00818,Vertex Capital,raj.nguyen@gmail.com,U-1012,Won,,2027-04-11,2026-08-14,Web Form,,2027-04-11,2026-08-14,Closed Won,True
OP-00004,Willow Creek Farms,owen.garcia@company.com,U-1035,Negotiation,159474.62,2027-02-14,2026-08-17,Inbound Call,159474.62,2027-02-14,2026-08-17,Proposal,True
OP-03293,Onyx Pharma,tom.nguyen@company.com,U-1005,PROSPECTING,192262.56,2024-06-27,2024-02-15,Partner Referral,192262.56,2024-06-27,2024-02-15,Prospecting,True
OP-04691,BluePeak Logistics,liam.taylor@example.org,U-1019,Qualifcation,"$111,445",2025-09-21,2025-03-28,Trade Show,111445.0,2025-09-21,2025-03-28,Qualification,True
OP-00125,Silverline SaaS,kara.nguyen@example.org,U-1024,CLOSED WON,232360.99,2024-12-12,2024-05-27,Trade Show,232360.99,2024-12-12,2024-05-27,Closed Won,True
OP-D0276,,marcus.lee@gmail.com,U-1012,New Lead,"$30,874.08",,2024-09-24,Outbound SDR,30874.08,,2024-09-24,Prospecting,True
OP-02374,Ironclad Security,maya.davis@yahoo.com,U-1004,prospecting,"$134,459.97",2026-07-11,2026-01-16,Inbound Call,134459.97,2026-07-11,2026-01-16,Prospecting,True
OP-03677,Juniper Retail,dev.smith@yahoo.com,U-1020,Discovery,7304.94,2026-05-15,2026-01-18,Inbound Call,7304.94,2026-05-15,2026-01-18,Qualification,True
OP-04236,ForgePoint Systems,liam.thomas@company.com,U-1003,Discovery,"USD 66,104.81",2025-09-08,2025-08-16,Web Form,66104.81,2025-09-08,2025-08-16,Qualification,True
OP-00379,Pinnacle Travel,chris.garcia@yahoo.com,U-1002,Closed-Won,24232.70,2026-11-11,2026-08-10,Inbound Call,24232.7,2026-11-11,2026-08-10,Closed Won,True
OP-00810,Granite Ridge Co,aisha.miller@example.org,U-1012,,69814.62,2024-09-17,2024-08-04,Outbound SDR,69814.62,2024-09-17,2024-08-04,,True
OP-01170,Tidewater Marine,sofia.miller@gmail.com,U-1011,Qualification,"$142,456.59",2026-10-18,2026-03-04,Outbound SDR,142456.59,2026-10-18,2026-03-04,Qualification,True
OP-02523,BluePeak Logistics,,U-1008,closed won,79284.09,2025-04-05,2024-12-25,Partner Referral,79284.09,2025-04-05,2024-12-25,Closed Won,
OP-00264,Larkspur Labs,chris.anderson@yahoo.com,U-1036,Proposal Sent,211523.80,2026-10-08,2026-07-13,Bulk Import,211523.8,2026-10-08,2026-07-13,Proposal,True
OP-03280,Onyx Pharma,marcus.anderson@company.com,U-1037,Prospect,"$179,268",2024-10-09,2024-05-02,Web Form,179268.0,2024-10-09,2024-05-02,Prospecting,True
OP-00356,Larkspur Labs,zoe.taylor@company.com,U-1016,Quote Sent,"$246,906",2025-10-26,2025-05-02,Outbound SDR,246906.0,2025-10-26,2025-05-02,Proposal,True
OP-01565,BluePeak Logistics,lena.taylor@gmail.com,U-1015,Qualified,,2026-01-28,2025-12-13,Trade Show,,2026-01-28,2025-12-13,Qualification,True
OP-04563,Vertex Capital,ethan.anderson@company.com,U-1039,CLOSED WON,227366.81,2026-05-15,2025-10-15,Partner Referral,227366.81,2026-05-15,2025-10-15,Closed Won,True
OP-01215,Silverline SaaS,ella.davis@outlook.com,U-1005,Closed Won,"$162,961",2027-03-26,2026-08-20,Outbound SDR,162961.0,2027-03-26,2026-08-20,Closed Won,True
OP-02225,Zephyr Airlines,tom.brown@yahoo.com,U-1030,Quote Sent,,2025-10-10,2025-05-30,Inbound Call,,2025-10-10,2025-05-30,Proposal,True
OP-03950,Juniper Retail,raj.miller@outlook.com,U-1037,ClosedLost,145198.85,2025-09-01,2025-04-12,Outbound SDR,145198.85,2025-09-01,2025-04-12,Closed Lost,True
OP-D0279,Umbra Defense,ella.kim@company.com,U-1029,,126815.20,2025-06-02,2025-03-30,Trade Show,126815.2,2025-06-02,2025-03-30,,True
OP-02938,Vertex Capital,ava.nguyen@yahoo.com,U-1003,CLOSED WON,114075.64,2025-05-29,2025-04-30,Outbound SDR,114075.64,2025-05-29,2025-04-30,Closed Won,True
OP-02388,Harborline Bank,tom.patel@gmail.com,U-1037,Negotiation,14210.77,2025-07-20,2025-02-21,Bulk Import,14210.77,2025-07-20,2025-02-21,Proposal,True
OP-01744,Everline Health,zoe.nguyen@company.com,U-1009,closed won,"$126,562.62",2025-05-03,2025-03-03,Partner Referral,126562.62,2025-05-03,2025-03-03,Closed Won,True
OP-01204,Ironclad Security,lena.kim@example.org,U-1031,New Lead,,2024-12-28,2024-10-14,Web Form,,2024-12-28,2024-10-14,Prospecting,True
OP-03774,Onyx Pharma,ava.anderson@yahoo.com,U-1014,Quote Sent,"41,791.87 $",2025-10-13,2025-07-13,Outbound SDR,41791.87,2025-10-13,2025-07-13,Proposal,True
OP-03445,Northgate Auto,sofia.smith@yahoo.com,U-1024,prospecting,37847.77,2026-07-29,2025-12-08,Outbound SDR,37847.77,2026-07-29,2025-12-08,Prospecting,True
OP-00313,Quartzline Telecom,ava.andersongmail.com,U-1033,proposal,79690.92,2025-06-09,2024-12-11,Web Form,79690.92,2025-06-09,2024-12-11,Proposal,False
OP-00022,Vertex Capital,noah.moore@yahoo.com,U-1026,Qualifcation,156542.54,2024-10-28,2024-07-20,Partner Referral,156542.54,2024-10-28,2024-07-20,Qualification,True
OP-01041,Copperline Foods,liam.garcia@outlook.com,U-1023,Prospecting,"USD 76,920.32",2025-07-04,2025-04-21,Web Form,76920.32,2025-07-04,2025-04-21,Prospecting,True
OP-04587,Umbra Defense,marcus.davis,U-1005,ClosedLost,49062.33,2024-03-29,2024-02-10,Web Form,49062.33,2024-03-29,2024-02-10,Closed Lost,False
OP-01254,Zephyr Airlines,maya.brown@company.com,U-1006,Closed Won,144334.66,2024-05-21,2024-05-02,Outbound SDR,144334.66,2024-05-21,2024-05-02,Closed Won,True
OP-03360,Vertex Capital,ethan.patel@outlook.com,U-1024,Prospecting,242623.88,2024-06-03,2024-04-19,Outbound SDR,242623.88,2024-06-03,2024-04-19,Prospecting,True
OP-01679,DeltaWave Media,priya.thomas@yahoo.com,U-1010,Won,238794.21,2025-01-16,2024-08-04,Inbound Call,238794.21,2025-01-16,2024-08-04,Closed Won,True
OP-02159,Everline Health,dev.brown@yahoo.com,U-1019,,202377.65,2024-07-01,2024-01-22,Inbound Call,202377.65,2024-07-01,2024-01-22,,True
OP-00136,Zephyr Airlines,chris.lee@outlook.com,U-1011,,138873.75,2024-12-30,2024-06-17,Inbound Call,138873.75,2024-12-30,2024-06-17,,True
OP-02881,Pinnacle Travel,owen.nguyen@@example.org,U-1013,Prospecting,173353.11,2025-10-17,2025-07-07,Web Form,173353.11,2025-10-17,2025-07-07,Prospecting,False
OP-04135,Umbra Defense,ava.anderson@company.com,U-1026,prospecting,"$38,321.70",,2024-10-23,Outbound SDR,38321.7,,2024-10-23,Prospecting,True
OP-03906,Pinnacle Travel,ethan.garcia@outlook.com,U-1029,proposal,"$195,641",2027-01-31,2026-06-24,Trade Show,195641.0,2027-01-31,2026-06-24,Proposal,True
OP-01433,Meridian Freight,lena.nguyen,U-1036,ClosedLost,83782.82,2027-02-05,2026-08-24,Partner Referral,83782.82,2027-02-05,2026-08-24,Closed Lost,False
OP-03963,Harborline Bank,priya.garcia@example.org,U-1031,,244321.80,2024-09-29,2024-05-02,Web Form,244321.8,2024-09-29,2024-05-02,,True
OP-01084,Umbra Defense,aisha.davis@outlook.com,U-1035,Lost,234212.09,2025-11-24,2025-06-17,Web Form,234212.09,2025-11-24,2025-06-17,Closed Lost,True
OP-03941,Quartzline Telecom,nina.wilson@yahoo.com,U-1015,Prospecting,200505.73,2025-01-29,2024-11-26,Bulk Import,200505.73,2025-01-29,2024-11-26,Prospecting,True
OP-01842,Meridian Freight,maya.davis@yahoo.com,U-1012,Discovery,85683.87,2024-06-22,2024-03-09,Inbound Call,85683.87,2024-06-22,2024-03-09,Qualification,True
OP-03052,Umbra Defense,raj.miller@example.org,U-1008,Proposal,193246.47,2027-01-22,2026-05-28,Trade Show,193246.47,2027-01-22,2026-05-28,Proposal,True
OP-03322,Larkspur Labs,sofia.moore@yahoo.com,U-1018,New Lead,83512.10,2024-05-08,2024-04-13,Partner Referral,83512.1,2024-05-08,2024-04-13,Prospecting,True
OP-02616,Tidewater Marine,ava.miller@example.org,U-1001,Quote Sent,230201.77,2025-07-01,2025-05-29,Bulk Import,230201.77,2025-07-01,2025-05-29,Proposal,True
OP-02014,Vertex Capital,zoe.anderson@company.com,U-1021,proposal,178202.47,2026-03-05,2026-01-30,Outbound SDR,178202.47,2026-03-05,2026-01-30,Proposal,True
OP-03523,Quartzline Telecom,aisha.davis@yahoo.com,U-1037,proposal,31679.97,2024-05-19,2024-04-22,Web Form,31679.97,2024-05-19,2024-04-22,Proposal,True
OP-00840,Tidewater Marine,ava.nguyen@company.com,U-1034,Qualifcation,66536.71,2026-12-02,2026-05-06,Outbound SDR,66536.71,2026-12-02,2026-05-06,Qualification,True
OP-01512,Harborline Bank,ella.davis@yahoo.com,U-1035,Negotiation,"$81,548.52",2026-08-06,2026-02-18,Outbound SDR,81548.52,2026-08-06,2026-02-18,Proposal,True
OP-00679,Copperline Foods,zoe.anderson@example.org,U-1000,Qualified,214322.83,2024-08-31,2024-04-25,Partner Referral,214322.83,2024-08-31,2024-04-25,Qualification,True
OP-04370,Acme Industrial,raj.smith@yahoo.com,U-1030,Prospecting,146796.68,2026-12-06,2026-08-05,Bulk Import,146796.68,2026-12-06,2026-08-05,Prospecting,True
OP-00058,DeltaWave Media,noah.anderson@company.com,U-1013,Qualifcation,17016.42,2026-03-14,2025-12-03,Trade Show,17016.42,2026-03-14,2025-12-03,Qualification,True
OP-02786,Tidewater Marine,dev.lee@yahoo.com,U-1018,Qualified,"$187,414.58",2024-04-25,2024-01-30,Partner Referral,187414.58,2024-04-25,2024-01-30,Qualification,True
OP-04201,DeltaWave Media,ethan.kim@yahoo.com,U-1034,Qualification,"$122,178",2025-03-16,2025-03-09,Outbound SDR,122178.0,2025-03-16,2025-03-09,Qualification,True
OP-02898,Granite Ridge Co,lena.wilson@gmail.com,U-1035,Prospect,121174.66,2025-01-03,2024-11-30,Outbound SDR,121174.66,2025-01-03,2024-11-30,Prospecting,True
OP-01012,ForgePoint Systems,sofia.thomas@outlook.com,U-1028,Closed Lost,173492.24,2026-11-28,2026-06-09,Outbound SDR,173492.24,2026-11-28,2026-06-09,Closed Lost,True
OP-01812,Onyx Pharma,nina.patel@outlook.com,U-1011,PROSPECTING,"$62,965.62",2025-04-09,2024-09-01,Outbound SDR,62965.62,2025-04-09,2024-09-01,Prospecting,True
OP-01844,ForgePoint Systems,marcus.garcia@example.org,U-1038,Closed Won,161495.01,2024-07-21,2024-06-23,Partner Referral,161495.01,2024-07-21,2024-06-23,Closed Won,True
OP-00512,Redwood Outdoors,zoe.johnson@outlook.com,U-1001,qualification,207299.81,2027-04-08,2026-08-11,Trade Show,207299.81,2027-04-08,2026-08-11,Qualification,True
OP-02855,Willow Creek Farms,ethan.davis@company.com,U-1025,,129827.89,2024-09-18,2024-06-02,Web Form,129827.89,2024-09-18,2024-06-02,,True
OP-01386,Pinnacle Travel,ethan.taylor@company.com,U-1039,Discovery,225470.85,2025-05-29,2025-01-08,Bulk Import,225470.85,2025-05-29,2025-01-08,Qualification,True
OP-03292,Copperline Foods,raj.garcia@gmail.com,U-1032,Prospecting,28935.52,2025-11-18,2025-08-30,Web Form,28935.52,2025-11-18,2025-08-30,Prospecting,True
OP-02906,Harborline Bank,kara.davis@gmail.com,U-1024,Proposal Sent,156672.55,2025-06-15,2025-03-01,Bulk Import,156672.55,2025-06-15,2025-03-01,Proposal,True
OP-02263,BluePeak Logistics,owen.anderson@example.org,U-1001,Qualifcation,135898.38,2025-10-25,2025-10-17,Web Form,135898.38,2025-10-25,2025-10-17,Qualification,True
OP-04160,Acme Industrial,,U-1018,Proposal,"USD 213,903.85",2025-08-30,2025-07-01,Outbound SDR,213903.85,2025-08-30,2025-07-01,Proposal,
OP-01970,Keystone Energy,ben.brown@outlook.com,U-1012,Qualified,44489.16,2025-02-15,2024-06-30,Partner Referral,44489.16,2025-02-15,2024-06-30,Qualification,True
OP-01773,Umbra Defense,sofia.johnson@company.com,U-1033,New Lead,29323.40,2025-09-10,2025-05-15,Partner Referral,29323.4,2025-09-10,2025-05-15,Prospecting,True
OP-03218,Onyx Pharma,ava.garcia@example.org,U-1012,New Lead,"$219,980.34",2025-07-20,2025-05-25,Outbound SDR,219980.34,2025-07-20,2025-05-25,Prospecting,True
OP-02551,Pinnacle Travel,ben.lee@outlook.com,U-1034,Qualified,27692.70,2024-09-11,2024-06-18,Web Form,27692.7,2024-09-11,2024-06-18,Qualification,True
OP-03545,Tidewater Marine,ethan.patel@company.com,U-1039,PROSPECTING,219221.09,,2024-03-07,Trade Show,219221.09,,2024-03-07,Prospecting,True
OP-02908,Acme Industrial,zoe.thomas@company.com,U-1021,qualification,243464.55,2025-11-01,2025-08-10,Bulk Import,243464.55,2025-11-01,2025-08-10,Qualification,True
OP-02351,Willow Creek Farms,ethan.smith@yahoo.com,U-1036,Qualified,124842.12,,2024-08-29,Bulk Import,124842.12,,2024-08-29,Qualification,True
OP-01898,Silverline SaaS,,U-1029,prospecting,"54,006.84 $",2025-09-19,2025-02-27,Partner Referral,54006.84,2025-09-19,2025-02-27,Prospecting,
OP-01415,Umbra Defense,aisha.wilson@yahoo.com,U-1030,closed won,"$169,932.01",2024-10-05,2024-02-24,Partner Referral,169932.01,2024-10-05,2024-02-24,Closed Won,True
OP-01258,Granite Ridge Co,liam.davis@example.org,U-1014,qualification,13215.10,2025-11-26,2025-06-08,Web Form,13215.1,2025-11-26,2025-06-08,Qualification,True
OP-03899,Xenon Robotics,ella.nguyen@company.com,U-1033,Negotiation,74099.30,2025-07-31,2025-04-10,Partner Referral,74099.3,2025-07-31,2025-04-10,Proposal,True
OP-04097,Keystone Energy,maya.miller@company.com,U-1025,proposal,"USD 38,277.80",2026-05-14,2025-12-11,Partner Referral,38277.8,2026-05-14,2025-12-11,Proposal,True
OP-02540,Everline Health,liam.anderson@outlook.com,U-1003,PROSPECTING,57148.64,2026-09-27,2026-06-23,Trade Show,57148.64,2026-09-27,2026-06-23,Prospecting,True
OP-03872,Northgate Auto,noah.nguyen@company.com,admin,Lost,121053.12,2026-11-17,2026-05-19,Partner Referral,121053.12,2026-11-17,2026-05-19,Closed Lost,True
OP-04453,Granite Ridge Co,nina.garcia@gmail.com,U-1001,CLOSED WON,"96,776.57 $",2026-08-04,2025-12-28,Inbound Call,96776.57,2026-08-04,2025-12-28,Closed Won,True
OP-01801,Tidewater Marine,sofia.taylor@company.com,U-1009,Proposal Sent,,2025-03-08,2024-08-10,Inbound Call,,2025-03-08,2024-08-10,Proposal,True
OP-02373,Silverline SaaS,chris.smith@yahoo.com,U-1005,Discovery,23290.70,2026-07-23,2026-03-09,Bulk Import,23290.7,2026-07-23,2026-03-09,Qualification,True
OP-04234,Xenon Robotics,aisha.lee@company.com,U-1038,Qualified,"$98,430",2025-03-20,2025-01-18,Inbound Call,98430.0,2025-03-20,2025-01-18,Qualification,True
OP-D0266,Willow Creek Farms,zoe.davis@example.org,U-1037,PROSPECTING,145406.82,2025-03-19,2025-01-21,Web Form,145406.82,2025-03-19,2025-01-21,Prospecting,True
OP-02965,Willow Creek Farms,ethan.nguyen@outlook.com,U-1016,Quote Sent,219780.98,2026-12-23,2026-07-01,Inbound Call,219780.98,2026-12-23,2026-07-01,Proposal,True
OP-00950,Redwood Outdoors,lena.smith@gmail.com,U-1027,PROSPECTING,"USD 219,905.19",2026-06-29,2025-12-12,Partner Referral,219905.19,2026-06-29,2025-12-12,Prospecting,True
OP-00712,BluePeak Logistics,maya.moore@outlook.com,U-1036,prospecting,,2026-09-20,2026-07-21,Trade Show,,2026-09-20,2026-07-21,Prospecting,True
OP-02969,Northgate Auto,nina.johnson@yahoo.com,U-1018,PROSPECTING,"$50,406.97",2026-10-09,2026-08-19,Bulk Import,50406.97,2026-10-09,2026-08-19,Prospecting,True
OP-00024,Keystone Energy,priya.garcia@gmail.com,U-1030,Closed-Lost,168853.33,2024-11-07,2024-04-05,Bulk Import,168853.33,2024-11-07,2024-04-05,Closed Lost,True
OP-00035,Xenon Robotics,tom.lee@gmail.com,U-1014,proposal,173271.12,2025-07-02,2025-02-20,Outbound SDR,173271.12,2025-07-02,2025-02-20,Proposal,True
OP-00957,Pinnacle Travel,zoe.patel@company.com,U-1005,Prospect,"$27,954.22",2026-02-17,2025-08-15,Trade Show,27954.22,2026-02-17,2025-08-15,Prospecting,True
OP-00823,Copperline Foods,kara.smith@gmail.com,U-1002,Qualification,35949.13,2026-02-04,2025-11-04,Outbound SDR,35949.13,2026-02-04,2025-11-04,Qualification,True
OP-03515,Everline Health,zoe.anderson@example.org,U-1002,PROSPECTING,56286.58,2025-04-16,2024-12-27,Outbound SDR,56286.58,2025-04-16,2024-12-27,Prospecting,True
OP-03655,Zephyr Airlines,ella.johnson@example.org,U-1029,Prospecting,119763.37,2024-11-11,2024-04-16,Web Form,119763.37,2024-11-11,2024-04-16,Prospecting,True
OP-04463,Meridian Freight,marcus.brown@gmail.com,U-1034,Prospecting,154845.89,2026-08-24,2026-06-13,Outbound SDR,154845.89,2026-08-24,2026-06-13,Prospecting,True
OP-02699,Willow Creek Farms,lena.taylor@yahoo.com,U-1021,PROSPECTING,161716.00,2025-08-22,2025-05-08,Inbound Call,161716.0,2025-08-22,2025-05-08,Prospecting,True
OP-03884,BluePeak Logistics,ethan.moore@outlook.com,U-1034,Closed-Won,196612.03,2024-10-02,2024-08-15,Partner Referral,196612.03,2024-10-02,2024-08-15,Closed Won,True
OP-02081,Willow Creek Farms,ava.kim@outlook.com,U-1011,Qualified,242594.99,2025-07-01,2025-03-18,Partner Referral,242594.99,2025-07-01,2025-03-18,Qualification,True
OP-D0005,BluePeak Logistics,maya.wilson@example.org,U-1033,Qualifcation,"$229,764",2026-08-17,2026-07-15,Bulk Import,229764.0,2026-08-17,2026-07-15,Qualification,True
OP-00707,Everline Health,noah.taylor@yahoo.com,U-1006,Discovery,"$11,616",2026-11-15,2026-04-13,Partner Referral,11616.0,2026-11-15,2026-04-13,Qualification,True
OP-03313,Acme Industrial,liam.wilson@outlook.com,U-1025,Proposal,23531.86,2026-07-08,2026-04-27,Partner Referral,23531.86,2026-07-08,2026-04-27,Proposal,True
OP-00337,Redwood Outdoors,lena.nguyen@company.com,U-1018,qualification,224773.92,2025-08-02,2025-03-31,Web Form,224773.92,2025-08-02,2025-03-31,Qualification,True
OP-02751,Zephyr Airlines,raj.johnson@gmail.com,U-1008,qualification,238208.06,2026-07-04,2026-03-31,Partner Referral,238208.06,2026-07-04,2026-03-31,Qualification,True
OP-01207,Harborline Bank,ben.garcia@gmail.com,U-1036,closed won,"$210,419.24",2026-09-30,2026-06-13,Outbound SDR,210419.24,2026-09-30,2026-06-13,Closed Won,True
OP-04649,Keystone Energy,noah.taylor@outlook.com,U-1017,Prospecting,220762.94,2024-12-05,2024-04-25,Web Form,220762.94,2024-12-05,2024-04-25,Prospecting,True
OP-03178,Harborline Bank,liam.garcia@yahoo.com,U-1025,qualification,199494.06,2024-11-13,2024-08-09,Inbound Call,199494.06,2024-11-13,2024-08-09,Qualification,True
OP-03703,DeltaWave Media,raj.johnson@example.org,U-1006,ClosedWon,"$223,139.70",,2026-07-03,Trade Show,223139.7,,2026-07-03,Closed Won,True
OP-01680,Umbra Defense,owen.brown@yahoo.com,U-1033,ClosedLost,6214.50,2024-08-29,2024-07-16,Partner Referral,6214.5,2024-08-29,2024-07-16,Closed Lost,True
OP-00009,Ironclad Security,priya.moore@yahoo.com,U-1023,proposal,232370.55,2026-02-09,2025-06-24,Outbound SDR,232370.55,2026-02-09,2025-06-24,Proposal,True
OP-03246,Juniper Retail,aisha.patel@gmail.com,U-1023,ClosedWon,140247.36,2026-07-19,2026-04-26,Outbound SDR,140247.36,2026-07-19,2026-04-26,Closed Won,True
OP-00885,Tidewater Marine,nina.lee@example.org,U-1024,Qualification,"USD 240,953.86",2025-06-23,2025-04-07,Bulk Import,240953.86,2025-06-23,2025-04-07,Qualification,True
OP-01104,Quartzline Telecom,nina.wilson@yahoo.com,U-1014,ClosedLost,"$124,368",2026-07-07,2026-02-17,Trade Show,124368.0,2026-07-07,2026-02-17,Closed Lost,True
OP-02892,ForgePoint Systems,dev.smith@outlook.com,U-1022,proposal,19102.15,2025-04-01,2024-11-22,Outbound SDR,19102.15,2025-04-01,2024-11-22,Proposal,True
OP-01684,Harborline Bank,,U-1021,PROSPECTING,202124.79,2025-09-25,2025-05-26,Bulk Import,202124.79,2025-09-25,2025-05-26,Prospecting,
OP-01627,Silverline SaaS,lena.lee@outlook.com,U-1016,Proposal,162389.63,2025-10-04,2025-03-02,Partner Referral,162389.63,2025-10-04,2025-03-02,Proposal,True
OP-03759,Pinnacle Travel,sofia.smith@outlook.com,U-1034,PROSPECTING,40038.05,2025-07-04,2025-06-03,Inbound Call,40038.05,2025-07-04,2025-06-03,Prospecting,True
OP-01618,,ethan.johnson@example.org,U-1038,Qualified,200200.46,2025-06-04,2025-01-04,Web Form,200200.46,2025-06-04,2025-01-04,Qualification,True
OP-00753,Willow Creek Farms,owen.miller@yahoo.com,U-1001,closed won,91512.70,,2025-11-21,Partner Referral,91512.7,,2025-11-21,Closed Won,True
OP-01284,Zephyr Airlines,liam.johnson@outlook.com,U-1027,prospecting,68628.89,2026-12-26,2026-05-19,Bulk Import,68628.89,2026-12-26,2026-05-19,Prospecting,True
OP-D0264,ForgePoint Systems,tom.davis@yahoo.com,U-1035,Qualification,115224.82,2026-09-15,2026-05-07,Outbound SDR,115224.82,2026-09-15,2026-05-07,Qualification,True
OP-00123,Harborline Bank,liam.johnson@company.com,U-1035,Qualification,,,2025-12-14,Outbound SDR,,,2025-12-14,Qualification,True
OP-01277,Juniper Retail,tom.nguyen@company.com,U-1013,prospecting,234532.67,2026-04-25,2026-04-13,Web Form,234532.67,2026-04-25,2026-04-13,Prospecting,True
OP-00724,Granite Ridge Co,zoe.wilson@company.com,U-1012,Proposal Sent,245940.87,2025-07-01,2025-01-30,Inbound Call,245940.87,2025-07-01,2025-01-30,Proposal,True
OP-D0200,Vertex Capital,raj.thomas@gmail.com,U-1031,ClosedWon,76787.81,2025-04-25,2025-03-11,Trade Show,76787.81,2025-04-25,2025-03-11,Closed Won,True
OP-03244,DeltaWave Media,ben.moore@gmail.com,U-1038,Qualified,"$58,425",2027-01-17,2026-06-05,Outbound SDR,58425.0,2027-01-17,2026-06-05,Qualification,True
OP-02490,Northgate Auto,owen.kim@example.org,U-1005,Qualification,"USD 185,269.08",2026-10-21,2026-05-23,Partner Referral,185269.08,2026-10-21,2026-05-23,Qualification,True
OP-D0275,Northgate Auto,kara.wilson@outlook.com,U-1034,qualification,"USD 38,484.52",2026-04-15,2026-03-14,Trade Show,38484.52,2026-04-15,2026-03-14,Qualification,True
OP-00431,Umbra Defense,zoe.kim@outlook.com,U-1017,Won,48897.34,2024-09-25,2024-09-07,Inbound Call,48897.34,2024-09-25,2024-09-07,Closed Won,True
OP-D0160,Larkspur Labs,priya.johnsonoutlook.com,U-1005,Qualifcation,18845.23,2025-04-28,2025-02-27,Partner Referral,18845.23,2025-04-28,2025-02-27,Qualification,False
OP-02455,Meridian Freight,,U-1031,Closed-Lost,207240.66,2026-03-08,2025-10-24,Bulk Import,207240.66,2026-03-08,2025-10-24,Closed Lost,
OP-00768,Pinnacle Travel,chris.johnson@outlook.com,U-1004,qualification,"$11,874.49",2025-02-19,2024-06-27,Inbound Call,11874.49,2025-02-19,2024-06-27,Qualification,True
OP-04566,Meridian Freight,noah.miller@company.com,U-1029,,"$185,544.29",2025-07-10,2025-05-09,Inbound Call,185544.29,2025-07-10,2025-05-09,,True
OP-03520,BluePeak Logistics,chris.thomas@gmail.com,U-1019,Prospect,230517.45,2026-04-30,2026-04-09,Outbound SDR,230517.45,2026-04-30,2026-04-09,Prospecting,True
OP-D0112,Willow Creek Farms,ella.brown@gmail.com,U-1032,closed lost,130052.43,2025-02-15,2024-06-22,Inbound Call,130052.43,2025-02-15,2024-06-22,Closed Lost,True
OP-03270,ForgePoint Systems,ethan.smith@example.org,U-1014,New Lead,"$53,206.56",2025-04-20,2025-03-03,Trade Show,53206.56,2025-04-20,2025-03-03,Prospecting,True
OP-04325,Harborline Bank,sofia.kim@yahoo.com,U-1010,prospecting,40995.93,2026-08-15,2026-03-29,Outbound SDR,40995.93,2026-08-15,2026-03-29,Prospecting,True
OP-03410,Northgate Auto,nina.johnson@example.org,U-1020,Won,43795.16,2026-11-18,2026-07-07,Inbound Call,43795.16,2026-11-18,2026-07-07,Closed Won,True
OP-01072,ForgePoint Systems,nina.smith@company.com,U-1035,Closed Won,,2024-12-07,2024-05-01,Bulk Import,,2024-12-07,2024-05-01,Closed Won,True
OP-04087,Tidewater Marine,,U-1031,PROSPECTING,93083.96,2025-02-26,2024-11-04,Web Form,93083.96,2025-02-26,2024-11-04,Prospecting,
OP-03220,,zoe.wilson@gmail.com,U-1020,Qualified,70266.34,2026-03-14,2026-02-15,Partner Referral,70266.34,2026-03-14,2026-02-15,Qualification,True
OP-03527,Pinnacle Travel,priya.moore@company.com,U-1000,Discovery,106335.24,2026-09-12,2026-04-17,Partner Referral,106335.24,2026-09-12,2026-04-17,Qualification,True
OP-03265,Silverline SaaS,ella.moore@yahoo.com,U-1024,proposal,15064.79,2025-11-27,2025-10-06,Web Form,15064.79,2025-11-27,2025-10-06,Proposal,True
OP-03510,Harborline Bank,,U-1032,Negotiation,187132.47,2025-05-31,2024-12-06,Partner Referral,187132.47,2025-05-31,2024-12-06,Proposal,
OP-03365,Granite Ridge Co,aisha.brown@outlook.com,U-1036,ClosedLost,"$185,619",2024-12-06,2024-04-10,Outbound SDR,185619.0,2024-12-06,2024-04-10,Closed Lost,True
OP-00972,Acme Industrial,liam.johnson@gmail.com,U-1000,PROSPECTING,235856.84,2025-05-31,2025-05-08,Bulk Import,235856.84,2025-05-31,2025-05-08,Prospecting,True
OP-D0225,BluePeak Logistics,nina.moore@company.com,U-1035,Closed Lost,57076.05,,2026-06-16,Web Form,57076.05,,2026-06-16,Closed Lost,True
OP-01570,Ironclad Security,kara.miller@example.org,U-1038,Prospect,67850.11,2024-03-31,2024-01-28,Inbound Call,67850.11,2024-03-31,2024-01-28,Prospecting,True
OP-01821,Yellowpine Lumber,tom.miller@outlook.com,U-1024,Closed-Won,,2025-07-03,2025-01-22,Partner Referral,,2025-07-03,2025-01-22,Closed Won,True
OP-00039,Onyx Pharma,dev.smith@example.org,U-1006,Discovery,"$247,527.75",2026-11-16,2026-07-19,Inbound Call,247527.75,2026-11-16,2026-07-19,Qualification,True
OP-00467,Vertex Capital,sofia.anderson@outlook.com,U-1038,New Lead,159119.95,2024-10-30,2024-05-06,Web Form,159119.95,2024-10-30,2024-05-06,Prospecting,True
OP-02392,Xenon Robotics,dev.thomas@example.org,U-1032,PROSPECTING,"USD 24,326.71",2024-04-25,2024-02-01,Trade Show,24326.71,2024-04-25,2024-02-01,Prospecting,True
OP-01759,Yellowpine Lumber,ben.smith@example.org,U-1019,Discovery,20097.49,2024-12-11,2024-11-12,Inbound Call,20097.49,2024-12-11,2024-11-12,Qualification,True
OP-02873,Meridian Freight,ben.moore@yahoo.com,U-1019,Prospecting,98161.69,2024-07-20,2024-03-13,Trade Show,98161.69,2024-07-20,2024-03-13,Prospecting,True
OP-04145,Willow Creek Farms,owen.anderson@example.org,U-1009,Won,172049.14,,2025-09-13,Partner Referral,172049.14,,2025-09-13,Closed Won,True
OP-03838,Everline Health,ben.davis@outlook.com,U-1026,CLOSED WON,23119.78,2026-07-05,2026-02-09,Inbound Call,23119.78,2026-07-05,2026-02-09,Closed Won,True
OP-D0000,Quartzline Telecom,ava.moore@company.com,U-1006,Closed-Won,227074.92,2026-09-22,2026-05-25,Outbound SDR,227074.92,2026-09-22,2026-05-25,Closed Won,True
OP-02363,Granite Ridge Co,ethan.garcia@example.org,admin,PROSPECTING,186264.67,2026-05-01,2025-11-07,Partner Referral,186264.67,2026-05-01,2025-11-07,Prospecting,True
OP-04428,,ava.brown@outlook.com,U-1036,Closed-Won,,2025-03-09,2025-03-02,Trade Show,,2025-03-09,2025-03-02,Closed Won,True
OP-01514,Yellowpine Lumber,ben.patel,U-1019,closed lost,30844.98,2026-01-17,2025-05-26,Trade Show,30844.98,2026-01-17,2025-05-26,Closed Lost,False
OP-00256,Larkspur Labs,chris.kim@gmail.com,U-1017,,243371.97,2026-07-17,2026-06-27,Bulk Import,243371.97,2026-07-17,2026-06-27,,True
OP-00317,Vertex Capital,,U-1025,PROSPECTING,226345.15,2025-04-19,2025-02-03,Trade Show,226345.15,2025-04-19,2025-02-03,Prospecting,
OP-03070,Zephyr Airlines,dev.nguyen@gmail.com,U-1011,Proposal,33932.50,2026-07-10,2026-01-16,Outbound SDR,33932.5,2026-07-10,2026-01-16,Proposal,True
OP-00046,Everline Health,maya.patel@company.com,U-1032,ClosedLost,187080.55,2025-03-23,2025-01-27,Partner Referral,187080.55,2025-03-23,2025-01-27,Closed Lost,True
OP-00952,Pinnacle Travel,maya.thomas@company.com,U-1000,New Lead,135646.20,2024-07-06,2024-06-22,Trade Show,135646.2,2024-07-06,2024-06-22,Prospecting,True
OP-02871,ForgePoint Systems,owen.smith@yahoo.com,U-1019,Closed Won,208090.14,2025-05-01,2024-11-14,Outbound SDR,208090.14,2025-05-01,2024-11-14,Closed Won,True
OP-03137,Granite Ridge Co,liam.moore@yahoo.com,U-1027,New Lead,199245.98,2025-02-23,2025-01-25,Inbound Call,199245.98,2025-02-23,2025-01-25,Prospecting,True
OP-02779,Granite Ridge Co,raj.garcia@outlook.com,U-1002,Negotiation,27419.07,2026-03-10,2025-07-24,Outbound SDR,27419.07,2026-03-10,2025-07-24,Proposal,True
OP-02520,Everline Health,ella.smith@example.org,U-1026,Closed Lost,"$170,443.84",2026-03-28,2025-08-26,Bulk Import,170443.84,2026-03-28,2025-08-26,Closed Lost,True
OP-00360,BluePeak Logistics,sofia.brown@gmail.com,U-1022,Discovery,8671.16,2024-12-18,2024-05-11,Outbound SDR,8671.16,2024-12-18,2024-05-11,Qualification,True
OP-03387,Granite Ridge Co,ben.thomas@gmail.com,U-1000,Lost,97018.36,,2025-05-14,Outbound SDR,97018.36,,2025-05-14,Closed Lost,True
OP-D0120,Vertex Capital,chris.anderson@outlook.com,U-1004,Discovery,"USD 177,677.98",2026-06-10,2025-11-20,Inbound Call,177677.98,2026-06-10,2025-11-20,Qualification,True
OP-01095,Keystone Energy,aisha.kim@example.org,U-1032,Prospect,12481.11,2025-01-30,2024-12-23,Trade Show,12481.11,2025-01-30,2024-12-23,Prospecting,True
OP-D0251,Silverline SaaS,dev.anderson@outlook.com,U-1028,Prospect,"$59,637",2024-03-07,2024-02-08,Outbound SDR,59637.0,2024-03-07,2024-02-08,Prospecting,True
OP-03234,ForgePoint Systems,liam.davis@company.com,U-1012,Qualification,"USD 181,392.43",2026-09-18,2026-05-17,Inbound Call,181392.43,2026-09-18,2026-05-17,Qualification,True
OP-02106,Umbra Defense,chris.moore@company.com,U-1018,closed lost,79000.67,2024-04-10,2024-02-25,Outbound SDR,79000.67,2024-04-10,2024-02-25,Closed Lost,True
OP-01424,Juniper Retail,liam.davis@example.org,U-1011,Won,117273.85,2025-08-26,2025-01-06,Trade Show,117273.85,2025-08-26,2025-01-06,Closed Won,True
OP-00149,Umbra Defense,maya.thomas@gmail.com,U-1007,ClosedLost,172268.41,2026-03-22,2026-02-05,Bulk Import,172268.41,2026-03-22,2026-02-05,Closed Lost,True
OP-00461,,marcus.johnson@company.com,U-1004,Closed Lost,217353.77,,2025-03-27,Partner Referral,217353.77,,2025-03-27,Closed Lost,True
OP-00168,Tidewater Marine,sofia.smith@gmail.com,U-1009,prospecting,229857.64,2025-02-23,2024-07-25,Web Form,229857.64,2025-02-23,2024-07-25,Prospecting,True
OP-02958,Tidewater Marine,priya.garcia@company.com,U-1002,Quote Sent,92269.56,2024-11-13,2024-06-06,Partner Referral,92269.56,2024-11-13,2024-06-06,Proposal,True
OP-01192,Everline Health,kara.wilson@yahoo.com,U-1039,Prospect,222187.44,2025-01-17,2024-07-06,Web Form,222187.44,2025-01-17,2024-07-06,Prospecting,True
OP-00386,Everline Health,maya.thomas@company.com,U-1008,Discovery,"$22,824.59",2026-12-22,2026-08-11,Trade Show,22824.59,2026-12-22,2026-08-11,Qualification,True
OP-03210,DeltaWave Media,kara.garcia@outlook.com,U-1012,Closed Won,227892.40,2026-10-29,2026-04-03,Web Form,227892.4,2026-10-29,2026-04-03,Closed Won,True
OP-00227,Granite Ridge Co,kara.miller@outlook.com,U-1032,Quote Sent,7566.62,2025-10-14,2025-08-27,Web Form,7566.62,2025-10-14,2025-08-27,Proposal,True
OP-03471,Ironclad Security,raj.brown@company.com,U-1029,Proposal,"$202,224.33",2026-01-18,2025-12-17,Outbound SDR,202224.33,2026-01-18,2025-12-17,Proposal,True
OP-04403,Umbra Defense,lena.johnson@yahoo.com,U-1000,Qualifcation,171324.60,2025-05-02,2024-09-23,Inbound Call,171324.6,2025-05-02,2024-09-23,Qualification,True
OP-D0069,Vertex Capital,ethan.wilson@yahoo.com,U-1018,ClosedWon,119240.31,2024-10-10,2024-09-21,Outbound SDR,119240.31,2024-10-10,2024-09-21,Closed Won,True
OP-02646,Onyx Pharma,ben.garcia@gmail.com,U-1001,proposal,208327.81,2024-09-17,2024-04-23,Outbound SDR,208327.81,2024-09-17,2024-04-23,Proposal,True
OP-03448,Keystone Energy,noah.garcia@outlook.com,U-8888,Qualifcation,59957.70,2025-07-21,2027-01-03,Web Form,59957.7,2025-07-21,2027-01-03,Qualification,True
OP-02684,Everline Health,zoe.garcia@yahoo.com,U-1020,Closed Lost,249661.98,2026-08-29,2026-02-05,Web Form,249661.98,2026-08-29,2026-02-05,Closed Lost,True
OP-02770,Pinnacle Travel,aisha.brown@outlook.com,U-1013,Discovery,225630.93,2024-06-16,2024-02-22,Outbound SDR,225630.93,2024-06-16,2024-02-22,Qualification,True
OP-01645,Juniper Retail,owen.patel@gmail.com,U-1039,Qualified,190105.94,2025-01-11,2024-10-12,Inbound Call,190105.94,2025-01-11,2024-10-12,Qualification,True
OP-03122,Willow Creek Farms,ethan.miller@company.com,U-1012,Qualifcation,181986.28,2026-06-13,2025-10-20,Outbound SDR,181986.28,2026-06-13,2025-10-20,Qualification,True
OP-03852,Yellowpine Lumber,ethan.johnson@company.com,U-1011,Negotiation,131105.29,2025-02-05,2024-11-24,Trade Show,131105.29,2025-02-05,2024-11-24,Proposal,True
OP-01737,Copperline Foods,chris.smith@outlook.com,U-1033,qualification,192644.56,2024-11-20,2024-05-03,Inbound Call,192644.56,2024-11-20,2024-05-03,Qualification,True
OP-00405,Pinnacle Travel,nina.garcia@example.org,U-1007,Closed-Won,127434.90,2026-05-12,2026-01-19,Trade Show,127434.9,2026-05-12,2026-01-19,Closed Won,True
OP-03751,Umbra Defense,dev.garcia@example.org,U-1017,ClosedLost,224632.28,2024-05-01,2024-02-15,Outbound SDR,224632.28,2024-05-01,2024-02-15,Closed Lost,True
OP-00550,Juniper Retail,noah.nguyen@gmail.com,U-1011,proposal,"$116,316.62",,2026-06-09,Partner Referral,116316.62,,2026-06-09,Proposal,True
OP-03770,Juniper Retail,nina.kim@yahoo.com,U-1033,Negotiation,150655.71,2026-09-23,2026-07-25,Inbound Call,150655.71,2026-09-23,2026-07-25,Proposal,True
OP-01004,Xenon Robotics,maya.wilson@example.org,U-1024,prospecting,181640.01,2026-01-18,2025-09-29,Partner Referral,181640.01,2026-01-18,2025-09-29,Prospecting,True
OP-00208,Zephyr Airlines,marcus.nguyen@example.org,U-1028,proposal,210166.69,2024-09-01,2024-06-13,Web Form,210166.69,2024-09-01,2024-06-13,Proposal,True
OP-02160,Ironclad Security,noah.nguyen@yahoo.com,U-1009,Closed Won,199595.87,2026-12-03,2026-05-15,Partner Referral,199595.87,2026-12-03,2026-05-15,Closed Won,True
OP-03301,Meridian Freight,marcus.patel@outlook.com,U-1003,Qualifcation,163282.02,2026-02-02,2026-01-18,Bulk Import,163282.02,2026-02-02,2026-01-18,Qualification,True
OP-03454,Pinnacle Travel,ben.johnson@yahoo.com,U-1015,qualification,"USD 203,640.81",2025-11-16,2025-05-29,Trade Show,203640.81,2025-11-16,2025-05-29,Qualification,True
OP-02283,DeltaWave Media,ethan.johnson@company.com,U-1024,proposal,179172.52,2025-02-12,2024-08-28,Inbound Call,179172.52,2025-02-12,2024-08-28,Proposal,True
OP-04542,Larkspur Labs,owen.moore@outlook.com,U-1004,,56526.55,2024-11-05,2024-06-18,Web Form,56526.55,2024-11-05,2024-06-18,,True
OP-04612,ForgePoint Systems,sofia.kim@outlook.com,U-1028,Qualification,138440.26,2026-11-01,2026-08-15,Inbound Call,138440.26,2026-11-01,2026-08-15,Qualification,True
OP-02723,Juniper Retail,priya.davis@example.org,U-1013,Discovery,74883.61,2024-12-10,2024-08-27,Inbound Call,74883.61,2024-12-10,2024-08-27,Qualification,True
OP-00492,DeltaWave Media,owen.smith@yahoo.com,U-1038,PROSPECTING,126000.23,,2026-03-22,Trade Show,126000.23,,2026-03-22,Prospecting,True
OP-03800,Meridian Freight,noah.wilson@gmail.com,U-1008,ClosedLost,7904.54,2026-04-21,2026-02-05,Trade Show,7904.54,2026-04-21,2026-02-05,Closed Lost,True
OP-02795,Quartzline Telecom,lena.patel@gmail.com,U-1015,Discovery,234064.69,2025-11-25,2025-08-03,Bulk Import,234064.69,2025-11-25,2025-08-03,Qualification,True
OP-02821,Acme Industrial,marcus.johnson@gmail.com,U-1005,prospecting,30384.63,2026-03-15,2025-12-18,Trade Show,30384.63,2026-03-15,2025-12-18,Prospecting,True
OP-03696,Meridian Freight,zoe.wilson@example.org,U-1020,ClosedWon,122745.87,2024-11-25,2024-06-16,Inbound Call,122745.87,2024-11-25,2024-06-16,Closed Won,True
OP-04359,Willow Creek Farms,maya.kim@company.com,U-1018,Proposal Sent,"104,569.46 $",2026-08-26,2026-05-28,Bulk Import,104569.46,2026-08-26,2026-05-28,Proposal,True
OP-02148,Umbra Defense,marcus.johnson@yahoo.com,U-1029,qualification,73456.25,2024-06-19,2024-06-01,Trade Show,73456.25,2024-06-19,2024-06-01,Qualification,True
OP-02915,Tidewater Marine,sofia.patel@company.com,U-1038,proposal,210728.93,2026-06-18,2025-12-21,Outbound SDR,210728.93,2026-06-18,2025-12-21,Proposal,True
OP-00772,Vertex Capital,owen.anderson@company.com,U-1012,Qualifcation,220335.39,2025-03-04,2024-09-29,Trade Show,220335.39,2025-03-04,2024-09-29,Qualification,True
OP-04526,Yellowpine Lumber,ben.garcia@company.com,U-1038,closed won,166163.59,2026-07-14,2026-05-01,Partner Referral,166163.59,2026-07-14,2026-05-01,Closed Won,True
OP-00650,Acme Industrial,owen.taylor@outlook.com,U-1032,qualification,171550.43,2024-12-31,2024-07-30,Trade Show,171550.43,2024-12-31,2024-07-30,Qualification,True
OP-01590,ForgePoint Systems,kara.johnson@outlook.com,inactive_user,Discovery,14928.36,2026-07-17,2026-03-09,Outbound SDR,14928.36,2026-07-17,2026-03-09,Qualification,True
OP-03568,Juniper Retail,maya.kim@yahoo.com,U-1008,Quote Sent,109281.55,2026-02-09,2025-09-14,Web Form,109281.55,2026-02-09,2025-09-14,Proposal,True
OP-03325,Zephyr Airlines,ben.brown@yahoo.com,U-1013,Proposal,198089.83,,2024-12-27,Outbound SDR,198089.83,,2024-12-27,Proposal,True
OP-01767,Ironclad Security,kara.wilson@yahoo.com,U-1005,Qualified,97482.70,2026-04-25,2026-01-23,Partner Referral,97482.7,2026-04-25,2026-01-23,Qualification,True
OP-04355,Everline Health,zoe.garcia@outlook.com,U-1014,New Lead,110554.32,2026-05-13,2025-12-17,Partner Referral,110554.32,2026-05-13,2025-12-17,Prospecting,True
OP-04272,Copperline Foods,tom.davis@company.com,U-1000,Qualifcation,104947.32,2025-09-02,2025-05-27,Partner Referral,104947.32,2025-09-02,2025-05-27,Qualification,True
OP-02395,Pinnacle Travel,ava.taylor@gmail.com,U-1024,Proposal Sent,30717.85,2024-12-21,2024-08-03,Web Form,30717.85,2024-12-21,2024-08-03,Proposal,True
OP-04118,DeltaWave Media,noah.wilson@outlook.com,U-1026,Quote Sent,84857.61,2025-07-05,2025-05-11,Trade Show,84857.61,2025-07-05,2025-05-11,Proposal,True
OP-01613,BluePeak Logistics,sofia.lee@example.org,U-1031,Negotiation,241599.36,2025-11-18,2025-04-18,Partner Referral,241599.36,2025-11-18,2025-04-18,Proposal,True
OP-03569,Quartzline Telecom,aisha.garcia@example.org,U-1031,ClosedWon,221816.21,2026-10-04,2026-07-28,Trade Show,221816.21,2026-10-04,2026-07-28,Closed Won,True
OP-01568,Keystone Energy,nina.smith@example.org,U-1000,Discovery,167792.08,2025-11-18,2025-10-13,Bulk Import,167792.08,2025-11-18,2025-10-13,Qualification,True
OP-01552,Northgate Auto,ella.kim@company.com,U-1034,,157672.21,2027-01-17,2026-08-11,Inbound Call,157672.21,2027-01-17,2026-08-11,,True
OP-03994,DeltaWave Media,owen.brown@gmail.com,U-1026,,"$94,851.90",2026-08-25,2026-06-07,Trade Show,94851.9,2026-08-25,2026-06-07,,True
OP-02997,Meridian Freight,raj.nguyen@outlook.com,U-1004,Qualified,25285.07,2025-11-07,2025-04-27,Partner Referral,25285.07,2025-11-07,2025-04-27,Qualification,True
OP-01526,Vertex Capital,ethan.davis@example.org,U-1030,Qualification,107923.35,,2025-08-14,Web Form,107923.35,,2025-08-14,Qualification,True
OP-00974,Umbra Defense,marcus.nguyen@outlook.com,U-1033,Qualifcation,141320.05,2024-11-15,2024-03-29,Outbound SDR,141320.05,2024-11-15,2024-03-29,Qualification,True
OP-00626,Acme Industrial,owen.patel@outlook.com,U-1008,Closed-Won,160210.51,,2026-02-24,Partner Referral,160210.51,,2026-02-24,Closed Won,True
OP-02733,Silverline SaaS,lena.kim@outlook.com,U-1002,Prospect,112489.75,2026-01-04,2025-09-17,Trade Show,112489.75,2026-01-04,2025-09-17,Prospecting,True
OP-01546,Everline Health,maya.johnson@example.org,U-1023,Proposal Sent,236683.22,2025-01-26,2024-06-04,Partner Referral,236683.22,2025-01-26,2024-06-04,Proposal,True
OP-02110,ForgePoint Systems,kara.taylor@gmail.com,U-1025,Qualifcation,"$147,371",2024-12-21,2024-11-23,Outbound SDR,147371.0,2024-12-21,2024-11-23,Qualification,True
OP-01925,Xenon Robotics,chris.brown@outlook.com,U-1015,,"$10,841.52",2025-01-25,2024-10-04,Bulk Import,10841.52,2025-01-25,2024-10-04,,True
OP-D0189,Umbra Defense,ethan.patel@outlook.com,U-1017,qualification,96700.05,,2024-03-30,Inbound Call,96700.05,,2024-03-30,Qualification,True
OP-01998,Vertex Capital,maya.brown@yahoo.com,U-1004,Proposal Sent,207877.53,2027-02-03,2026-06-30,Trade Show,207877.53,2027-02-03,2026-06-30,Proposal,True
OP-01807,Keystone Energy,ava.taylor@yahoo.com,U-1006,Negotiation,242810.81,2024-09-09,2024-03-25,Inbound Call,242810.81,2024-09-09,2024-03-25,Proposal,True
OP-00453,Umbra Defense,zoe.nguyen@outlook.com,U-1037,Closed Won,238507.98,2024-01-30,2024-01-07,Bulk Import,238507.98,2024-01-30,2024-01-07,Closed Won,True
OP-04216,Copperline Foods,ava.thomas@gmail.com,U-1009,Discovery,178259.83,2024-10-01,2024-05-28,Outbound SDR,178259.83,2024-10-01,2024-05-28,Qualification,True
OP-00270,Redwood Outdoors,sofia.wilson@example.org,U-1026,qualification,"$19,767.71",2026-04-05,2025-09-22,Outbound SDR,19767.71,2026-04-05,2025-09-22,Qualification,True
OP-01384,Granite Ridge Co,maya.patel@company.com,U-1035,Qualifcation,56279.71,2025-06-26,2025-01-05,Bulk Import,56279.71,2025-06-26,2025-01-05,Qualification,True
OP-00285,Pinnacle Travel,dev.miller@gmail.com,U-1035,Quote Sent,114527.14,2024-11-01,2024-08-31,Partner Referral,114527.14,2024-11-01,2024-08-31,Proposal,True
OP-03155,Northgate Auto,zoe.thomas@example.org,U-1002,,"USD 224,231.81",2025-09-10,2025-07-24,Partner Referral,224231.81,2025-09-10,2025-07-24,,True
OP-03426,Onyx Pharma,dev.taylor@gmail.com,U-1039,proposal,206560.09,2025-06-25,2025-01-31,Outbound SDR,206560.09,2025-06-25,2025-01-31,Proposal,True
OP-02621,Granite Ridge Co,maya.brown@company.com,U-1026,Negotiation,86374.47,2025-08-21,2025-03-19,Trade Show,86374.47,2025-08-21,2025-03-19,Proposal,True
OP-04537,BluePeak Logistics,zoe.thomas@example.org,U-1027,Prospect,70457.28,2024-09-27,2024-04-06,Trade Show,70457.28,2024-09-27,2024-04-06,Prospecting,True
OP-00962,Yellowpine Lumber,kara.brown@company.com,U-1021,PROSPECTING,,2025-04-11,2025-02-17,Web Form,,2025-04-11,2025-02-17,Prospecting,True
OP-03673,Vertex Capital,aisha.thomas@company.com,U-1033,Closed Won,64979.81,2024-05-10,2024-03-06,Trade Show,64979.81,2024-05-10,2024-03-06,Closed Won,True
OP-02732,Zephyr Airlines,kara.davis@example.org,U-1011,,"$204,576.79",2026-06-10,2026-04-23,Partner Referral,204576.79,2026-06-10,2026-04-23,,True
OP-01206,Onyx Pharma,marcus.smith@yahoo.com,U-1027,closed lost,62086.20,2024-02-10,2024-01-01,Partner Referral,62086.2,2024-02-10,2024-01-01,Closed Lost,True
OP-03726,Vertex Capital,aisha.johnson@company.com,U-1007,Proposal,187449.83,2024-12-16,2024-05-29,Trade Show,187449.83,2024-12-16,2024-05-29,Proposal,True
OP-03856,Juniper Retail,sofia.wilson@example.org,U-1003,Prospecting,,2026-05-18,2025-10-08,Bulk Import,,2026-05-18,2025-10-08,Prospecting,True
OP-00102,Larkspur Labs,ella.thomas@company.com,U-1009,Proposal Sent,32224.78,,2025-07-27,Partner Referral,32224.78,,2025-07-27,Proposal,True
OP-02515,Willow Creek Farms,aisha.johnson@outlook.com,U-1039,Closed Won,203211.68,2026-07-21,2026-05-07,Outbound SDR,203211.68,2026-07-21,2026-05-07,Closed Won,True
OP-01788,Harborline Bank,raj.miller@outlook.com,U-1021,Prospect,149723.61,2026-10-28,2026-07-28,Bulk Import,149723.61,2026-10-28,2026-07-28,Prospecting,True
OP-01050,Pinnacle Travel,ethan.smith@yahoo.com,U-1009,proposal,56637.38,2026-12-10,2026-08-26,Inbound Call,56637.38,2026-12-10,2026-08-26,Proposal,True
OP-01743,BluePeak Logistics,chris.kim@company.com,U-1039,proposal,215655.81,2026-10-01,2026-04-03,Outbound SDR,215655.81,2026-10-01,2026-04-03,Proposal,True
OP-03798,Meridian Freight,ella.miller@example.org,U-1026,Discovery,230862.50,2024-09-29,2024-08-28,Bulk Import,230862.5,2024-09-29,2024-08-28,Qualification,True
OP-02902,Zephyr Airlines,noah.lee@gmail.com,U-1022,,202327.24,2024-10-07,2024-04-20,Bulk Import,202327.24,2024-10-07,2024-04-20,,True
OP-02677,Xenon Robotics,tom.nguyen@outlook.com,U-1022,Proposal Sent,177387.96,2026-03-22,2025-11-14,Bulk Import,177387.96,2026-03-22,2025-11-14,Proposal,True
OP-00081,BluePeak Logistics,tom.miller@example.org,admin,Negotiation,115364.18,2024-12-24,2024-09-01,Bulk Import,115364.18,2024-12-24,2024-09-01,Proposal,True
OP-03516,BluePeak Logistics,liam.miller@yahoo.com,U-1023,Qualification,"$111,081.83",2026-09-26,2026-08-02,Outbound SDR,111081.83,2026-09-26,2026-08-02,Qualification,True
OP-01711,BluePeak Logistics,marcus.anderson@example.org,U-1034,Qualifcation,"$124,565",2025-08-07,2025-02-16,Outbound SDR,124565.0,2025-08-07,2025-02-16,Qualification,True
OP-01924,Xenon Robotics,nina.garcia@gmail.com,U-1007,Closed Won,48592.43,2026-07-27,2026-01-28,Partner Referral,48592.43,2026-07-27,2026-01-28,Closed Won,True
OP-D0033,Silverline SaaS,lena.kim@example.org,U-1014,prospecting,95427.85,2026-10-13,2026-04-30,Outbound SDR,95427.85,2026-10-13,2026-04-30,Prospecting,True
OP-03175,Granite Ridge Co,lena.nguyen@outlook.com,U-1018,Closed-Won,121400.84,2025-08-24,2025-06-21,Web Form,121400.84,2025-08-24,2025-06-21,Closed Won,True
OP-01523,Quartzline Telecom,zoe.kim@yahoo.com,U-1030,Qualified,103728.88,2026-04-09,2026-04-01,Bulk Import,103728.88,2026-04-09,2026-04-01,Qualification,True
OP-00637,Northgate Auto,aisha.kim@company.com,U-1034,Negotiation,"$202,167.02",2025-04-05,2024-09-21,Partner Referral,202167.02,2025-04-05,2024-09-21,Proposal,True
OP-02708,Tidewater Marine,chris.lee@yahoo.com,U-1000,Proposal Sent,19603.30,2025-06-24,2025-05-08,Outbound SDR,19603.3,2025-06-24,2025-05-08,Proposal,True
OP-03929,Copperline Foods,ava.garcia@yahoo.com,U-1032,qualification,71248.61,2026-06-06,2026-03-25,Bulk Import,71248.61,2026-06-06,2026-03-25,Qualification,True
OP-03819,Meridian Freight,lena.wilson@example.org,U-1030,New Lead,166086.95,2024-08-28,2024-01-31,Bulk Import,166086.95,2024-08-28,2024-01-31,Prospecting,True
OP-01428,Copperline Foods,noah.patel@company.com,U-1039,Closed Lost,153946.77,2025-04-02,2024-12-10,Bulk Import,153946.77,2025-04-02,2024-12-10,Closed Lost,True
OP-00617,Yellowpine Lumber,priya.patel@outlook.com,U-1006,proposal,21214.08,2025-04-29,2025-02-16,Inbound Call,21214.08,2025-04-29,2025-02-16,Proposal,True
OP-01296,Zephyr Airlines,chris.wilson@yahoo.com,U-1013,New Lead,65032.42,2024-09-23,2024-08-07,Partner Referral,65032.42,2024-09-23,2024-08-07,Prospecting,True
OP-01534,Juniper Retail,chris.moore@company.com,U-1016,Lost,182449.08,2026-04-02,2025-10-30,Partner Referral,182449.08,2026-04-02,2025-10-30,Closed Lost,True
OP-01997,ForgePoint Systems,raj.davis@example.org,U-1029,proposal,58764.67,2025-02-06,2024-12-19,Web Form,58764.67,2025-02-06,2024-12-19,Proposal,True
OP-02272,Vertex Capital,lena.kim@company.com,U-1007,Proposal Sent,173859.96,,2024-11-09,Partner Referral,173859.96,,2024-11-09,Proposal,True
OP-02678,Tidewater Marine,ella.garcia@gmail.com,U-1028,Qualified,"$139,152.81",2027-02-06,2026-08-07,Web Form,139152.81,2027-02-06,2026-08-07,Qualification,True
OP-04639,Quartzline Telecom,noah.patel@company.com,U-1010,Proposal,172317.61,2025-09-15,2025-02-24,Partner Referral,172317.61,2025-09-15,2025-02-24,Proposal,True
OP-00034,Onyx Pharma,tom.anderson@yahoo.com,U-1013,Discovery,"167,710.74 $",2025-03-24,2024-09-06,Partner Referral,167710.74,2025-03-24,2024-09-06,Qualification,True
OP-01340,Juniper Retail,owen.lee,U-1036,proposal,"$7,350.21",2026-06-30,2026-05-16,Bulk Import,7350.21,2026-06-30,2026-05-16,Proposal,False
OP-D0065,Tidewater Marine,maya.wilson@outlook.com,U-8888,Qualifcation,148350.62,2026-08-16,2026-07-16,Inbound Call,148350.62,2026-08-16,2026-07-16,Qualification,True
OP-00898,Quartzline Telecom,,U-1028,Discovery,155750.64,2025-12-02,2025-06-21,Trade Show,155750.64,2025-12-02,2025-06-21,Qualification,
OP-02558,Xenon Robotics,nina.kim@example.org,U-1037,PROSPECTING,"$237,089.93",2024-04-15,2024-03-31,Bulk Import,237089.93,2024-04-15,2024-03-31,Prospecting,True
OP-03936,Ironclad Security,ava.taylor@company.com,U-1004,,45003.74,2026-02-24,2025-07-04,Partner Referral,45003.74,2026-02-24,2025-07-04,,True
OP-01160,Vertex Capital,maya.lee@company.com,U-1001,Qualification,17016.41,2025-04-27,2025-02-11,Inbound Call,17016.41,2025-04-27,2025-02-11,Qualification,True
OP-02269,Pinnacle Travel,sofia.brown@example.org,U-1013,closed lost,184274.15,2025-03-08,2024-09-21,Inbound Call,184274.15,2025-03-08,2024-09-21,Closed Lost,True
OP-02126,Vertex Capital,noah.davis@yahoo.com,U-1003,Qualification,190031.40,2025-01-25,2024-06-03,Bulk Import,190031.4,2025-01-25,2024-06-03,Qualification,True
OP-03489,ForgePoint Systems,maya.nguyen@example.org,U-1024,Lost,78903.73,2024-09-07,2024-01-17,Bulk Import,78903.73,2024-09-07,2024-01-17,Closed Lost,True
OP-04585,DeltaWave Media,tom.johnson@outlook.com,U-1030,closed won,"$12,026.85",2027-02-07,2026-08-06,Outbound SDR,12026.85,2027-02-07,2026-08-06,Closed Won,True
OP-00771,Onyx Pharma,ethan.miller@company.com,U-1002,Qualifcation,120514.18,2026-04-01,2027-06-26,Inbound Call,120514.18,2026-04-01,2027-06-26,Qualification,True
OP-00908,Onyx Pharma,owen.wilson@example.org,U-1003,PROSPECTING,167502.28,2025-06-23,2024-12-23,Web Form,167502.28,2025-06-23,2024-12-23,Prospecting,True
OP-01634,Larkspur Labs,marcus.miller@company.com,U-1014,PROSPECTING,13920.18,2024-08-08,2024-01-29,Trade Show,13920.18,2024-08-08,2024-01-29,Prospecting,True
OP-02613,Harborline Bank,dev.nguyen@company.com,U-1001,prospecting,,2024-03-06,2024-02-22,Partner Referral,,2024-03-06,2024-02-22,Prospecting,True
OP-01027,Redwood Outdoors,priya.wilson@example.org,U-1019,Quote Sent,89399.38,2026-02-03,2025-09-28,Inbound Call,89399.38,2026-02-03,2025-09-28,Proposal,True
OP-01128,Juniper Retail,dev.garcia@outlook.com,U-1027,Closed Won,"$221,076",,2025-11-12,Outbound SDR,221076.0,,2025-11-12,Closed Won,True
OP-D0097,Silverline SaaS,sofia.garcia@example.org,U-1023,Qualified,73799.77,2025-08-15,2025-03-15,Web Form,73799.77,2025-08-15,2025-03-15,Qualification,True
OP-04114,Willow Creek Farms,zoe.garcia@gmail.com,U-1014,proposal,161774.20,2025-10-10,2025-05-05,Bulk Import,161774.2,2025-10-10,2025-05-05,Proposal,True
OP-01965,Pinnacle Travel,priya.davis@gmail.com,U-1022,Closed Won,33976.21,2026-10-13,2026-06-09,Inbound Call,33976.21,2026-10-13,2026-06-09,Closed Won,True
OP-03105,Quartzline Telecom,marcus.wilson@outlook.com,U-1033,Closed Lost,"$230,091.78",2026-11-04,2026-08-07,Trade Show,230091.78,2026-11-04,2026-08-07,Closed Lost,True
OP-04094,Redwood Outdoors,raj.smith@company.com,U-1021,Proposal,88373.84,2025-05-03,2025-04-20,Partner Referral,88373.84,2025-05-03,2025-04-20,Proposal,True
OP-03825,Vertex Capital,owen.garcia@gmail.com,U-1033,ClosedLost,220551.89,2026-06-12,2025-10-19,Web Form,220551.89,2026-06-12,2025-10-19,Closed Lost,True
OP-02975,Umbra Defense,not-an-email,U-1018,Qualified,240662.56,2026-10-14,2026-05-30,Bulk Import,240662.56,2026-10-14,2026-05-30,Qualification,False
OP-00369,Zephyr Airlines,priya.patel@company.com,U-1037,Prospect,56066.08,2026-08-21,2026-02-05,Web Form,56066.08,2026-08-21,2026-02-05,Prospecting,True
OP-02337,Juniper Retail,sofia.taylor@company.com,U-1034,closed won,234428.40,2026-03-27,2026-02-24,Bulk Import,234428.4,2026-03-27,2026-02-24,Closed Won,True
OP-03605,Quartzline Telecom,tom.patel@example.org,U-1006,Lost,"$166,894.40",2024-08-01,2024-01-11,Outbound SDR,166894.4,2024-08-01,2024-01-11,Closed Lost,True
OP-00722,Onyx Pharma,aisha.nguyen@outlook.com,U-1012,Qualifcation,82850.72,2025-07-14,2025-03-30,Bulk Import,82850.72,2025-07-14,2025-03-30,Qualification,True
OP-00955,Redwood Outdoors,dev.nguyen@company.com,U-1035,Qualifcation,172731.64,,2024-08-03,Web Form,172731.64,,2024-08-03,Qualification,True
OP-01196,Keystone Energy,ava.davis@company.com,U-1019,prospecting,116985.34,2027-01-12,2026-06-23,Bulk Import,116985.34,2027-01-12,2026-06-23,Prospecting,True
OP-02676,ForgePoint Systems,noah.davis@outlook.com,U-1006,PROSPECTING,191686.02,2025-08-28,2025-06-07,Inbound Call,191686.02,2025-08-28,2025-06-07,Prospecting,True
OP-03162,Granite Ridge Co,sofia.anderson@gmail.com,U-1008,Qualifcation,,2026-05-05,2025-12-14,Web Form,,2026-05-05,2025-12-14,Qualification,True
OP-00628,Northgate Auto,aisha.davis@yahoo.com,U-1013,closed won,53446.85,2025-06-11,2024-12-21,Partner Referral,53446.85,2025-06-11,2024-12-21,Closed Won,True
OP-01187,Tidewater Marine,lena.garcia@gmail.com,U-1017,,157203.72,2025-02-16,2024-12-13,Inbound Call,157203.72,2025-02-16,2024-12-13,,True
OP-00047,Redwood Outdoors,priya.moore@outlook.com,U-1014,Discovery,95548.09,,2025-05-10,Outbound SDR,95548.09,,2025-05-10,Qualification,True
OP-03024,Juniper Retail,chris.johnson@yahoo.com,U-1006,prospecting,"165,740.07 $",2026-03-19,2026-01-21,Outbound SDR,165740.07,2026-03-19,2026-01-21,Prospecting,True
OP-00213,Larkspur Labs,liam.wilson@yahoo.com,U-1007,,229814.61,2025-06-08,2025-04-01,Outbound SDR,229814.61,2025-06-08,2025-04-01,,True
OP-03291,Harborline Bank,ella.taylor@outlook.com,U-1011,Prospecting,69559.17,2024-08-21,2024-08-12,Partner Referral,69559.17,2024-08-21,2024-08-12,Prospecting,True
OP-01173,Quartzline Telecom,nina.miller@outlook.com,U-1016,Discovery,116326.88,2026-09-18,2026-05-21,Inbound Call,116326.88,2026-09-18,2026-05-21,Qualification,True
OP-00764,Copperline Foods,ava.moore@example.org,U-1024,Lost,"$236,328.90",2025-01-16,2024-09-16,Partner Referral,236328.9,2025-01-16,2024-09-16,Closed Lost,True
OP-02364,Tidewater Marine,nina.nguyen@example.org,U-1039,closed won,139507.93,2024-05-13,2024-02-07,Trade Show,139507.93,2024-05-13,2024-02-07,Closed Won,True
OP-03121,Redwood Outdoors,chris.anderson@yahoo.com,U-1039,Discovery,71396.01,2024-11-09,2024-07-22,Partner Referral,71396.01,2024-11-09,2024-07-22,Qualification,True
OP-03452,Xenon Robotics,priya.thomas@outlook.com,U-1007,Qualification,8326.34,2026-06-23,2026-01-20,Inbound Call,8326.34,2026-06-23,2026-01-20,Qualification,True
OP-03728,Meridian Freight,not-an-email,U-1017,Discovery,48191.04,2025-01-13,2024-10-16,Partner Referral,48191.04,2025-01-13,2024-10-16,Qualification,False
OP-02841,ForgePoint Systems,,U-1011,Qualified,35642.96,2025-01-22,2024-06-24,Partner Referral,35642.96,2025-01-22,2024-06-24,Qualification,
OP-02379,,maya.nguyen@company.com,U-1009,New Lead,50396.39,2026-07-01,2026-05-04,Bulk Import,50396.39,2026-07-01,2026-05-04,Prospecting,True
OP-04330,Larkspur Labs,kara.nguyen@gmail.com,U-1000,Prospecting,147084.17,2025-12-03,2025-11-23,Bulk Import,147084.17,2025-12-03,2025-11-23,Prospecting,True
OP-D0221,Ironclad Security,chris.johnson@gmail.com,U-1037,proposal,"USD 148,067.47",2025-12-15,2025-06-21,Partner Referral,148067.47,2025-12-15,2025-06-21,Proposal,True
OP-03784,Granite Ridge Co,zoe.smith@company.com,U-1031,ClosedWon,74721.94,2024-05-31,2024-03-19,Bulk Import,74721.94,2024-05-31,2024-03-19,Closed Won,True
OP-D0114,Redwood Outdoors,owen.nguyen@gmail.com,U-1033,proposal,29088.19,2025-03-03,2026-12-20,Inbound Call,29088.19,2025-03-03,2026-12-20,Proposal,True
OP-01727,Willow Creek Farms,noah.miller@company.com,U-1037,closed lost,6283.60,2026-10-20,2026-03-11,Inbound Call,6283.6,2026-10-20,2026-03-11,Closed Lost,True
OP-01100,Northgate Auto,bendavis@gmail.com,U-1013,PROSPECTING,240906.97,2026-07-11,2026-04-28,Web Form,240906.97,2026-07-11,2026-04-28,Prospecting,True
OP-01146,Granite Ridge Co,ethan.patel@outlook.com,U-1007,New Lead,"$192,177.25",2024-10-29,2024-07-21,Bulk Import,192177.25,2024-10-29,2024-07-21,Prospecting,True
OP-00656,Meridian Freight,ella.smith@gmail.com,U-1019,Negotiation,121549.02,2026-10-14,2026-06-05,Inbound Call,121549.02,2026-10-14,2026-06-05,Proposal,True
OP-02561,Onyx Pharma,ava.patel@outlook.com,U-1037,Proposal,"$95,497.77",2026-04-15,2026-02-18,Partner Referral,95497.77,2026-04-15,2026-02-18,Proposal,True
OP-01270,Acme Industrial,noah.garcia@example.org,U-1034,Qualification,137701.15,2026-05-21,2025-10-09,Bulk Import,137701.15,2026-05-21,2025-10-09,Qualification,True
OP-01683,Quartzline Telecom,lena.brown@yahoo.com,U-1011,Qualification,196108.14,2025-11-02,2025-09-14,Trade Show,196108.14,2025-11-02,2025-09-14,Qualification,True
OP-04582,Quartzline Telecom,sofia.kim@gmail.com,U-1027,Prospect,187932.69,2024-06-26,2024-02-02,Outbound SDR,187932.69,2024-06-26,2024-02-02,Prospecting,True
OP-00040,Pinnacle Travel,owen.thomas@yahoo.com,U-1037,PROSPECTING,176340.91,2024-11-09,2024-10-25,Trade Show,176340.91,2024-11-09,2024-10-25,Prospecting,True
OP-02757,Tidewater Marine,lena.patel@gmail.com,U-1035,Lost,"$214,030",2024-10-26,2024-08-26,Partner Referral,214030.0,2024-10-26,2024-08-26,Closed Lost,True
OP-01488,Onyx Pharma,maya.anderson@yahoo.com,U-1030,Won,"$240,313.43",2026-08-02,2026-05-29,Inbound Call,240313.43,2026-08-02,2026-05-29,Closed Won,True
OP-01162,Redwood Outdoors,liam.garcia@yahoo.com,U-1039,Prospect,189545.56,2025-01-13,2024-08-15,Bulk Import,189545.56,2025-01-13,2024-08-15,Prospecting,True
OP-03376,Yellowpine Lumber,sofia.johnson@example.org,U-1027,Lost,246653.79,2025-03-26,2024-09-03,Trade Show,246653.79,2025-03-26,2024-09-03,Closed Lost,True
OP-02870,Pinnacle Travel,lena.lee@outlook.com,U-1035,Qualification,88325.16,2026-07-10,2025-11-16,Web Form,88325.16,2026-07-10,2025-11-16,Qualification,True
OP-03507,Onyx Pharma,lena.nguyen@company.com,U-1034,Prospect,197086.67,2026-03-05,2025-12-26,Trade Show,197086.67,2026-03-05,2025-12-26,Prospecting,True
OP-D0130,Tidewater Marine,chris.smith@company.com,U-1037,Lost,"$133,049.33",2025-08-15,2025-06-03,Trade Show,133049.33,2025-08-15,2025-06-03,Closed Lost,True
OP-00355,DeltaWave Media,priya.miller@company.com,U-1027,Closed Lost,92200.08,2026-09-21,2026-01-29,Trade Show,92200.08,2026-09-21,2026-01-29,Closed Lost,True
OP-00584,Xenon Robotics,marcus.anderson@example.org,U-1036,Closed Won,139216.95,2027-02-19,2026-08-08,Trade Show,139216.95,2027-02-19,2026-08-08,Closed Won,True
OP-02077,Onyx Pharma,nina.johnson@company.com,U-1020,Won,248234.75,2024-06-08,2024-04-23,Web Form,248234.75,2024-06-08,2024-04-23,Closed Won,True
OP-02572,BluePeak Logistics,liam.taylor@example.org,U-1033,ClosedLost,66586.38,2025-03-27,2024-09-24,Bulk Import,66586.38,2025-03-27,2024-09-24,Closed Lost,True
OP-04089,Onyx Pharma,ava.wilson@yahoo.com,U-1022,Qualification,114316.54,2026-01-02,2025-06-27,Inbound Call,114316.54,2026-01-02,2025-06-27,Qualification,True
OP-02775,Granite Ridge Co,nina.kim@gmail.com,U-1008,qualification,"$33,983.55",2024-09-15,2024-01-19,Inbound Call,33983.55,2024-09-15,2024-01-19,Qualification,True
OP-02936,Vertex Capital,owen.patel@yahoo.com,U-1002,Quote Sent,93323.30,2026-06-26,2025-12-20,Bulk Import,93323.3,2026-06-26,2025-12-20,Proposal,True
OP-03748,Granite Ridge Co,kara.taylor@outlook.com,U-1035,Qualification,169412.78,2026-07-20,2026-05-11,Trade Show,169412.78,2026-07-20,2026-05-11,Qualification,True
OP-01222,Zephyr Airlines,ava.taylor@outlook.com,U-1034,,31072.96,2024-07-21,2024-01-13,Inbound Call,31072.96,2024-07-21,2024-01-13,,True
OP-03781,Ironclad Security,marcus.miller@gmail.com,U-1012,Qualifcation,48098.18,2027-02-18,2026-08-22,Partner Referral,48098.18,2027-02-18,2026-08-22,Qualification,True
OP-02745,BluePeak Logistics,zoe.brown@gmail.com,U-1026,Proposal Sent,6781.63,2026-11-29,2026-08-16,Bulk Import,6781.63,2026-11-29,2026-08-16,Proposal,True
OP-02964,Vertex Capital,ella.davis@outlook.com,U-1006,New Lead,163330.68,2026-02-07,2025-09-16,Outbound SDR,163330.68,2026-02-07,2025-09-16,Prospecting,True
OP-04224,Tidewater Marine,maya.lee@company.com,U-1023,New Lead,99338.42,2025-11-16,2025-05-16,Web Form,99338.42,2025-11-16,2025-05-16,Prospecting,True
OP-02354,Silverline SaaS,,U-1038,,165911.99,2024-04-24,2024-02-21,Web Form,165911.99,2024-04-24,2024-02-21,,
OP-00468,,sofia.moore@example.org,U-1007,Prospecting,"$74,162",2026-06-12,2026-04-07,Bulk Import,74162.0,2026-06-12,2026-04-07,Prospecting,True
OP-02479,Umbra Defense,ben.taylor@company.com,U-1020,closed won,"$231,756",2026-08-19,2026-03-29,Partner Referral,231756.0,2026-08-19,2026-03-29,Closed Won,True
OP-04663,Meridian Freight,ava.johnson@example.org,U-1019,Negotiation,190719.91,2024-10-07,2024-04-07,Trade Show,190719.91,2024-10-07,2024-04-07,Proposal,True
OP-00478,ForgePoint Systems,marcus.wilson@example.org,U-1036,PROSPECTING,"$13,449.23",2025-08-31,2025-03-09,Outbound SDR,13449.23,2025-08-31,2025-03-09,Prospecting,True
OP-00071,Onyx Pharma,dev.kim@yahoo.com,U-1004,CLOSED WON,170921.10,2026-07-12,2026-02-11,Outbound SDR,170921.1,2026-07-12,2026-02-11,Closed Won,True
OP-03189,Umbra Defense,sofia.taylor@gmail.com,U-1018,PROSPECTING,195630.86,2026-02-03,2025-10-01,Outbound SDR,195630.86,2026-02-03,2025-10-01,Prospecting,True
OP-01982,Acme Industrial,sofia.taylor@company.com,U-1008,Closed-Won,143310.53,2026-05-18,2026-03-01,Bulk Import,143310.53,2026-05-18,2026-03-01,Closed Won,True
OP-04597,BluePeak Logistics,raj.moore@example.org,U-1012,Closed-Lost,220639.47,,2024-12-16,Outbound SDR,220639.47,,2024-12-16,Closed Lost,True
OP-02247,Umbra Defense,liam.anderson@yahoo.com,U-1005,,63888.71,2025-06-29,2024-11-16,Web Form,63888.71,2025-06-29,2024-11-16,,True
OP-02441,Tidewater Marine,marcus.garcia@yahoo.com,U-1029,Discovery,85249.46,2026-08-04,2026-05-10,Outbound SDR,85249.46,2026-08-04,2026-05-10,Qualification,True
OP-00292,Ironclad Security,kara.miller@company.com,U-1007,,157374.69,2026-05-24,2026-05-10,Partner Referral,157374.69,2026-05-24,2026-05-10,,True
OP-02368,DeltaWave Media,aisha.anderson@outlook.com,U-1002,Negotiation,10760.20,2027-01-07,2026-05-31,Partner Referral,10760.2,2027-01-07,2026-05-31,Proposal,True
OP-01147,DeltaWave Media,owen.smith@outlook.com,U-1004,Proposal,203883.76,2026-05-21,2026-01-26,Outbound SDR,203883.76,2026-05-21,2026-01-26,Proposal,True
OP-00173,Copperline Foods,ethan.miller@company.com,U-1006,Lost,176717.15,2025-05-20,2024-12-12,Partner Referral,176717.15,2025-05-20,2024-12-12,Closed Lost,True
OP-02083,Umbra Defense,noah.kim@gmail.com,U-1000,Qualifcation,208375.39,2025-11-09,2025-07-27,Trade Show,208375.39,2025-11-09,2025-07-27,Qualification,True
OP-02493,Harborline Bank,chris.garcia@example.org,U-1033,Quote Sent,30910.40,2026-04-05,2026-02-16,Partner Referral,30910.4,2026-04-05,2026-02-16,Proposal,True
OP-01707,Harborline Bank,noah.lee@company.com,U-1024,Proposal Sent,188679.78,,2025-03-26,Bulk Import,188679.78,,2025-03-26,Proposal,True
OP-02424,,ava.wilson@example.org,U-1011,qualification,196732.68,2025-08-25,2025-03-31,Trade Show,196732.68,2025-08-25,2025-03-31,Qualification,True
OP-00327,Silverline SaaS,owen.johnson@outlook.com,U-1012,PROSPECTING,"$59,056",2025-03-23,2024-11-29,Outbound SDR,59056.0,2025-03-23,2024-11-29,Prospecting,True
OP-02386,BluePeak Logistics,ava.patel@yahoo.com,U-1010,Proposal,212492.86,2024-06-12,2024-03-27,Web Form,212492.86,2024-06-12,2024-03-27,Proposal,True
OP-03381,Harborline Bank,chris.wilson@gmail.com,U-1032,Prospect,"$62,348.73",2025-10-31,2025-10-20,Outbound SDR,62348.73,2025-10-31,2025-10-20,Prospecting,True
OP-04148,ForgePoint Systems,ella.garcia@yahoo.com,U-1012,Qualifcation,16652.00,2026-07-08,2026-06-02,Partner Referral,16652.0,2026-07-08,2026-06-02,Qualification,True
OP-00973,,nina.smith@example.org,U-1002,proposal,236857.06,2026-07-08,2026-06-20,Web Form,236857.06,2026-07-08,2026-06-20,Proposal,True
OP-04197,Vertex Capital,priya.anderson@example.org,U-1035,Qualified,235061.01,2026-07-21,2026-06-04,Trade Show,235061.01,2026-07-21,2026-06-04,Qualification,True
OP-01078,Acme Industrial,tom.patel@company.com,U-1018,PROSPECTING,111015.05,2025-02-10,2024-12-05,Trade Show,111015.05,2025-02-10,2024-12-05,Prospecting,True
OP-00350,Yellowpine Lumber,,U-1030,Prospect,,2026-04-17,2026-03-13,Web Form,,2026-04-17,2026-03-13,Prospecting,
OP-02096,Ironclad Security,aisha.nguyen@example.org,U-1002,Discovery,186975.87,2025-04-19,2024-11-24,Bulk Import,186975.87,2025-04-19,2024-11-24,Qualification,True
OP-03057,Onyx Pharma,noah.wilson@example.org,U-1017,CLOSED WON,34699.36,,2026-02-14,Outbound SDR,34699.36,,2026-02-14,Closed Won,True
OP-03944,Keystone Energy,liam.nguyen@example.org,U-1007,Closed-Won,,2026-07-20,2026-06-05,Bulk Import,,2026-07-20,2026-06-05,Closed Won,True
OP-00177,BluePeak Logistics,noah.taylor@company.com,U-1010,ClosedLost,170028.65,2025-10-29,2025-05-29,Inbound Call,170028.65,2025-10-29,2025-05-29,Closed Lost,True
OP-02916,Pinnacle Travel,marcus.kim@example.org,U-1027,proposal,76023.67,2024-09-08,2024-08-03,Inbound Call,76023.67,2024-09-08,2024-08-03,Proposal,True
OP-03755,Quartzline Telecom,aisha.wilson@gmail.com,U-1022,qualification,182050.11,2026-04-26,2025-11-07,Inbound Call,182050.11,2026-04-26,2025-11-07,Qualification,True
OP-01629,BluePeak Logistics,maya.moore@company.com,U-1028,prospecting,"$223,608.05",,2026-03-25,Web Form,223608.05,,2026-03-25,Prospecting,True
OP-D0188,Vertex Capital,owen.brown@example.org,U-1002,Qualified,"150,332.38 $",2025-07-18,2024-12-04,Trade Show,150332.38,2025-07-18,2024-12-04,Qualification,True
OP-01497,Acme Industrial,nina.wilson@outlook.com,U-1027,ClosedWon,4728.96,2025-01-22,2024-07-19,Partner Referral,4728.96,2025-01-22,2024-07-19,Closed Won,True
OP-02658,Juniper Retail,tom.lee@gmail.com,U-1035,Qualifcation,224866.05,2025-09-19,2025-05-24,Outbound SDR,224866.05,2025-09-19,2025-05-24,Qualification,True
OP-02905,Onyx Pharma,owen.patel@outlook.com,U-1011,closed won,91257.52,2026-02-28,2025-12-03,Inbound Call,91257.52,2026-02-28,2025-12-03,Closed Won,True
OP-03788,Tidewater Marine,liam.garcia@company.com,U-1010,prospecting,146604.67,2025-04-06,2024-08-12,Trade Show,146604.67,2025-04-06,2024-08-12,Prospecting,True
OP-04085,Umbra Defense,not-an-email,U-1017,closed won,181515.74,2025-11-22,2025-10-18,Trade Show,181515.74,2025-11-22,2025-10-18,Closed Won,False
OP-01994,BluePeak Logistics,liam.davis@example.org,U-1008,Negotiation,80153.27,2024-09-04,2024-05-23,Inbound Call,80153.27,2024-09-04,2024-05-23,Proposal,True
OP-02994,Pinnacle Travel,dev.brown@example.org,U-1006,prospecting,"83,169.55 $",2025-08-18,2025-03-24,Bulk Import,83169.55,2025-08-18,2025-03-24,Prospecting,True
OP-03541,Larkspur Labs,lena.kim,U-1022,Closed Lost,16924.94,,2026-08-24,Trade Show,16924.94,,2026-08-24,Closed Lost,False
OP-03556,Granite Ridge Co,aisha.brown@yahoo.com,U-1016,New Lead,41728.74,2026-03-10,2026-02-17,Bulk Import,41728.74,2026-03-10,2026-02-17,Prospecting,True
OP-03688,Harborline Bank,ben.kim@outlook.com,U-1011,Qualifcation,16604.13,2026-02-10,2025-10-02,Bulk Import,16604.13,2026-02-10,2025-10-02,Qualification,True
OP-03699,Juniper Retail,owen.davis@example.org,U-1019,Proposal Sent,"USD 218,610.92",2026-09-06,2026-03-08,Outbound SDR,218610.92,2026-09-06,2026-03-08,Proposal,True
OP-00575,ForgePoint Systems,aisha.patel@company.com,U-1034,qualification,"$213,592.41",2024-11-16,2024-10-21,Trade Show,213592.41,2024-11-16,2024-10-21,Qualification,True
OP-02030,Granite Ridge Co,tom.davis@outlook.com,U-1018,,141915.41,2026-10-15,2026-03-10,Partner Referral,141915.41,2026-10-15,2026-03-10,,True
OP-00404,Northgate Auto,priya.lee@gmail.com,U-1033,Prospecting,107371.91,2026-08-18,2026-04-28,Outbound SDR,107371.91,2026-08-18,2026-04-28,Prospecting,True
OP-03484,Ironclad Security,aisha.lee@gmail.com,U-1034,Closed-Won,76426.89,2026-09-18,2026-03-11,Bulk Import,76426.89,2026-09-18,2026-03-11,Closed Won,True
OP-01102,Tidewater Marine,lena.miller@example.org,U-1017,ClosedLost,45077.70,2026-04-05,2025-10-03,Partner Referral,45077.7,2026-04-05,2025-10-03,Closed Lost,True
OP-02100,Ironclad Security,ava.moore@outlook.com,U-1015,closed won,174736.29,2024-11-25,2024-04-07,Trade Show,174736.29,2024-11-25,2024-04-07,Closed Won,True
OP-00536,Umbra Defense,zoe.patel@yahoo.com,U-1005,Prospect,"$231,945.36",2026-04-01,2025-08-16,Web Form,231945.36,2026-04-01,2025-08-16,Prospecting,True
OP-03135,Meridian Freight,kara.anderson@example.org,U-1034,Negotiation,41369.63,2024-11-18,2024-10-04,Bulk Import,41369.63,2024-11-18,2024-10-04,Proposal,True
OP-00029,Onyx Pharma,kara.wilson@gmail.com,U-1027,ClosedLost,8687.68,2026-09-07,2026-07-30,Inbound Call,8687.68,2026-09-07,2026-07-30,Closed Lost,True
OP-03046,Granite Ridge Co,kara.thomas@yahoo.com,U-1003,Closed Lost,47718.14,2025-12-14,2025-05-25,Partner Referral,47718.14,2025-12-14,2025-05-25,Closed Lost,True
OP-04378,Quartzline Telecom,ava.anderson@company.com,U-1012,qualification,181545.54,2025-01-09,2024-11-23,Partner Referral,181545.54,2025-01-09,2024-11-23,Qualification,True
OP-04558,Everline Health,tom.garcia@company.com,U-1009,Qualifcation,171067.44,2025-10-20,2025-08-09,Partner Referral,171067.44,2025-10-20,2025-08-09,Qualification,True
OP-00988,Umbra Defense,sofia.anderson@gmail.com,U-1002,Closed-Lost,"USD 56,271.11",,2024-07-10,Bulk Import,56271.11,,2024-07-10,Closed Lost,True
OP-02438,Xenon Robotics,chris.thomas@gmail.com,U-1023,Proposal,134746.04,,2026-07-29,Bulk Import,134746.04,,2026-07-29,Proposal,True
OP-02484,Xenon Robotics,ella.thomas@example.org,U-1016,Closed Won,119762.21,2024-11-25,2024-08-21,Trade Show,119762.21,2024-11-25,2024-08-21,Closed Won,True
OP-01278,Vertex Capital,priya.moore@gmail.com,U-1005,Prospect,240509.51,2025-05-30,2025-03-25,Partner Referral,240509.51,2025-05-30,2025-03-25,Prospecting,True
OP-02038,Umbra Defense,priya.taylor@example.org,U-1015,Proposal Sent,95451.94,2025-05-19,2024-11-02,Partner Referral,95451.94,2025-05-19,2024-11-02,Proposal,True
OP-00759,Larkspur Labs,raj.brown@outlook.com,U-1023,Discovery,136110.22,2026-06-30,2025-11-05,Outbound SDR,136110.22,2026-06-30,2025-11-05,Qualification,True
OP-00375,,ethan.smith@company.com,U-1038,Prospecting,243583.64,2026-03-04,2025-09-18,Partner Referral,243583.64,2026-03-04,2025-09-18,Prospecting,True
OP-02581,Harborline Bank,aisha.lee@outlook.com,U-1007,Qualified,123975.43,2025-03-28,2025-02-10,Web Form,123975.43,2025-03-28,2025-02-10,Qualification,True
OP-02270,Silverline SaaS,kara.thomas@outlook.com,U-1011,Prospect,"$209,666.51",2025-01-27,2024-09-28,Inbound Call,209666.51,2025-01-27,2024-09-28,Prospecting,True
OP-03602,Quartzline Telecom,sofia.davis@company.com,U-1017,Closed-Lost,233223.93,2024-06-29,2024-05-09,Inbound Call,233223.93,2024-06-29,2024-05-09,Closed Lost,True
OP-00607,Harborline Bank,owen.smith@gmail.com,U-1033,PROSPECTING,84212.52,2025-05-24,2024-10-24,Web Form,84212.52,2025-05-24,2024-10-24,Prospecting,True
OP-00744,Onyx Pharma,liam.lee@outlook.com,U-1000,PROSPECTING,178553.09,2025-08-27,2025-02-02,Partner Referral,178553.09,2025-08-27,2025-02-02,Prospecting,True
OP-02900,Xenon Robotics,sofia.lee@example.org,U-1009,closed lost,172139.99,2026-09-19,2026-07-30,Web Form,172139.99,2026-09-19,2026-07-30,Closed Lost,True
OP-03247,Redwood Outdoors,dev.lee@outlook.com,U-1022,Qualified,"$179,836.38",2026-06-27,2026-06-04,Outbound SDR,179836.38,2026-06-27,2026-06-04,Qualification,True
OP-D0061,Xenon Robotics,sofia.nguyen@gmail.com,U-1023,Negotiation,,2025-05-31,2025-04-25,Bulk Import,,2025-05-31,2025-04-25,Proposal,True
OP-04028,Larkspur Labs,maya.taylor@yahoo.com,U-1012,Won,177005.92,2025-01-22,2024-07-23,Trade Show,177005.92,2025-01-22,2024-07-23,Closed Won,True
OP-00864,Yellowpine Lumber,ella.anderson@yahoo.com,U-1038,Quote Sent,192123.87,2026-03-10,2025-09-04,Bulk Import,192123.87,2026-03-10,2025-09-04,Proposal,True
OP-00552,DeltaWave Media,lena.nguyen@example.org,U-1025,PROSPECTING,"$61,214.25",2024-10-17,2024-02-24,Outbound SDR,61214.25,2024-10-17,2024-02-24,Prospecting,True
OP-04228,Juniper Retail,chris.kim@gmail.com,U-1037,Prospecting,172757.86,2026-07-18,2026-01-07,Bulk Import,172757.86,2026-07-18,2026-01-07,Prospecting,True
OP-D0295,Harborline Bank,sofia.brown@gmail.com,U-1036,Qualification,,2027-01-17,2026-06-14,Outbound SDR,,2027-01-17,2026-06-14,Qualification,True
OP-02703,Ironclad Security,kara.miller@company.com,U-1022,Quote Sent,94518.13,2025-02-06,2024-11-24,Trade Show,94518.13,2025-02-06,2024-11-24,Proposal,True
OP-03396,Everline Health,ava.anderson@gmail.com,admin,Qualification,76410.68,2024-07-02,2024-03-13,Bulk Import,76410.68,2024-07-02,2024-03-13,Qualification,True
OP-01313,Yellowpine Lumber,tom.brown@yahoo.com,U-1012,Prospect,120156.34,2027-01-18,2026-08-09,Bulk Import,120156.34,2027-01-18,2026-08-09,Prospecting,True
OP-01131,Xenon Robotics,zoe.patel@outlook.com,U-1026,proposal,241081.64,2026-08-30,2026-01-31,Web Form,241081.64,2026-08-30,2026-01-31,Proposal,True
OP-00341,Harborline Bank,maya.davis@company.com,U-1020,Qualification,22730.21,2026-09-30,2026-03-11,Bulk Import,22730.21,2026-09-30,2026-03-11,Qualification,True
OP-04053,Meridian Freight,lena.leeyahoo.com,U-1023,,"$180,563.30",,2025-08-10,Trade Show,180563.3,,2025-08-10,,False
OP-01922,Yellowpine Lumber,marcus.wilson@company.com,U-1010,Qualifcation,215456.47,2026-11-02,2026-04-21,Bulk Import,215456.47,2026-11-02,2026-04-21,Qualification,True
OP-02960,Vertex Capital,owen.garcia@example.org,U-1031,Lost,33514.81,2025-04-10,2024-09-06,Trade Show,33514.81,2025-04-10,2024-09-06,Closed Lost,True
OP-02056,Willow Creek Farms,zoe.taylor@outlook.com,U-1032,qualification,122613.29,2026-03-29,2026-02-07,Partner Referral,122613.29,2026-03-29,2026-02-07,Qualification,True
OP-03845,Tidewater Marine,aisha.moore@outlook.com,U-1022,Quote Sent,168535.17,2025-09-23,2025-02-21,Outbound SDR,168535.17,2025-09-23,2025-02-21,Proposal,True
OP-00335,Juniper Retail,maya.johnson@company.com,U-1018,Qualification,48711.69,2025-09-19,2025-04-07,Web Form,48711.69,2025-09-19,2025-04-07,Qualification,True
OP-00589,Juniper Retail,,U-1010,Qualifcation,85076.47,,2024-05-26,Partner Referral,85076.47,,2024-05-26,Qualification,
OP-04372,Copperline Foods,zoe.lee@yahoo.com,U-1031,Quote Sent,"$176,046.66",2026-02-10,2025-10-22,Bulk Import,176046.66,2026-02-10,2025-10-22,Proposal,True
OP-04538,Pinnacle Travel,marcus.lee@example.org,U-1009,prospecting,"$202,953.83",2025-07-09,2025-02-26,Inbound Call,202953.83,2025-07-09,2025-02-26,Prospecting,True
OP-00331,Granite Ridge Co,ethan.moore@company.com,U-1037,Qualification,5950.68,2024-08-21,2024-05-15,Web Form,5950.68,2024-08-21,2024-05-15,Qualification,True
OP-03076,Vertex Capital,lena.lee@example.org,U-1006,qualification,231223.10,2026-07-06,2026-04-23,Inbound Call,231223.1,2026-07-06,2026-04-23,Qualification,True
OP-00036,Keystone Energy,priya.kim@gmail.com,U-1011,Qualifcation,64348.11,2025-06-30,2024-12-26,Inbound Call,64348.11,2025-06-30,2024-12-26,Qualification,True
OP-02321,Granite Ridge Co,chris.garcia@company.com,U-1032,Negotiation,185721.39,2025-07-16,2025-04-11,Inbound Call,185721.39,2025-07-16,2025-04-11,Proposal,True
OP-01995,Umbra Defense,lena.smith@company.com,U-1027,Qualification,117198.50,2025-09-11,2025-06-16,Web Form,117198.5,2025-09-11,2025-06-16,Qualification,True
OP-02842,Copperline Foods,kara.moore@company.com,U-1021,Proposal Sent,"$36,281.47",2025-06-27,2025-04-09,Trade Show,36281.47,2025-06-27,2025-04-09,Proposal,True
OP-02808,Granite Ridge Co,raj.brown@gmail.com,U-1028,qualification,21153.67,2024-09-20,2024-03-29,Web Form,21153.67,2024-09-20,2024-03-29,Qualification,True
OP-02142,Acme Industrial,raj.nguyen@company.com,U-1030,proposal,173289.28,2025-08-20,2025-05-21,Inbound Call,173289.28,2025-08-20,2025-05-21,Proposal,True
OP-D0156,DeltaWave Media,noah.kim@outlook.com,U-1022,Prospecting,44222.82,2026-09-20,2026-05-13,Inbound Call,44222.82,2026-09-20,2026-05-13,Prospecting,True
OP-00691,Ironclad Security,lena.kim@gmail.com,U-0000,Proposal Sent,160785.83,2026-11-20,2026-05-12,Inbound Call,160785.83,2026-11-20,2026-05-12,Proposal,True
OP-00462,Vertex Capital,ella.miller@example.org,U-1017,Closed Lost,54344.95,2026-03-16,2025-08-19,Outbound SDR,54344.95,2026-03-16,2025-08-19,Closed Lost,True
OP-01811,Pinnacle Travel,maya.smith@example.org,U-1008,Proposal Sent,32628.67,2026-09-12,2026-01-19,Web Form,32628.67,2026-09-12,2026-01-19,Proposal,True
OP-00019,Everline Health,sofia.taylor,U-1015,Closed-Won,"220,591.22 $",2026-10-11,2026-08-05,Partner Referral,220591.22,2026-10-11,2026-08-05,Closed Won,False
OP-04627,Northgate Auto,lena.kim@example.org,U-1009,Qualified,80423.73,2024-06-26,2024-04-20,Partner Referral,80423.73,2024-06-26,2024-04-20,Qualification,True
OP-01500,Onyx Pharma,ethan.kim@yahoo.com,U-1004,Quote Sent,228848.96,2025-03-14,2024-09-27,Web Form,228848.96,2025-03-14,2024-09-27,Proposal,True
OP-00221,Ironclad Security,raj.taylor@yahoo.com,U-1006,PROSPECTING,"$219,716",2026-08-17,2026-05-10,Inbound Call,219716.0,2026-08-17,2026-05-10,Prospecting,True
OP-02049,Everline Health,ava.davis@yahoo.com,U-1005,Proposal,"USD 191,424.30",2025-02-06,2024-06-15,Web Form,191424.3,2025-02-06,2024-06-15,Proposal,True
OP-03044,,lena.anderson@outlook.com,U-1003,prospecting,,2025-06-29,2025-01-08,Web Form,,2025-06-29,2025-01-08,Prospecting,True
OP-03665,Silverline SaaS,priya.wilson@outlook.com,U-1014,Qualification,240367.90,2026-11-15,2026-05-02,Outbound SDR,240367.9,2026-11-15,2026-05-02,Qualification,True
OP-04593,Onyx Pharma,nina.nguyen@company.com,U-1010,Prospecting,155561.23,,2024-07-02,Web Form,155561.23,,2024-07-02,Prospecting,True
OP-01704,Northgate Auto,lena.garcia@outlook.com,U-1022,Prospect,109749.93,2025-11-05,2025-09-06,Trade Show,109749.93,2025-11-05,2025-09-06,Prospecting,True
OP-04420,Granite Ridge Co,ella.taylor@yahoo.com,U-1039,Closed Won,73655.41,2025-05-27,2025-04-07,Web Form,73655.41,2025-05-27,2025-04-07,Closed Won,True
OP-01932,Willow Creek Farms,maya.taylor@gmail.com,U-1011,Qualification,237335.88,,2026-03-17,Inbound Call,237335.88,,2026-03-17,Qualification,True
OP-01242,,lena.patel@outlook.com,U-1019,proposal,190764.05,2024-06-30,2024-03-07,Outbound SDR,190764.05,2024-06-30,2024-03-07,Proposal,True
OP-03533,Pinnacle Travel,zoe.davis@gmail.com,U-1016,ClosedLost,"USD 157,925.71",2026-05-08,2026-04-05,Web Form,157925.71,2026-05-08,2026-04-05,Closed Lost,True
OP-01492,Harborline Bank,,U-1018,Proposal Sent,143832.60,2024-12-01,2024-10-24,Partner Referral,143832.6,2024-12-01,2024-10-24,Proposal,
OP-01373,Silverline SaaS,raj.thomas@outlook.com,U-1005,Qualifcation,"$192,738",2025-05-31,2024-11-06,Web Form,192738.0,2025-05-31,2024-11-06,Qualification,True
OP-04417,Meridian Freight,sofia.brown@yahoo.com,U-1007,Quote Sent,50408.72,2025-03-18,2026-10-22,Bulk Import,50408.72,2025-03-18,2026-10-22,Proposal,True
OP-04389,Umbra Defense,priya.johnson@yahoo.com,U-1013,Qualified,"$239,542.26",2026-08-31,2026-01-07,Trade Show,239542.26,2026-08-31,2026-01-07,Qualification,True
OP-01640,DeltaWave Media,maya.davis@yahoo.com,U-1027,Prospecting,"$227,938.92",2026-08-16,2026-07-11,Bulk Import,227938.92,2026-08-16,2026-07-11,Prospecting,True
OP-02093,ForgePoint Systems,lena.moore@company.com,U-1022,Closed-Won,2120.93,2025-02-10,2025-02-02,Outbound SDR,2120.93,2025-02-10,2025-02-02,Closed Won,True
OP-00359,Yellowpine Lumber,tom.davis@outlook.com,U-1025,Negotiation,171972.79,2024-09-21,2024-04-22,Partner Referral,171972.79,2024-09-21,2024-04-22,Proposal,True
OP-01596,Granite Ridge Co,raj.kim@gmail.com,U-1001,,156927.00,2026-01-22,2025-10-06,Web Form,156927.0,2026-01-22,2025-10-06,,True
OP-04319,Vertex Capital,ella.johnson@company.com,U-1008,New Lead,126492.86,,2024-02-01,Outbound SDR,126492.86,,2024-02-01,Prospecting,True
OP-00993,Quartzline Telecom,kara.thomas@yahoo.com,U-1029,Qualifcation,138459.04,2025-05-23,2025-03-23,Trade Show,138459.04,2025-05-23,2025-03-23,Qualification,True
OP-01580,Tidewater Marine,kara.davis@example.org,U-1006,Qualifcation,99499.94,2025-02-27,2024-07-11,Partner Referral,99499.94,2025-02-27,2024-07-11,Qualification,True
OP-02042,Everline Health,kara.patel@gmail.com,U-1023,Quote Sent,47986.59,2025-12-22,2025-06-06,Partner Referral,47986.59,2025-12-22,2025-06-06,Proposal,True
OP-00145,Vertex Capital,priya.lee@yahoo.com,U-1018,Won,100633.54,2026-03-23,2025-12-15,Partner Referral,100633.54,2026-03-23,2025-12-15,Closed Won,True
OP-01166,BluePeak Logistics,priya.garcia@gmail.com,U-1015,prospecting,88426.99,2025-10-24,2025-08-21,Partner Referral,88426.99,2025-10-24,2025-08-21,Prospecting,True
OP-01585,Everline Health,ava.brown@outlook.com,U-1033,Won,137643.68,2024-06-03,2024-05-09,Trade Show,137643.68,2024-06-03,2024-05-09,Closed Won,True
OP-02917,Zephyr Airlines,tom.garcia@company.com,U-1011,PROSPECTING,"$139,587.72",2025-08-19,2025-08-09,Trade Show,139587.72,2025-08-19,2025-08-09,Prospecting,True
OP-01662,Zephyr Airlines,tom.garcia@example.org,U-1004,Qualification,34066.50,2024-10-19,2024-07-21,Partner Referral,34066.5,2024-10-19,2024-07-21,Qualification,True
OP-04304,Northgate Auto,kara.patel@gmail.com,U-1001,ClosedWon,"$234,965.28",2026-10-20,2026-03-02,Web Form,234965.28,2026-10-20,2026-03-02,Closed Won,True
OP-00662,Vertex Capital,aisha.patel@yahoo.com,U-1030,Prospecting,"$191,187.46",2026-02-07,2025-07-05,Web Form,191187.46,2026-02-07,2025-07-05,Prospecting,True
OP-01566,Quartzline Telecom,dev.garcia@yahoo.com,U-1024,Proposal,204016.51,2026-03-12,2025-08-04,Trade Show,204016.51,2026-03-12,2025-08-04,Proposal,True
OP-04033,Everline Health,ethan.patel@gmail.com,U-1000,Prospect,90199.85,2025-12-10,2025-08-23,Trade Show,90199.85,2025-12-10,2025-08-23,Prospecting,True
OP-01850,Xenon Robotics,chris.moore@company.com,U-1019,ClosedLost,"$188,321.00",2025-01-10,2024-07-21,Web Form,188321.0,2025-01-10,2024-07-21,Closed Lost,True
OP-03346,Willow Creek Farms,tom.garcia@yahoo.com,U-1029,New Lead,"202,500.29 $",2025-04-24,2025-02-03,Inbound Call,202500.29,2025-04-24,2025-02-03,Prospecting,True
OP-04121,Zephyr Airlines,ava.davis@outlook.com,U-1030,ClosedWon,"172,873.08 $",2025-06-23,2024-11-09,Outbound SDR,172873.08,2025-06-23,2024-11-09,Closed Won,True
OP-04678,Silverline SaaS,dev.nguyen@gmail.com,U-1021,Qualifcation,112762.65,,2024-12-06,Web Form,112762.65,,2024-12-06,Qualification,True
OP-02903,ForgePoint Systems,raj.kim@outlook.com,U-1038,qualification,67214.76,2024-10-21,2024-07-07,Partner Referral,67214.76,2024-10-21,2024-07-07,Qualification,True
OP-03681,Granite Ridge Co,priya.lee@yahoo.com,U-1036,Qualification,4092.09,2025-02-25,2025-01-26,Trade Show,4092.09,2025-02-25,2025-01-26,Qualification,True
OP-00583,Northgate Auto,ava.thomas@example.org,U-1021,Proposal,136304.19,2025-07-19,2025-06-29,Partner Referral,136304.19,2025-07-19,2025-06-29,Proposal,True
OP-02568,Juniper Retail,tom.nguyen@outlook.com,U-1037,Closed-Won,164495.10,,2025-01-07,Outbound SDR,164495.1,,2025-01-07,Closed Won,True
OP-04634,Everline Health,priya.moore@outlook.com,U-1011,Discovery,196738.74,2024-11-28,2024-11-17,Web Form,196738.74,2024-11-28,2024-11-17,Qualification,True
OP-01828,Xenon Robotics,zoe.moore@gmail.com,U-1031,proposal,92050.32,2025-10-12,2025-06-21,Partner Referral,92050.32,2025-10-12,2025-06-21,Proposal,True
OP-00191,Yellowpine Lumber,raj.patel@outlook.com,U-1032,Prospecting,157418.36,2026-09-22,2026-05-03,Bulk Import,157418.36,2026-09-22,2026-05-03,Prospecting,True
OP-02157,Northgate Auto,lena.anderson@yahoo.com,U-1026,Qualified,234580.05,,2024-02-07,Partner Referral,234580.05,,2024-02-07,Qualification,True
OP-03900,Pinnacle Travel,nina.smith@company.com,U-1030,Discovery,224637.64,2026-01-21,2025-12-12,Trade Show,224637.64,2026-01-21,2025-12-12,Qualification,True
OP-00916,DeltaWave Media,ethan.miller@example.org,U-1005,prospecting,140267.04,2025-06-18,2025-01-05,Outbound SDR,140267.04,2025-06-18,2025-01-05,Prospecting,True
OP-D0060,Redwood Outdoors,dev.davis@outlook.com,U-1016,Qualification,99442.59,2024-05-23,2024-04-11,Bulk Import,99442.59,2024-05-23,2024-04-11,Qualification,True
OP-D0216,Redwood Outdoors,dev.smith@example.org,U-1007,Lost,232768.38,2026-06-15,2026-05-03,Inbound Call,232768.38,2026-06-15,2026-05-03,Closed Lost,True
OP-04549,Northgate Auto,ava.garcia@yahoo.com,U-1023,qualification,222577.68,2024-04-26,2024-02-24,Outbound SDR,222577.68,2024-04-26,2024-02-24,Qualification,True
OP-04036,Umbra Defense,,U-1023,Won,138305.40,2026-01-28,2025-10-25,Bulk Import,138305.4,2026-01-28,2025-10-25,Closed Won,
OP-00197,ForgePoint Systems,raj.anderson@yahoo.com,U-1025,Won,68540.73,2025-03-10,2024-12-02,Outbound SDR,68540.73,2025-03-10,2024-12-02,Closed Won,True
OP-02672,Willow Creek Farms,tom.thomas@example.org,U-1000,Proposal,"$62,200",2026-03-24,2026-01-08,Web Form,62200.0,2026-03-24,2026-01-08,Proposal,True
OP-01776,Silverline SaaS,kara.davis@yahoo.com,U-1006,Prospect,64881.30,2024-05-31,2024-04-22,Trade Show,64881.3,2024-05-31,2024-04-22,Prospecting,True
OP-03288,Harborline Bank,ethan.nguyen@yahoo.com,U-1005,ClosedWon,"$3,214",2025-06-27,2025-03-08,Outbound SDR,3214.0,2025-06-27,2025-03-08,Closed Won,True
OP-00451,Yellowpine Lumber,zoe.brown@outlook.com,U-1015,prospecting,94881.86,2025-02-18,2024-09-06,Trade Show,94881.86,2025-02-18,2024-09-06,Prospecting,True
OP-01118,Quartzline Telecom,zoe.anderson@outlook.com,U-1014,Closed-Won,"$99,473.45",2027-03-18,2026-08-13,Partner Referral,99473.45,2027-03-18,2026-08-13,Closed Won,True
OP-03913,Tidewater Marine,maya.patel@gmail.com,U-1009,PROSPECTING,121333.79,,2024-08-02,Outbound SDR,121333.79,,2024-08-02,Prospecting,True
OP-00104,Northgate Auto,marcus.kim@yahoo.com,U-1005,CLOSED WON,"USD 163,333.60",2026-06-19,2025-10-30,Trade Show,163333.6,2026-06-19,2025-10-30,Closed Won,True
OP-00450,Willow Creek Farms,kara.lee@company.com,U-1014,Proposal,85106.09,2025-07-03,2024-11-21,Bulk Import,85106.09,2025-07-03,2024-11-21,Proposal,True
OP-02241,Vertex Capital,aisha.brown@company.com,U-1031,Won,"$21,656.02",2025-11-22,2025-06-23,Outbound SDR,21656.02,2025-11-22,2025-06-23,Closed Won,True
OP-00976,Larkspur Labs,nina.thomas@yahoo.com,U-1023,Quote Sent,57001.20,2026-08-01,2026-03-04,Outbound SDR,57001.2,2026-08-01,2026-03-04,Proposal,True
OP-03859,Larkspur Labs,aisha.taylor@yahoo.com,U-1019,Discovery,124126.46,2025-05-31,2025-04-13,Outbound SDR,124126.46,2025-05-31,2025-04-13,Qualification,True
OP-00146,Umbra Defense,nina.smith@company.com,U-1008,Qualification,"$232,499",2026-10-20,2026-03-13,Trade Show,232499.0,2026-10-20,2026-03-13,Qualification,True
OP-02988,Pinnacle Travel,owen.garcia@gmail.com,U-1029,Negotiation,218549.84,2026-05-03,2025-10-04,Web Form,218549.84,2026-05-03,2025-10-04,Proposal,True
OP-00023,Tidewater Marine,kara.miller@yahoo.com,U-1028,Qualification,"$77,361",2025-10-28,2025-08-05,Trade Show,77361.0,2025-10-28,2025-08-05,Qualification,True
OP-02859,,nina.miller@outlook.com,U-1029,Quote Sent,229998.47,2026-08-05,2026-02-21,Outbound SDR,229998.47,2026-08-05,2026-02-21,Proposal,True
OP-04157,Meridian Freight,lena.nguyen@example.org,U-1034,Prospect,"$30,881.09",2026-04-10,2025-11-02,Inbound Call,30881.09,2026-04-10,2025-11-02,Prospecting,True
OP-00872,Onyx Pharma,nina.wilson@company.com,U-1003,New Lead,50583.08,2025-09-14,2025-02-21,Trade Show,50583.08,2025-09-14,2025-02-21,Prospecting,True
OP-03249,Copperline Foods,noah.wilson@example.org,U-1039,qualification,68019.39,2026-03-31,2025-11-21,Outbound SDR,68019.39,2026-03-31,2025-11-21,Qualification,True
OP-04076,Meridian Freight,nina.smith@outlook.com,U-1029,PROSPECTING,7374.28,,2024-03-11,Web Form,7374.28,,2024-03-11,Prospecting,True
OP-00537,Copperline Foods,ethan.garcia@yahoo.com,U-8888,,159120.85,2025-02-01,2024-08-03,Trade Show,159120.85,2025-02-01,2024-08-03,,True
OP-02647,Quartzline Telecom,liam.garcia@outlook.com,U-1035,Prospecting,"USD 136,918.75",2024-10-22,2024-04-26,Inbound Call,136918.75,2024-10-22,2024-04-26,Prospecting,True
OP-02705,Quartzline Telecom,aisha.wilson@example.org,U-1006,Discovery,214916.04,2024-07-20,2024-04-19,Web Form,214916.04,2024-07-20,2024-04-19,Qualification,True
OP-03839,BluePeak Logistics,aisha.moore@gmail.com,U-1026,closed won,,2025-08-06,2025-03-26,Bulk Import,,2025-08-06,2025-03-26,Closed Won,True
OP-03446,Yellowpine Lumber,ava.smith@outlook.com,U-1036,Qualifcation,"$66,993.19",2026-12-21,2026-04-29,Trade Show,66993.19,2026-12-21,2026-04-29,Qualification,True
OP-03393,Pinnacle Travel,liam.wilson@outlook.com,U-1000,closed lost,"$164,594.58",2024-12-14,2024-04-27,Web Form,164594.58,2024-12-14,2024-04-27,Closed Lost,True
OP-01421,Granite Ridge Co,noah.lee@yahoo.com,U-1038,PROSPECTING,194744.54,2026-02-25,2025-09-10,Trade Show,194744.54,2026-02-25,2025-09-10,Prospecting,True
OP-01584,Everline Health,aisha.johnson@company.com,U-1029,Closed Lost,17217.61,2025-01-15,2024-07-20,Trade Show,17217.61,2025-01-15,2024-07-20,Closed Lost,True
OP-02816,Quartzline Telecom,ben.patel@example.org,U-1029,Discovery,130607.81,2024-07-12,2024-02-20,Trade Show,130607.81,2024-07-12,2024-02-20,Qualification,True
OP-04408,DeltaWave Media,nina.miller@example.org,U-1003,Won,220691.59,2026-06-17,2026-05-13,Partner Referral,220691.59,2026-06-17,2026-05-13,Closed Won,True
OP-04268,Yellowpine Lumber,liam.thomas@outlook.com,U-1015,proposal,169775.89,2026-01-08,2025-07-04,Outbound SDR,169775.89,2026-01-08,2025-07-04,Proposal,True
OP-02433,Onyx Pharma,ben.moore@gmail.com,U-1006,Negotiation,165854.32,2025-01-12,2024-06-13,Outbound SDR,165854.32,2025-01-12,2024-06-13,Proposal,True
OP-00669,Pinnacle Travel,ava.miller@company.com,U-1032,Closed Won,228419.59,2026-04-16,2026-03-28,Partner Referral,228419.59,2026-04-16,2026-03-28,Closed Won,True
OP-02986,Onyx Pharma,ava.taylor@yahoo.com,U-1001,Quote Sent,156714.08,2024-05-13,2024-04-22,Bulk Import,156714.08,2024-05-13,2024-04-22,Proposal,True
OP-04535,Quartzline Telecom,ella.thomas@example.org,U-1009,Prospecting,"3,300.24 $",2026-03-13,2025-11-25,Trade Show,3300.24,2026-03-13,2025-11-25,Prospecting,True
OP-02466,Copperline Foods,sofia.lee@yahoo.com,U-1039,qualification,241176.67,2026-04-01,2025-08-06,Inbound Call,241176.67,2026-04-01,2025-08-06,Qualification,True
OP-00844,DeltaWave Media,dev.smith@outlook.com,U-1020,ClosedWon,"$94,142",2025-10-18,2025-03-25,Outbound SDR,94142.0,2025-10-18,2025-03-25,Closed Won,True
OP-04056,Quartzline Telecom,chris.smith@gmail.com,U-1016,Qualifcation,211879.38,2026-01-13,2027-05-02,Partner Referral,211879.38,2026-01-13,2027-05-02,Qualification,True
OP-01366,Granite Ridge Co,priya.nguyen@yahoo.com,U-1032,closed won,150272.59,2026-01-28,2025-11-16,Trade Show,150272.59,2026-01-28,2025-11-16,Closed Won,True
OP-03519,Meridian Freight,ava.patel@company.com,U-1004,Prospecting,,2026-12-15,2026-04-28,Bulk Import,,2026-12-15,2026-04-28,Prospecting,True
OP-02955,Granite Ridge Co,marcus.davis@company.com,U-1003,prospecting,59708.34,2024-07-26,2024-01-25,Outbound SDR,59708.34,2024-07-26,2024-01-25,Prospecting,True
OP-01299,Harborline Bank,noah.patel@company.com,U-1023,Discovery,229198.35,2026-11-29,2026-06-12,Inbound Call,229198.35,2026-11-29,2026-06-12,Qualification,True
OP-03438,Quartzline Telecom,owen.anderson@company.com,U-1029,qualification,80700.98,2025-08-04,2025-02-15,Web Form,80700.98,2025-08-04,2025-02-15,Qualification,True
OP-00370,Zephyr Airlines,not-an-email,U-1015,Qualifcation,"USD 205,698.61",2026-09-30,2026-08-17,Partner Referral,205698.61,2026-09-30,2026-08-17,Qualification,False
OP-02712,DeltaWave Media,ella.davis@outlook.com,U-1039,,181775.59,2024-02-21,2024-01-07,Web Form,181775.59,2024-02-21,2024-01-07,,True
OP-04229,BluePeak Logistics,ben.wilson@outlook.com,U-1024,Qualification,,2024-10-24,2024-05-22,Inbound Call,,2024-10-24,2024-05-22,Qualification,True
OP-00511,Zephyr Airlines,ava.kim@example.org,U-1008,proposal,91703.94,,2026-02-05,Web Form,91703.94,,2026-02-05,Proposal,True
OP-02167,DeltaWave Media,ethan.nguyen@company.com,U-1003,Prospect,71327.80,2025-06-19,2025-06-08,Web Form,71327.8,2025-06-19,2025-06-08,Prospecting,True
OP-03217,Acme Industrial,kara.wilson@yahoo.com,U-1003,Prospect,"$145,786.50",2025-02-25,2025-02-09,Partner Referral,145786.5,2025-02-25,2025-02-09,Prospecting,True
OP-02139,Zephyr Airlines,raj.wilson@gmail.com,U-1008,Closed Lost,172157.25,2025-03-01,2024-11-29,Bulk Import,172157.25,2025-03-01,2024-11-29,Closed Lost,True
OP-01654,Redwood Outdoors,ella.smith@outlook.com,U-1032,Closed-Won,"$118,857.17",2026-06-14,2025-12-20,Outbound SDR,118857.17,2026-06-14,2025-12-20,Closed Won,True
OP-00688,,lena.garcia@company.com,U-1037,PROSPECTING,"$19,491.85",2025-07-12,2025-02-04,Trade Show,19491.85,2025-07-12,2025-02-04,Prospecting,True
OP-02366,BluePeak Logistics,marcus.nguyen@example.org,U-1009,Closed Lost,,2025-10-03,2025-07-22,Partner Referral,,2025-10-03,2025-07-22,Closed Lost,True
OP-00027,,chris.kim@example.org,U-1003,prospecting,177191.95,2024-07-05,2024-05-21,Inbound Call,177191.95,2024-07-05,2024-05-21,Prospecting,True
OP-03644,Silverline SaaS,sofia.davis@company.com,U-1026,Qualification,18296.00,2024-11-29,2024-09-13,Bulk Import,18296.0,2024-11-29,2024-09-13,Qualification,True
OP-02451,Onyx Pharma,not-an-email,U-1002,Proposal Sent,3762.07,2024-08-06,2024-01-30,Outbound SDR,3762.07,2024-08-06,2024-01-30,Proposal,False
OP-02178,Granite Ridge Co,lena.smith@gmail.com,U-1019,closed won,168985.74,,2027-05-11,Outbound SDR,168985.74,,2027-05-11,Closed Won,True
OP-00514,Everline Health,ava.brown@company.com,U-1029,Negotiation,188280.97,2024-10-20,2024-03-02,Bulk Import,188280.97,2024-10-20,2024-03-02,Proposal,True
OP-02318,Everline Health,raj.anderson@gmail.com,U-1003,New Lead,"$201,165",2025-10-12,2025-08-15,Outbound SDR,201165.0,2025-10-12,2025-08-15,Prospecting,True
OP-04590,Copperline Foods,priya.anderson@example.org,U-1034,Qualifcation,228121.05,,2026-08-05,Bulk Import,228121.05,,2026-08-05,Qualification,True
OP-01065,,ethan.lee@example.org,U-1004,ClosedWon,242762.48,2026-04-14,2025-11-20,Bulk Import,242762.48,2026-04-14,2025-11-20,Closed Won,True
OP-01273,Zephyr Airlines,priya.johnson@yahoo.com,U-1002,Prospecting,"$191,953.66",2025-09-10,2025-05-13,Trade Show,191953.66,2025-09-10,2025-05-13,Prospecting,True
OP-D0190,Xenon Robotics,lena.miller@example.org,U-1024,Negotiation,,2024-08-10,2024-03-07,Web Form,,2024-08-10,2024-03-07,Proposal,True
OP-01326,Silverline SaaS,ava.anderson@company.com,U-1027,Won,190371.00,2025-05-13,2026-11-04,Bulk Import,190371.0,2025-05-13,2026-11-04,Closed Won,True
OP-04207,Willow Creek Farms,lena.johnson@outlook.com,U-1038,Discovery,65356.93,2025-09-25,2025-06-05,Web Form,65356.93,2025-09-25,2025-06-05,Qualification,True
OP-03636,ForgePoint Systems,chris.brown@yahoo.com,U-1030,Closed-Won,111890.85,2024-10-10,2024-03-02,Web Form,111890.85,2024-10-10,2024-03-02,Closed Won,True
OP-02450,Everline Health,noah.brown@example.org,U-1030,CLOSED WON,129978.90,2025-02-23,2024-11-06,Partner Referral,129978.9,2025-02-23,2024-11-06,Closed Won,True
OP-03772,Umbra Defense,liam.wilson@outlook.com,U-1027,Discovery,152698.05,,2025-12-11,Web Form,152698.05,,2025-12-11,Qualification,True
OP-03317,Umbra Defense,marcus.anderson@company.com,U-1036,ClosedLost,65539.39,2024-06-27,2024-06-01,Trade Show,65539.39,2024-06-27,2024-06-01,Closed Lost,True
OP-00852,Juniper Retail,owen.moore@gmail.com,U-1035,ClosedLost,127293.65,2025-11-10,2025-06-09,Trade Show,127293.65,2025-11-10,2025-06-09,Closed Lost,True
OP-00012,Onyx Pharma,ava.johnson@outlook.com,U-1031,Closed Won,14545.91,2026-11-20,2026-04-07,Outbound SDR,14545.91,2026-11-20,2026-04-07,Closed Won,True
OP-01129,ForgePoint Systems,ava.wilson@yahoo.com,U-1023,Prospect,19023.66,2025-03-19,2024-07-24,Web Form,19023.66,2025-03-19,2024-07-24,Prospecting,True
OP-02252,Ironclad Security,tom.taylor@gmail.com,U-1003,Proposal Sent,,2026-03-17,2026-02-03,Trade Show,,2026-03-17,2026-02-03,Proposal,True
OP-04167,Northgate Auto,lena.johnson@yahoo.com,U-1022,Qualifcation,"USD 61,186.76",2025-07-15,2025-05-07,Bulk Import,61186.76,2025-07-15,2025-05-07,Qualification,True
OP-04424,Keystone Energy,owen.smith@example.org,U-1033,ClosedWon,"$212,404.54",2026-04-09,2026-02-22,Trade Show,212404.54,2026-04-09,2026-02-22,Closed Won,True
OP-03198,Silverline SaaS,ava.wilson@outlook.com,U-1027,Qualification,"$14,990",2025-09-01,2025-04-27,Partner Referral,14990.0,2025-09-01,2025-04-27,Qualification,True
OP-04034,DeltaWave Media,ava.patel@company.com,U-1017,Discovery,55707.11,,2024-07-24,Inbound Call,55707.11,,2024-07-24,Qualification,True
OP-01469,Tidewater Marine,chris.wilson@outlook.com,U-1008,prospecting,98559.50,,2025-09-30,Bulk Import,98559.5,,2025-09-30,Prospecting,True
OP-01511,,raj.brown@example.org,U-1003,Prospect,"$175,416.20",2025-09-29,2025-05-19,Bulk Import,175416.2,2025-09-29,2025-05-19,Prospecting,True
OP-D0298,Northgate Auto,raj.taylor@example.org,U-1011,closed lost,96171.67,2025-08-17,2025-06-06,Partner Referral,96171.67,2025-08-17,2025-06-06,Closed Lost,True
OP-00067,Pinnacle Travel,chris.johnson@yahoo.com,U-1037,qualification,"189,225.90 $",2026-01-11,2025-09-13,Outbound SDR,189225.9,2026-01-11,2025-09-13,Qualification,True
OP-D0250,Onyx Pharma,liam.brown@company.com,U-1017,Quote Sent,189978.67,,2024-12-22,Bulk Import,189978.67,,2024-12-22,Proposal,True
OP-01381,DeltaWave Media,liam.lee@yahoo.com,U-1001,Prospecting,"$17,824",2026-09-06,2026-01-18,Outbound SDR,17824.0,2026-09-06,2026-01-18,Prospecting,True
OP-01895,DeltaWave Media,ben.lee@outlook.com,U-1036,New Lead,142813.10,,2024-01-27,Partner Referral,142813.1,,2024-01-27,Prospecting,True
OP-01912,Pinnacle Travel,dev.davis@example.org,U-1026,ClosedWon,17752.92,2025-09-09,2025-06-02,Inbound Call,17752.92,2025-09-09,2025-06-02,Closed Won,True
OP-00533,Silverline SaaS,liam.taylor@example.org,U-1024,Quote Sent,49779.78,2025-05-23,2025-03-16,Trade Show,49779.78,2025-05-23,2025-03-16,Proposal,True
OP-00806,Vertex Capital,liammiller@gmail.com,U-1028,prospecting,176402.18,2025-01-29,2024-11-30,Inbound Call,176402.18,2025-01-29,2024-11-30,Prospecting,True
OP-02593,Meridian Freight,nina.johnson@gmail.com,U-1004,Discovery,189434.15,2025-04-03,2025-03-14,Outbound SDR,189434.15,2025-04-03,2025-03-14,Qualification,True
OP-03619,Ironclad Security,raj.taylor@example.org,U-1019,Prospect,65922.64,2026-01-14,2025-11-12,Bulk Import,65922.64,2026-01-14,2025-11-12,Prospecting,True
OP-04241,Copperline Foods,ben.thomas@example.org,U-1007,Closed Won,181578.00,2025-06-21,2025-02-23,Inbound Call,181578.0,2025-06-21,2025-02-23,Closed Won,True
OP-03836,Zephyr Airlines,ethan.lee@example.org,U-1033,Negotiation,70930.41,2025-02-20,2024-09-20,Web Form,70930.41,2025-02-20,2024-09-20,Proposal,True
OP-02352,Granite Ridge Co,sofia.johnson@gmail.com,U-1036,Prospect,"$178,144",2025-01-19,2025-01-06,Partner Referral,178144.0,2025-01-19,2025-01-06,Prospecting,True
OP-02117,Onyx Pharma,maya.garcia@company.com,U-1039,Qualified,187792.77,2026-08-24,2026-05-11,Trade Show,187792.77,2026-08-24,2026-05-11,Qualification,True
OP-03319,Granite Ridge Co,aisha.garcia@yahoo.com,U-1037,New Lead,120195.66,2025-03-11,2024-07-19,Bulk Import,120195.66,2025-03-11,2024-07-19,Prospecting,True
OP-03573,Xenon Robotics,liam.lee@outlook.com,U-1005,Lost,237587.71,2026-03-14,2025-12-28,Outbound SDR,237587.71,2026-03-14,2025-12-28,Closed Lost,True
OP-03146,Redwood Outdoors,priya.nguyen@example.org,U-1015,Prospecting,"$172,552",2024-09-15,2024-08-17,Outbound SDR,172552.0,2024-09-15,2024-08-17,Prospecting,True
OP-01818,Yellowpine Lumber,liam.smith@example.org,U-1018,Qualifcation,175575.86,2024-09-08,2024-08-31,Web Form,175575.86,2024-09-08,2024-08-31,Qualification,True
OP-02492,Willow Creek Farms,dev.garcia@example.org,U-1010,prospecting,34094.38,2024-03-08,2024-02-27,Partner Referral,34094.38,2024-03-08,2024-02-27,Prospecting,True
OP-02341,Tidewater Marine,aisha.nguyen@example.org,U-1039,Qualification,237889.51,2025-11-18,2025-09-05,Inbound Call,237889.51,2025-11-18,2025-09-05,Qualification,True
OP-01735,Juniper Retail,nina.thomas@company.com,U-1012,Proposal,74008.26,2024-11-19,2024-05-26,Trade Show,74008.26,2024-11-19,2024-05-26,Proposal,True
OP-03311,Quartzline Telecom,owen.smith@outlook.com,admin,Qualification,10747.98,2025-03-17,2024-10-15,Inbound Call,10747.98,2025-03-17,2024-10-15,Qualification,True
OP-01797,Vertex Capital,liam.garcia@gmail.com,U-1015,Negotiation,109490.41,2026-03-29,2026-01-21,Bulk Import,109490.41,2026-03-29,2026-01-21,Proposal,True
OP-02410,Zephyr Airlines,ella.patel@yahoo.com,U-1015,Quote Sent,9518.15,2026-07-10,2026-04-24,Partner Referral,9518.15,2026-07-10,2026-04-24,Proposal,True
OP-02544,Vertex Capital,chris.anderson@outlook.com,U-1015,PROSPECTING,"$231,949.94",2026-01-02,2025-06-07,Trade Show,231949.94,2026-01-02,2025-06-07,Prospecting,True
OP-04668,BluePeak Logistics,priya.smith@gmail.com,U-1006,PROSPECTING,117663.30,2025-04-10,2025-02-03,Outbound SDR,117663.3,2025-04-10,2025-02-03,Prospecting,True
OP-04119,Northgate Auto,raj.anderson@example.org,U-1010,Discovery,155881.53,2024-03-01,2024-01-30,Partner Referral,155881.53,2024-03-01,2024-01-30,Qualification,True
OP-02431,Pinnacle Travel,lena.nguyen@gmail.com,U-1001,CLOSED WON,"219,317.38 $",2024-11-22,2024-10-29,Partner Referral,219317.38,2024-11-22,2024-10-29,Closed Won,True
OP-03088,Pinnacle Travel,owen.lee@yahoo.com,U-1006,Prospect,73106.39,2025-03-13,2025-01-21,Outbound SDR,73106.39,2025-03-13,2025-01-21,Prospecting,True
OP-04050,ForgePoint Systems,kara.wilson@gmail.com,U-1037,Won,100652.69,2024-10-27,2024-05-18,Inbound Call,100652.69,2024-10-27,2024-05-18,Closed Won,True
OP-02947,Granite Ridge Co,nina.wilson@example.org,U-1032,Prospecting,160270.78,2024-06-11,2024-05-18,Bulk Import,160270.78,2024-06-11,2024-05-18,Prospecting,True
OP-03075,Xenon Robotics,lena.nguyen@yahoo.com,U-1006,Qualified,240970.21,2024-05-23,2024-02-17,Outbound SDR,240970.21,2024-05-23,2024-02-17,Qualification,True
OP-04693,Redwood Outdoors,ella.garcia@gmail.com,U-1001,proposal,153891.51,2025-11-01,2025-08-09,Bulk Import,153891.51,2025-11-01,2025-08-09,Proposal,True
OP-00193,Meridian Freight,liam.wilson@gmail.com,U-1001,Discovery,"$156,537",2026-12-03,2026-06-16,Web Form,156537.0,2026-12-03,2026-06-16,Qualification,True
OP-00274,Keystone Energy,nina.davis@gmail.com,U-1033,Proposal,48231.51,2025-12-25,2025-05-11,Partner Referral,48231.51,2025-12-25,2025-05-11,Proposal,True
OP-04031,Willow Creek Farms,sofia.patel@company.com,U-1010,Negotiation,"$49,779",2025-06-18,2025-03-07,Trade Show,49779.0,2025-06-18,2025-03-07,Proposal,True
OP-01738,Umbra Defense,tom.anderson@yahoo.com,U-1004,Qualified,41035.53,2024-03-26,2024-02-17,Partner Referral,41035.53,2024-03-26,2024-02-17,Qualification,True
OP-03753,Granite Ridge Co,owen.brown@outlook.com,U-1011,qualification,"$123,020.64",2024-04-24,2024-04-12,Partner Referral,123020.64,2024-04-24,2024-04-12,Qualification,True
OP-04334,Ironclad Security,owen.lee@company.com,U-1001,New Lead,108279.74,2024-10-05,2024-04-09,Partner Referral,108279.74,2024-10-05,2024-04-09,Prospecting,True
OP-04468,Granite Ridge Co,ethan.kim@example.org,U-1021,qualification,235711.87,2024-07-28,2024-05-25,Web Form,235711.87,2024-07-28,2024-05-25,Qualification,True
OP-03266,Harborline Bank,raj.brown@gmail.com,U-1004,,177671.37,2025-01-28,2024-06-29,Bulk Import,177671.37,2025-01-28,2024-06-29,,True
OP-04340,Pinnacle Travel,ella.miller@gmail.com,U-1007,Proposal Sent,198469.15,2025-11-19,2025-09-10,Web Form,198469.15,2025-11-19,2025-09-10,Proposal,True
OP-01015,ForgePoint Systems,zoe.davis@company.com,U-1001,prospecting,"$95,764.70",2026-08-03,2026-07-19,Bulk Import,95764.7,2026-08-03,2026-07-19,Prospecting,True
OP-03584,Redwood Outdoors,nina.lee@example.org,U-1005,New Lead,45698.73,2024-09-09,2024-02-06,Partner Referral,45698.73,2024-09-09,2024-02-06,Prospecting,True
OP-03006,Willow Creek Farms,,U-1033,New Lead,"$210,782.02",2025-01-18,2024-12-20,Inbound Call,210782.02,2025-01-18,2024-12-20,Prospecting,
OP-01884,Zephyr Airlines,lena.moore@company.com,U-1030,Qualifcation,"$228,193.08",2024-11-11,2024-08-04,Partner Referral,228193.08,2024-11-11,2024-08-04,Qualification,True
OP-02325,BluePeak Logistics,raj.wilson@example.org,U-1006,Proposal Sent,"USD 150,409.43",2025-03-04,2024-11-07,Bulk Import,150409.43,2025-03-04,2024-11-07,Proposal,True
OP-02129,Pinnacle Travel,chris.thomas@outlook.com,U-1039,Closed-Won,198717.01,2026-04-06,2025-08-14,Web Form,198717.01,2026-04-06,2025-08-14,Closed Won,True
OP-00570,Willow Creek Farms,maya.smith@gmail.com,U-1010,closed lost,146954.32,2025-05-03,2024-11-27,Inbound Call,146954.32,2025-05-03,2024-11-27,Closed Lost,True
OP-03031,Pinnacle Travel,ethan.kim@gmail.com,U-9999,qualification,69674.42,2025-08-31,2025-07-14,Web Form,69674.42,2025-08-31,2025-07-14,Qualification,True
OP-01409,Vertex Capital,,U-1025,qualification,"$211,921.42",2025-10-10,2025-05-28,Outbound SDR,211921.42,2025-10-10,2025-05-28,Qualification,
OP-02638,Granite Ridge Co,kara.moore@gmail.com,U-1004,closed won,228268.43,2026-07-26,2025-12-18,Partner Referral,228268.43,2026-07-26,2025-12-18,Closed Won,True
OP-03054,Meridian Freight,nina.wilson@company.com,U-1034,closed lost,"$137,240.99",2025-09-08,2025-08-15,Trade Show,137240.99,2025-09-08,2025-08-15,Closed Lost,True
OP-02894,ForgePoint Systems,noah.moore@outlook.com,U-1025,Prospecting,"USD 81,464.79",2026-09-19,2026-04-22,Trade Show,81464.79,2026-09-19,2026-04-22,Prospecting,True
OP-01631,Redwood Outdoors,,U-1038,PROSPECTING,168718.33,2026-03-11,2025-12-02,Web Form,168718.33,2026-03-11,2025-12-02,Prospecting,
OP-01227,Juniper Retail,dev.thomas@company.com,U-1030,proposal,38391.53,2025-11-07,2025-04-10,Outbound SDR,38391.53,2025-11-07,2025-04-10,Proposal,True
OP-01344,Larkspur Labs,chris.miller@outlook.com,U-1026,Prospect,157117.62,2026-06-06,2026-04-30,Partner Referral,157117.62,2026-06-06,2026-04-30,Prospecting,True
OP-03032,Yellowpine Lumber,maya.wilson@company.com,U-1029,Prospecting,24256.67,2024-05-25,2024-03-10,Partner Referral,24256.67,2024-05-25,2024-03-10,Prospecting,True
OP-02577,Pinnacle Travel,owen.garcia@yahoo.com,U-1002,Prospecting,"$221,435.72",2026-07-31,2026-04-05,Bulk Import,221435.72,2026-07-31,2026-04-05,Prospecting,True
OP-00470,Vertex Capital,noah.patel@example.org,U-1013,Closed Won,150522.32,2026-12-17,2026-05-19,Outbound SDR,150522.32,2026-12-17,2026-05-19,Closed Won,True
OP-03030,Northgate Auto,noah.johnson@company.com,U-1023,Qualified,75542.87,2025-01-27,2024-07-29,Bulk Import,75542.87,2025-01-27,2024-07-29,Qualification,True
OP-02488,Everline Health,lena.leeyahoo.com,U-1020,Discovery,169101.46,2025-08-06,2025-02-19,Web Form,169101.46,2025-08-06,2025-02-19,Qualification,False
OP-02295,Redwood Outdoors,raj.thomas@yahoo.com,U-1033,proposal,16714.93,2025-08-16,2025-05-20,Trade Show,16714.93,2025-08-16,2025-05-20,Proposal,True
OP-01425,,priya.thomas@company.com,U-1030,prospecting,55516.57,2025-06-27,2025-06-04,Trade Show,55516.57,2025-06-27,2025-06-04,Prospecting,True
OP-03903,Copperline Foods,aisha.garcia@yahoo.com,U-1016,Proposal Sent,44006.15,2025-04-13,2024-10-19,Partner Referral,44006.15,2025-04-13,2024-10-19,Proposal,True
OP-02158,Vertex Capital,dev.patel@yahoo.com,U-1036,Negotiation,225925.66,2025-12-09,2025-05-27,Web Form,225925.66,2025-12-09,2025-05-27,Proposal,True
OP-03286,Xenon Robotics,owen.anderson@company.com,U-1003,Qualified,19326.88,2024-03-15,2024-02-18,Trade Show,19326.88,2024-03-15,2024-02-18,Qualification,True
OP-02837,Larkspur Labs,nina.lee@gmail.com,U-1013,qualification,21386.61,,2025-12-01,Trade Show,21386.61,,2025-12-01,Qualification,True
OP-03840,Pinnacle Travel,ethan.wilson@company.com,U-1016,CLOSED WON,75416.34,2024-09-15,2024-08-11,Inbound Call,75416.34,2024-09-15,2024-08-11,Closed Won,True
OP-03672,Vertex Capital,ethan.thomas@outlook.com,U-1030,Qualifcation,120769.16,2025-06-18,2025-01-25,Outbound SDR,120769.16,2025-06-18,2025-01-25,Qualification,True
OP-04073,Silverline SaaS,noah.smith@example.org,U-1028,Negotiation,39033.10,2026-02-15,2025-10-06,Outbound SDR,39033.1,2026-02-15,2025-10-06,Proposal,True
OP-03579,Tidewater Marine,maya.wilson@example.org,U-1017,prospecting,"126,549.62 $",2025-01-01,2024-05-07,Trade Show,126549.62,2025-01-01,2024-05-07,Prospecting,True
OP-03091,Silverline SaaS,raj.wilson@example.org,U-1016,,215242.41,2026-05-28,2026-01-17,Partner Referral,215242.41,2026-05-28,2026-01-17,,True
OP-02778,Zephyr Airlines,priya.moore@outlook.com,U-1027,Won,"$191,918",2025-12-20,2025-10-17,Bulk Import,191918.0,2025-12-20,2025-10-17,Closed Won,True
OP-04252,ForgePoint Systems,dev.kim@example.org,U-1003,Qualifcation,59518.86,2025-04-22,2025-03-25,Outbound SDR,59518.86,2025-04-22,2025-03-25,Qualification,True
OP-01541,Onyx Pharma,aisha.lee@outlook.com,U-1020,ClosedWon,"$79,318",2025-03-16,2025-02-20,Partner Referral,79318.0,2025-03-16,2025-02-20,Closed Won,True
OP-02927,Redwood Outdoors,ava.thomas@yahoo.com,U-1007,Qualification,175181.79,2025-10-08,2025-03-07,Bulk Import,175181.79,2025-10-08,2025-03-07,Qualification,True
OP-00343,Granite Ridge Co,kara.taylor@company.com,U-1026,ClosedLost,"$246,686.31",2025-03-14,2024-11-06,Trade Show,246686.31,2025-03-14,2024-11-06,Closed Lost,True
OP-02596,Acme Industrial,zoe.lee@outlook.com,U-1037,Qualification,"$194,503.35",2024-02-15,2024-01-21,Inbound Call,194503.35,2024-02-15,2024-01-21,Qualification,True
OP-02190,Meridian Freight,sofia.miller@outlook.com,U-1027,Discovery,"202,619.32 $",2024-04-30,2024-02-26,Outbound SDR,202619.32,2024-04-30,2024-02-26,Qualification,True
OP-00769,Harborline Bank,noah.johnson@outlook.com,U-1038,Quote Sent,58725.67,,2024-12-14,Bulk Import,58725.67,,2024-12-14,Proposal,True
OP-02923,DeltaWave Media,sofia.smith@company.com,U-1012,PROSPECTING,15194.20,2025-03-22,2025-03-10,Inbound Call,15194.2,2025-03-22,2025-03-10,Prospecting,True
OP-02687,Harborline Bank,raj.thomas@gmail.com,U-1035,Qualifcation,200424.30,2024-07-10,2024-06-11,Bulk Import,200424.3,2024-07-10,2024-06-11,Qualification,True
OP-03228,Copperline Foods,kara.anderson@outlook.com,U-1016,Proposal Sent,"$102,241.21",,2025-06-13,Partner Referral,102241.21,,2025-06-13,Proposal,True
OP-03983,Meridian Freight,chris.moore@yahoo.com,U-1016,Won,131659.26,2025-01-28,2024-08-20,Trade Show,131659.26,2025-01-28,2024-08-20,Closed Won,True
OP-01988,Keystone Energy,sofia.lee@yahoo.com,U-1034,prospecting,72151.39,2026-02-12,2025-08-07,Partner Referral,72151.39,2026-02-12,2025-08-07,Prospecting,True
OP-04363,Meridian Freight,nina.smith@yahoo.com,U-1033,prospecting,59532.57,2026-01-08,2025-05-16,Inbound Call,59532.57,2026-01-08,2025-05-16,Prospecting,True
OP-03721,BluePeak Logistics,,U-1019,,31537.39,2026-07-21,2026-01-26,Partner Referral,31537.39,2026-07-21,2026-01-26,,
OP-03089,Granite Ridge Co,aisha.brown@gmail.com,U-1033,qualification,238416.21,2026-03-25,2025-09-16,Partner Referral,238416.21,2026-03-25,2025-09-16,Qualification,True
OP-D0079,,chris.kim@example.org,U-1003,prospecting,177191.95,2024-07-05,2024-05-21,Inbound Call,177191.95,2024-07-05,2024-05-21,Prospecting,True
OP-00745,Redwood Outdoors,noah.patel@gmail.com,U-1012,Closed-Won,"$239,515.97",2025-02-25,2024-07-23,Bulk Import,239515.97,2025-02-25,2024-07-23,Closed Won,True
OP-02914,Larkspur Labs,,U-1017,Discovery,50471.37,2027-01-04,2026-08-22,Web Form,50471.37,2027-01-04,2026-08-22,Qualification,
OP-01941,Everline Health,raj.wilson@outlook.com,U-1012,Proposal,6002.96,2024-12-07,2024-07-02,Bulk Import,6002.96,2024-12-07,2024-07-02,Proposal,True
OP-00203,Vertex Capital,noah.smith@outlook.com,U-1026,Qualifcation,137827.26,2024-08-22,2024-08-15,Web Form,137827.26,2024-08-22,2024-08-15,Qualification,True
OP-03337,Pinnacle Travel,kara.thomas@gmail.com,U-1013,Qualified,180591.19,2024-11-04,2027-06-29,Outbound SDR,180591.19,2024-11-04,2027-06-29,Qualification,True
OP-04489,Ironclad Security,ella.johnson@outlook.com,U-1012,Discovery,"USD 60,773.54",2025-08-20,2025-03-03,Partner Referral,60773.54,2025-08-20,2025-03-03,Qualification,True
OP-00738,Harborline Bank,sofia.thomas@company.com,U-1029,PROSPECTING,103613.63,2025-10-13,2025-08-24,Outbound SDR,103613.63,2025-10-13,2025-08-24,Prospecting,True
OP-D0157,Onyx Pharma,nina.lee@company.com,U-1024,Qualified,31514.81,2026-09-13,2026-08-21,Inbound Call,31514.81,2026-09-13,2026-08-21,Qualification,True
OP-02043,Harborline Bank,owen.smith@outlook.com,U-1010,Closed Won,222853.99,2024-06-09,2024-03-28,Bulk Import,222853.99,2024-06-09,2024-03-28,Closed Won,True
OP-01075,Larkspur Labs,,U-1036,PROSPECTING,192279.02,2025-04-22,2025-01-31,Web Form,192279.02,2025-04-22,2025-01-31,Prospecting,
OP-02514,Tidewater Marine,owen.brown@gmail.com,U-1000,Proposal Sent,191906.35,2025-09-09,2025-03-14,Bulk Import,191906.35,2025-09-09,2025-03-14,Proposal,True
OP-02051,Pinnacle Travel,zoe.thomas@gmail.com,U-1003,Qualified,218662.81,2025-12-05,2025-07-12,Inbound Call,218662.81,2025-12-05,2025-07-12,Qualification,True
OP-00928,Vertex Capital,ben.taylor@gmail.com,U-1039,PROSPECTING,25579.36,2026-05-06,2025-11-12,Bulk Import,25579.36,2026-05-06,2025-11-12,Prospecting,True
OP-00947,Quartzline Telecom,ava.taylor@example.org,U-0000,Discovery,160575.63,2026-06-24,2026-04-14,Bulk Import,160575.63,2026-06-24,2026-04-14,Qualification,True
OP-02600,Silverline SaaS,lena.wilson@yahoo.com,U-1025,Proposal Sent,228987.76,2025-09-29,2025-02-01,Partner Referral,228987.76,2025-09-29,2025-02-01,Proposal,True
OP-02384,BluePeak Logistics,aisha.johnson@yahoo.com,U-1022,Closed-Won,197212.50,2026-08-02,2026-03-06,Inbound Call,197212.5,2026-08-02,2026-03-06,Closed Won,True
OP-02872,Yellowpine Lumber,dev.nguyen@outlook.com,U-1000,Prospecting,"$148,504.67",2024-08-05,2024-01-17,Web Form,148504.67,2024-08-05,2024-01-17,Prospecting,True
OP-04452,Redwood Outdoors,sofia.moore@gmail.com,U-1033,Quote Sent,189702.42,2025-11-19,2025-08-27,Outbound SDR,189702.42,2025-11-19,2025-08-27,Proposal,True
OP-02418,Northgate Auto,owen.taylor@example.org,U-1029,Quote Sent,174003.82,2026-10-20,2026-04-05,Partner Referral,174003.82,2026-10-20,2026-04-05,Proposal,True
OP-00757,Everline Health,nina.brown@outlook.com,U-1036,Qualified,"$9,414.73",2024-08-31,2024-08-08,Web Form,9414.73,2024-08-31,2024-08-08,Qualification,True
OP-01401,Larkspur Labs,marcus.kim@example.org,U-1005,Qualified,"$122,856.33",2024-10-18,2024-05-20,Partner Referral,122856.33,2024-10-18,2024-05-20,Qualification,True
OP-04262,Northgate Auto,,U-1036,qualification,241674.22,2025-07-22,2025-03-02,Web Form,241674.22,2025-07-22,2025-03-02,Qualification,
OP-02817,Juniper Retail,ava.brown@gmail.com,U-1007,Qualifcation,,2026-04-25,2026-01-10,Trade Show,,2026-04-25,2026-01-10,Qualification,True
OP-02192,Zephyr Airlines,liam.wilson@company.com,U-1036,Prospecting,236726.82,2025-02-19,2024-09-04,Trade Show,236726.82,2025-02-19,2024-09-04,Prospecting,True
OP-03062,Onyx Pharma,ben.brown@company.com,U-1036,PROSPECTING,7884.79,2027-03-05,2026-08-02,Trade Show,7884.79,2027-03-05,2026-08-02,Prospecting,True
OP-D0036,Pinnacle Travel,chris.taylor@example.org,U-1029,Negotiation,55693.26,2025-01-14,2024-08-07,Web Form,55693.26,2025-01-14,2024-08-07,Proposal,True
OP-00614,Meridian Freight,lena.davis@yahoo.com,U-1023,PROSPECTING,180545.86,2024-04-01,2024-01-10,Bulk Import,180545.86,2024-04-01,2024-01-10,Prospecting,True
OP-04637,Juniper Retail,ben.johnson@company.com,U-1000,Closed-Lost,92881.71,2025-07-23,2025-02-22,Web Form,92881.71,2025-07-23,2025-02-22,Closed Lost,True
OP-03415,BluePeak Logistics,sofia.johnson@yahoo.com,U-1024,qualification,"USD 97,425.84",2025-03-23,2024-08-20,Web Form,97425.84,2025-03-23,2024-08-20,Qualification,True
OP-03633,Acme Industrial,zoe.taylor@company.com,U-1014,Prospect,22487.45,2024-09-19,2024-02-21,Trade Show,22487.45,2024-09-19,2024-02-21,Prospecting,True
OP-02409,Meridian Freight,noah.nguyen@gmail.com,U-1009,Won,"$99,297.47",2026-09-16,2026-07-12,Trade Show,99297.47,2026-09-16,2026-07-12,Closed Won,True
OP-00625,Xenon Robotics,sofia.lee@example.org,U-1005,closed lost,69893.26,2026-12-19,2026-05-12,Bulk Import,69893.26,2026-12-19,2026-05-12,Closed Lost,True
OP-00800,BluePeak Logistics,owen.anderson@outlook.com,U-1015,closed won,28411.21,2025-11-19,2025-08-28,Outbound SDR,28411.21,2025-11-19,2025-08-28,Closed Won,True
OP-01849,Copperline Foods,owen.thomas@yahoo.com,U-1034,Closed-Lost,,2025-12-14,2025-10-06,Outbound SDR,,2025-12-14,2025-10-06,Closed Lost,True
OP-01495,,ben.davis@outlook.com,U-1005,Qualified,16332.64,2025-11-29,2025-06-23,Inbound Call,16332.64,2025-11-29,2025-06-23,Qualification,True
OP-01720,Silverline SaaS,ethan.patel@outlook.com,U-1014,Qualified,"$200,949.34",2026-10-24,2026-04-28,Partner Referral,200949.34,2026-10-24,2026-04-28,Qualification,True
OP-01357,Northgate Auto,owen.nguyen@example.org,U-1032,Negotiation,93665.14,2025-03-30,2024-12-01,Inbound Call,93665.14,2025-03-30,2024-12-01,Proposal,True
OP-02626,Zephyr Airlines,lena.anderson@outlook.com,U-1032,Qualified,157798.14,2025-02-05,2024-07-19,Inbound Call,157798.14,2025-02-05,2024-07-19,Qualification,True
OP-03403,DeltaWave Media,ella.davis@outlook.com,U-1016,CLOSED WON,46611.27,2025-09-29,2025-02-16,Inbound Call,46611.27,2025-09-29,2025-02-16,Closed Won,True
OP-00899,ForgePoint Systems,ethan.moore@example.org,U-1006,Qualification,132405.26,2026-11-08,2026-07-30,Trade Show,132405.26,2026-11-08,2026-07-30,Qualification,True
OP-00785,Tidewater Marine,sofia.kim@company.com,U-1018,proposal,197441.35,2026-11-08,2026-05-07,Inbound Call,197441.35,2026-11-08,2026-05-07,Proposal,True
OP-01533,Keystone Energy,ethan.patel@example.org,U-1015,Qualification,248739.92,2026-09-01,2026-04-30,Bulk Import,248739.92,2026-09-01,2026-04-30,Qualification,True
OP-02546,Meridian Freight,lena.smith@outlook.com,U-1037,Qualified,93719.02,2025-08-12,2025-05-05,Trade Show,93719.02,2025-08-12,2025-05-05,Qualification,True
OP-02978,Zephyr Airlines,tom.smith@gmail.com,U-1005,closed won,"$110,950.59",2025-06-07,2025-05-11,Bulk Import,110950.59,2025-06-07,2025-05-11,Closed Won,True
OP-01959,Pinnacle Travel,ben.wilson@outlook.com,U-1028,Discovery,124050.10,2025-08-10,2025-05-31,Outbound SDR,124050.1,2025-08-10,2025-05-31,Qualification,True
OP-02003,Quartzline Telecom,aisha.thomas@example.org,U-1022,Closed Lost,106880.43,2025-01-11,2024-12-12,Trade Show,106880.43,2025-01-11,2024-12-12,Closed Lost,True
OP-01439,Harborline Bank,lena.thomas@outlook.com,U-1027,qualification,"206,556.35 $",2025-08-13,2025-05-11,Web Form,206556.35,2025-08-13,2025-05-11,Qualification,True
OP-00158,Harborline Bank,ava.kim@gmail.com,U-1024,Closed Lost,"59,783.44 $",2024-06-11,2024-06-03,Trade Show,59783.44,2024-06-11,2024-06-03,Closed Lost,True
OP-01961,Ironclad Security,dev.miller@gmail.com,U-1011,CLOSED WON,134472.54,,2024-01-29,Partner Referral,134472.54,,2024-01-29,Closed Won,True
OP-01881,Yellowpine Lumber,dev.miller@example.org,U-1009,Prospect,28949.61,2025-04-16,2025-03-10,Outbound SDR,28949.61,2025-04-16,2025-03-10,Prospecting,True
OP-04116,Northgate Auto,aisha.anderson@yahoo.com,U-1005,Qualifcation,182220.29,2024-07-10,2024-06-04,Outbound SDR,182220.29,2024-07-10,2024-06-04,Qualification,True
OP-00689,Umbra Defense,dev.lee@outlook.com,U-1021,Prospect,,2026-01-09,2025-09-04,Partner Referral,,2026-01-09,2025-09-04,Prospecting,True
OP-D0236,Onyx Pharma,tom.thomas,U-1033,Prospecting,55822.82,,2025-12-13,Outbound SDR,55822.82,,2025-12-13,Prospecting,False
OP-02897,Juniper Retail,kara.nguyen@yahoo.com,U-1008,Won,46512.48,2025-02-08,2025-01-10,Trade Show,46512.48,2025-02-08,2025-01-10,Closed Won,True
OP-02464,Vertex Capital,maya.taylor@gmail.com,U-1039,PROSPECTING,213000.77,2026-07-20,2026-01-18,Web Form,213000.77,2026-07-20,2026-01-18,Prospecting,True
OP-02025,Keystone Energy,aisha.smith@yahoo.com,U-9999,Closed Won,"$172,232.33",2025-02-15,2024-10-05,Partner Referral,172232.33,2025-02-15,2024-10-05,Closed Won,True
OP-00503,Yellowpine Lumber,maya.lee@outlook.com,U-1011,Qualified,93422.72,2025-03-26,2025-02-08,Inbound Call,93422.72,2025-03-26,2025-02-08,Qualification,True
OP-03479,Onyx Pharma,aisha.wilson@gmail.com,admin,qualification,106826.14,2025-05-31,2025-03-16,Partner Referral,106826.14,2025-05-31,2025-03-16,Qualification,True
OP-00368,Xenon Robotics,aisha.wilson@example.org,U-1033,New Lead,184151.14,2026-06-23,2026-05-12,Partner Referral,184151.14,2026-06-23,2026-05-12,Prospecting,True
OP-04407,Onyx Pharma,ben.moore@company.com,U-1031,prospecting,215455.23,,2024-03-29,Web Form,215455.23,,2024-03-29,Prospecting,True
OP-00524,Tidewater Marine,ben.garcia@company.com,U-1013,Quote Sent,30352.96,2025-07-12,2025-05-12,Partner Referral,30352.96,2025-07-12,2025-05-12,Proposal,True
OP-01365,Yellowpine Lumber,sofia.smith@gmail.com,U-1025,,30343.77,2024-07-27,2024-04-26,Trade Show,30343.77,2024-07-27,2024-04-26,,True
OP-03099,Silverline SaaS,lena.smith@example.org,U-1001,Won,223955.63,2025-07-26,2025-07-06,Web Form,223955.63,2025-07-26,2025-07-06,Closed Won,True
OP-01306,Vertex Capital,maya.miller@company.com,U-1001,Quote Sent,"$180,214.11",2024-06-14,2024-04-22,Outbound SDR,180214.11,2024-06-14,2024-04-22,Proposal,True
OP-03398,Pinnacle Travel,liam.nguyen@company.com,U-1028,Qualification,,2024-09-05,2024-07-24,Inbound Call,,2024-09-05,2024-07-24,Qualification,True
OP-01653,Zephyr Airlines,priya.anderson@company.com,U-1033,Closed-Won,186956.45,2026-08-09,2026-01-21,Outbound SDR,186956.45,2026-08-09,2026-01-21,Closed Won,True
OP-D0196,Redwood Outdoors,lena.thomas@company.com,U-1025,Qualification,106747.35,2025-02-09,2024-11-29,Trade Show,106747.35,2025-02-09,2024-11-29,Qualification,True
OP-03419,Ironclad Security,lena.johnson@outlook.com,U-1012,PROSPECTING,249525.40,2026-05-17,2026-04-08,Inbound Call,249525.4,2026-05-17,2026-04-08,Prospecting,True
OP-02945,Pinnacle Travel,sofia.smith@company.com,U-1012,New Lead,5887.24,2025-07-28,2025-03-20,Trade Show,5887.24,2025-07-28,2025-03-20,Prospecting,True
OP-00060,Silverline SaaS,noah.moore@gmail.com,U-1023,Prospecting,33436.12,2024-12-08,2024-11-27,Bulk Import,33436.12,2024-12-08,2024-11-27,Prospecting,True
OP-02966,Keystone Energy,ben.patel@company.com,U-1000,qualification,233598.34,2024-10-17,2027-05-23,Partner Referral,233598.34,2024-10-17,2027-05-23,Qualification,True
OP-00649,Harborline Bank,dev.thomas@@company.com,U-1012,Proposal,"$238,057.83",2024-11-18,2024-06-19,Inbound Call,238057.83,2024-11-18,2024-06-19,Proposal,False
OP-02428,Acme Industrial,ben.wilson@example.org,U-1000,Prospecting,144391.00,2026-04-07,2025-11-29,Web Form,144391.0,2026-04-07,2025-11-29,Prospecting,True
OP-02101,BluePeak Logistics,tom.wilson@outlook.com,U-1006,,240006.10,2026-10-21,2026-06-28,Web Form,240006.1,2026-10-21,2026-06-28,,True
OP-00886,Silverline SaaS,aisha.smith@company.com,U-1015,,198050.95,,2024-07-19,Partner Referral,198050.95,,2024-07-19,,True
OP-01259,Northgate Auto,kara.thomas@company.com,U-1017,CLOSED WON,149901.41,2025-11-07,2025-10-15,Partner Referral,149901.41,2025-11-07,2025-10-15,Closed Won,True
OP-03595,Onyx Pharma,aisha.davis@example.org,U-1010,Closed Won,241805.45,2024-10-15,2024-09-08,Bulk Import,241805.45,2024-10-15,2024-09-08,Closed Won,True
OP-02744,Harborline Bank,aisha.anderson@company.com,U-1003,PROSPECTING,115276.15,2026-04-19,2025-12-23,Outbound SDR,115276.15,2026-04-19,2025-12-23,Prospecting,True
OP-00076,Juniper Retail,liam.wilson@yahoo.com,U-1039,New Lead,209109.72,2026-12-08,2026-05-14,Inbound Call,209109.72,2026-12-08,2026-05-14,Prospecting,True
OP-03323,Yellowpine Lumber,priya.smith@example.org,U-1005,closed won,118516.37,2025-12-31,2025-10-31,Partner Referral,118516.37,2025-12-31,2025-10-31,Closed Won,True
OP-01892,Zephyr Airlines,marcus.wilson@yahoo.com,U-1010,proposal,11389.54,2024-10-04,2024-05-14,Bulk Import,11389.54,2024-10-04,2024-05-14,Proposal,True
OP-03134,DeltaWave Media,,U-1008,Prospecting,3954.24,2026-01-29,2025-10-29,Trade Show,3954.24,2026-01-29,2025-10-29,Prospecting,
OP-01096,Keystone Energy,ella.garcia@company.com,U-1022,Won,"$125,054.96",2027-02-14,2026-08-13,Bulk Import,125054.96,2027-02-14,2026-08-13,Closed Won,True
OP-00473,Umbra Defense,zoe.brown@company.com,U-1010,Negotiation,27283.06,2024-04-18,2024-01-10,Web Form,27283.06,2024-04-18,2024-01-10,Proposal,True
OP-00969,Ironclad Security,marcus.kim@company.com,U-1002,,28098.48,2026-07-21,2026-01-08,Partner Referral,28098.48,2026-07-21,2026-01-08,,True
OP-01637,Onyx Pharma,ella.moore@example.org,U-1038,Closed-Lost,217362.77,2027-03-11,2026-08-17,Outbound SDR,217362.77,2027-03-11,2026-08-17,Closed Lost,True
OP-01391,Onyx Pharma,ethan.taylor@yahoo.com,U-1003,Prospect,210442.21,2026-06-29,2026-04-16,Bulk Import,210442.21,2026-06-29,2026-04-16,Prospecting,True
OP-00448,Granite Ridge Co,raj.kim@outlook.com,inactive_user,Qualified,31959.38,2027-01-06,2026-08-14,Web Form,31959.38,2027-01-06,2026-08-14,Qualification,True
OP-04070,Larkspur Labs,lena.patel@yahoo.com,U-1024,ClosedLost,233782.13,,2024-12-13,Bulk Import,233782.13,,2024-12-13,Closed Lost,True
OP-02818,ForgePoint Systems,nina.garcia@outlook.com,U-1031,Closed-Won,179195.28,2025-11-05,2025-05-19,Inbound Call,179195.28,2025-11-05,2025-05-19,Closed Won,True
OP-00218,Redwood Outdoors,maya.patel@outlook.com,U-1022,New Lead,149970.41,2024-07-01,2024-05-24,Inbound Call,149970.41,2024-07-01,2024-05-24,Prospecting,True
OP-03817,DeltaWave Media,owen.thomas@yahoo.com,U-1005,qualification,212269.66,2025-10-27,2025-03-03,Partner Referral,212269.66,2025-10-27,2025-03-03,Qualification,True
OP-01774,Acme Industrial,raj.patel@company.com,U-1013,qualification,"$222,582.73",,2025-03-13,Partner Referral,222582.73,,2025-03-13,Qualification,True
OP-01764,Acme Industrial,nina.wilson@company.com,U-1011,Proposal Sent,170101.58,2024-06-06,2024-05-01,Trade Show,170101.58,2024-06-06,2024-05-01,Proposal,True
OP-04640,Everline Health,liam.lee@yahoo.com,U-1035,Lost,244545.47,2026-09-05,2026-07-18,Web Form,244545.47,2026-09-05,2026-07-18,Closed Lost,True
OP-01188,Ironclad Security,noah.patel@outlook.com,U-1033,Prospect,211914.63,2026-03-15,2025-11-19,Partner Referral,211914.63,2026-03-15,2025-11-19,Prospecting,True
OP-00574,Umbra Defense,noah.johnson@company.com,U-1038,Prospecting,33543.71,2025-09-07,2025-01-20,Bulk Import,33543.71,2025-09-07,2025-01-20,Prospecting,True
OP-00319,Juniper Retail,nina.moore@outlook.com,U-1012,ClosedWon,172832.96,2026-03-29,2025-12-13,Web Form,172832.96,2026-03-29,2025-12-13,Closed Won,True
OP-03305,Ironclad Security,marcus.brown@gmail.com,U-1012,Won,12214.01,2025-03-13,2024-12-20,Partner Referral,12214.01,2025-03-13,2024-12-20,Closed Won,True
OP-04227,Tidewater Marine,kara.wilson@yahoo.com,U-1017,prospecting,183411.31,,2024-09-30,Trade Show,183411.31,,2024-09-30,Prospecting,True
OP-01083,Zephyr Airlines,liam.kim@outlook.com,U-1034,PROSPECTING,212156.53,2025-12-09,2025-08-07,Web Form,212156.53,2025-12-09,2025-08-07,Prospecting,True
OP-03124,Yellowpine Lumber,lena.thomas@gmail.com,U-1027,ClosedLost,30226.50,2025-06-28,2024-12-30,Partner Referral,30226.5,2025-06-28,2024-12-30,Closed Lost,True
OP-02242,Zephyr Airlines,,U-1020,Discovery,"USD 239,385.04",2024-11-24,2024-06-18,Outbound SDR,239385.04,2024-11-24,2024-06-18,Qualification,
OP-03435,Umbra Defense,zoe.smith@yahoo.com,U-1008,Discovery,172521.43,2026-10-28,2026-07-27,Web Form,172521.43,2026-10-28,2026-07-27,Qualification,True
OP-00247,Keystone Energy,ella.patel@company.com,U-1023,Qualifcation,178187.50,2024-11-16,2024-08-21,Trade Show,178187.5,2024-11-16,2024-08-21,Qualification,True
OP-01431,Yellowpine Lumber,marcus.garcia@yahoo.com,U-1009,Negotiation,"USD 198,676.29",,2024-07-15,Partner Referral,198676.29,,2024-07-15,Proposal,True
OP-03267,Quartzline Telecom,nina.anderson@outlook.com,U-1016,prospecting,240420.10,2025-06-25,2025-05-21,Inbound Call,240420.1,2025-06-25,2025-05-21,Prospecting,True
OP-00396,DeltaWave Media,noah.johnson@example.org,U-1006,Lost,"$200,148.75",,2025-12-24,Bulk Import,200148.75,,2025-12-24,Closed Lost,True
OP-03848,Copperline Foods,nina.nguyen@gmail.com,U-1016,Negotiation,"$249,431.63",2026-03-13,2026-01-21,Trade Show,249431.63,2026-03-13,2026-01-21,Proposal,True
OP-02195,Quartzline Telecom,ava.moore@example.org,U-1036,Discovery,174739.76,2025-05-16,2024-12-01,Web Form,174739.76,2025-05-16,2024-12-01,Qualification,True
OP-01569,Onyx Pharma,raj.taylor@company.com,U-1030,prospecting,27932.48,2025-08-23,2025-06-23,Inbound Call,27932.48,2025-08-23,2025-06-23,Prospecting,True
OP-04527,Willow Creek Farms,zoe.miller@outlook.com,U-1022,qualification,182613.12,2024-04-22,2024-04-09,Bulk Import,182613.12,2024-04-22,2024-04-09,Qualification,True
OP-02002,Zephyr Airlines,ethan.lee@yahoo.com,U-1011,PROSPECTING,88812.46,2026-06-17,2025-12-02,Trade Show,88812.46,2026-06-17,2025-12-02,Prospecting,True
OP-00393,Onyx Pharma,nina.garcia@yahoo.com,U-1024,PROSPECTING,230590.43,2025-01-08,2024-08-25,Outbound SDR,230590.43,2025-01-08,2024-08-25,Prospecting,True
OP-04583,Vertex Capital,noah.taylor@outlook.com,U-1028,Closed Lost,"$85,021.57",2026-09-01,2026-04-29,Trade Show,85021.57,2026-09-01,2026-04-29,Closed Lost,True
OP-00154,ForgePoint Systems,lena.moore@gmail.com,U-1001,Qualifcation,"$43,406.81",2025-08-26,2025-05-23,Partner Referral,43406.81,2025-08-26,2025-05-23,Qualification,True
OP-03826,DeltaWave Media,ella.davis@yahoo.com,U-1018,Closed-Lost,"$109,096",2024-02-02,2024-01-12,Trade Show,109096.0,2024-02-02,2024-01-12,Closed Lost,True
OP-02332,Larkspur Labs,raj.taylor@outlook.com,U-1013,New Lead,191176.65,2026-07-12,2026-06-09,Outbound SDR,191176.65,2026-07-12,2026-06-09,Prospecting,True
OP-00573,Zephyr Airlines,sofia.garcia@example.org,U-1013,Prospect,142937.17,2025-01-13,2024-05-23,Bulk Import,142937.17,2025-01-13,2024-05-23,Prospecting,True
OP-02931,Onyx Pharma,chris.kim@outlook.com,U-1022,CLOSED WON,"$165,954.04",2024-11-16,2024-09-12,Partner Referral,165954.04,2024-11-16,2024-09-12,Closed Won,True
OP-00710,Northgate Auto,dev.brown@yahoo.com,U-1018,Qualified,27870.99,2025-02-18,2025-01-21,Trade Show,27870.99,2025-02-18,2025-01-21,Qualification,True
OP-01297,Silverline SaaS,kara.kim@outlook.com,U-1029,Qualifcation,45119.17,2025-10-03,2025-06-08,Trade Show,45119.17,2025-10-03,2025-06-08,Qualification,True
OP-00485,Copperline Foods,liam.johnson@yahoo.com,U-1031,prospecting,236327.00,2025-11-07,2025-10-11,Web Form,236327.0,2025-11-07,2025-10-11,Prospecting,True
OP-00914,Acme Industrial,ella.anderson@gmail.com,U-1000,Proposal Sent,248652.64,2026-12-13,2026-05-10,Inbound Call,248652.64,2026-12-13,2026-05-10,Proposal,True
OP-02176,Xenon Robotics,aisha.nguyen@company.com,U-1023,Qualified,103950.56,2025-04-20,2024-10-03,Trade Show,103950.56,2025-04-20,2024-10-03,Qualification,True
OP-01211,Yellowpine Lumber,aisha.anderson@yahoo.com,U-1015,qualification,"$65,192.12",2025-03-30,2026-10-03,Web Form,65192.12,2025-03-30,2026-10-03,Qualification,True
OP-D0254,Northgate Auto,raj.davis@yahoo.com,U-1020,ClosedLost,56163.42,2026-05-02,2026-04-05,Outbound SDR,56163.42,2026-05-02,2026-04-05,Closed Lost,True
OP-04153,DeltaWave Media,sofia.davis@example.org,U-1038,CLOSED WON,"$67,580",2026-05-03,2026-02-20,Outbound SDR,67580.0,2026-05-03,2026-02-20,Closed Won,True
OP-00726,Keystone Energy,marcus.johnson@example.org,U-1009,CLOSED WON,85977.95,2026-04-15,2025-08-20,Inbound Call,85977.95,2026-04-15,2025-08-20,Closed Won,True
OP-01673,Pinnacle Travel,ethan.smith@outlook.com,U-1016,Qualification,,2024-11-09,2024-10-24,Bulk Import,,2024-11-09,2024-10-24,Qualification,True
OP-00743,Harborline Bank,ava.kim@example.org,U-1024,proposal,123169.80,2026-06-02,2025-12-26,Inbound Call,123169.8,2026-06-02,2025-12-26,Proposal,True
OP-03876,BluePeak Logistics,owen.garcia@yahoo.com,U-1016,ClosedLost,152219.30,2026-01-28,2025-10-30,Inbound Call,152219.3,2026-01-28,2025-10-30,Closed Lost,True
OP-01967,Vertex Capital,owen.miller@example.org,U-1027,PROSPECTING,9443.19,2025-10-15,2025-10-04,Inbound Call,9443.19,2025-10-15,2025-10-04,Prospecting,True
OP-01464,Silverline SaaS,tom.miller@gmail.com,U-1000,Closed Lost,133211.38,2026-06-20,2026-03-08,Partner Referral,133211.38,2026-06-20,2026-03-08,Closed Lost,True
OP-02953,Vertex Capital,ella.smith@yahoo.com,U-1019,prospecting,27949.41,2024-03-08,2024-01-23,Outbound SDR,27949.41,2024-03-08,2024-01-23,Prospecting,True
OP-02973,Granite Ridge Co,liam.davis@gmail.com,U-1029,Closed-Won,,2024-10-16,2024-06-21,Outbound SDR,,2024-10-16,2024-06-21,Closed Won,True
OP-00602,Quartzline Telecom,dev.nguyen@outlook.com,U-1016,Proposal,"$109,711.06",2026-12-05,2026-05-27,Bulk Import,109711.06,2026-12-05,2026-05-27,Proposal,True
OP-03823,Umbra Defense,zoe.garcia@outlook.com,U-1014,Qualified,153625.50,2024-10-22,2024-07-07,Bulk Import,153625.5,2024-10-22,2024-07-07,Qualification,True
OP-03224,Northgate Auto,aisha.taylor@outlook.com,U-1013,Qualified,"USD 74,778.03",,2025-03-14,Inbound Call,74778.03,,2025-03-14,Qualification,True
OP-00526,Copperline Foods,chris.lee@company.com,U-1010,Qualifcation,42804.25,2027-02-27,2026-07-05,Trade Show,42804.25,2027-02-27,2026-07-05,Qualification,True
OP-00181,Keystone Energy,chris.moore@company.com,U-1023,Qualification,48608.05,2025-04-13,2024-10-02,Web Form,48608.05,2025-04-13,2024-10-02,Qualification,True
OP-02823,Juniper Retail,tom.patel@company.com,U-1038,ClosedLost,43471.56,2025-08-30,2025-01-11,Partner Referral,43471.56,2025-08-30,2025-01-11,Closed Lost,True
OP-03213,Northgate Auto,zoe.davis@gmail.com,U-1026,Qualified,"$244,242",2026-10-24,2026-03-07,Bulk Import,244242.0,2026-10-24,2026-03-07,Qualification,True
OP-00381,Pinnacle Travel,zoe.johnson@yahoo.com,U-1018,Discovery,"122,329.48 $",2024-06-10,2027-01-01,Inbound Call,122329.48,2024-06-10,2027-01-01,Qualification,True
OP-02057,Larkspur Labs,ben.taylor@yahoo.com,U-1001,Negotiation,,2024-11-19,2024-09-20,Inbound Call,,2024-11-19,2024-09-20,Proposal,True
OP-02346,Harborline Bank,ella.davis@yahoo.com,U-1035,Quote Sent,143358.68,2024-09-08,2024-02-17,Web Form,143358.68,2024-09-08,2024-02-17,Proposal,True
OP-00636,Onyx Pharma,ava.garcia@yahoo.com,U-1032,Qualification,,2026-05-03,2026-04-05,Outbound SDR,,2026-05-03,2026-04-05,Qualification,True
OP-02092,DeltaWave Media,ella.taylor@outlook.com,U-1017,Proposal Sent,142363.54,2024-12-05,2024-06-01,Bulk Import,142363.54,2024-12-05,2024-06-01,Proposal,True
OP-03637,Redwood Outdoors,owen.wilson@company.com,U-1031,Qualified,97418.56,2025-10-04,2025-03-04,Inbound Call,97418.56,2025-10-04,2025-03-04,Qualification,True
OP-00752,DeltaWave Media,aisha.taylor@company.com,U-1007,Qualified,151635.23,2026-01-16,2025-10-28,Web Form,151635.23,2026-01-16,2025-10-28,Qualification,True
OP-00229,Tidewater Marine,not-an-email,U-1009,Prospect,34788.87,2025-09-20,2025-08-27,Bulk Import,34788.87,2025-09-20,2025-08-27,Prospecting,False
OP-00970,Acme Industrial,sofia.brown@yahoo.com,U-1029,Prospecting,"$17,716",2026-05-31,2025-12-28,Inbound Call,17716.0,2026-05-31,2025-12-28,Prospecting,True
OP-00621,Granite Ridge Co,priya.smith@example.org,U-1006,,50567.35,2025-05-08,2025-01-26,Partner Referral,50567.35,2025-05-08,2025-01-26,,True
OP-03842,Granite Ridge Co,raj.brown@example.org,U-1036,prospecting,46652.77,2026-03-05,2025-12-19,Inbound Call,46652.77,2026-03-05,2025-12-19,Prospecting,True
OP-00366,Juniper Retail,zoe.nguyen@gmail.com,U-1019,Discovery,60560.20,2025-12-10,2025-10-23,Outbound SDR,60560.2,2025-12-10,2025-10-23,Qualification,True
OP-03998,Silverline SaaS,ava.davis@company.com,U-1018,CLOSED WON,217055.40,2025-11-27,2025-04-07,Web Form,217055.4,2025-11-27,2025-04-07,Closed Won,True
OP-D0038,Silverline SaaS,noah.taylor@yahoo.com,U-1015,Proposal,107655.25,2024-10-27,2024-05-05,Trade Show,107655.25,2024-10-27,2024-05-05,Proposal,True
OP-02977,Silverline SaaS,tom.johnson@yahoo.com,U-1011,Negotiation,230431.46,2027-02-09,2026-08-11,Trade Show,230431.46,2027-02-09,2026-08-11,Proposal,True
OP-03625,Redwood Outdoors,ben.smith@gmail.com,U-1008,Qualified,"59,526.18 $",2024-07-12,2024-01-23,Outbound SDR,59526.18,2024-07-12,2024-01-23,Qualification,True
OP-01642,Acme Industrial,aisha.anderson@company.com,U-1035,Discovery,206906.12,2025-07-20,2024-12-08,Web Form,206906.12,2025-07-20,2024-12-08,Qualification,True
OP-01191,Keystone Energy,kara.davis@outlook.com,U-1025,,112163.34,2026-07-26,2026-07-10,Outbound SDR,112163.34,2026-07-26,2026-07-10,,True
OP-02210,Granite Ridge Co,chris.moore@gmail.com,U-1037,Prospecting,144121.54,2026-10-18,2026-02-22,Partner Referral,144121.54,2026-10-18,2026-02-22,Prospecting,True
OP-01108,Granite Ridge Co,ethan.patel@gmail.com,U-1013,Qualified,210811.51,2024-08-27,2024-07-06,Inbound Call,210811.51,2024-08-27,2024-07-06,Qualification,True
OP-04314,Yellowpine Lumber,kara.wilson@gmail.com,U-1006,qualification,184405.71,2026-12-11,2026-07-10,Bulk Import,184405.71,2026-12-11,2026-07-10,Qualification,True
OP-04406,Acme Industrial,ethan.miller@outlook.com,U-1021,Closed-Lost,27502.46,2025-07-25,2025-03-02,Web Form,27502.46,2025-07-25,2025-03-02,Closed Lost,True
OP-01193,Zephyr Airlines,ethan.moore@example.org,U-1032,qualification,,2026-05-14,2026-04-26,Outbound SDR,,2026-05-14,2026-04-26,Qualification,True
OP-00232,Meridian Freight,chris.wilson@example.org,U-1034,Proposal Sent,103393.58,2025-12-30,2025-11-01,Outbound SDR,103393.58,2025-12-30,2025-11-01,Proposal,True
OP-01426,Umbra Defense,,U-1015,PROSPECTING,"USD 25,326.29",2024-12-13,2024-06-24,Inbound Call,25326.29,2024-12-13,2024-06-24,Prospecting,
OP-01615,Redwood Outdoors,aisha.kim@yahoo.com,U-8888,proposal,"$49,305.35",2024-11-25,2024-08-11,Outbound SDR,49305.35,2024-11-25,2024-08-11,Proposal,True
OP-01559,Meridian Freight,owen.davis@outlook.com,U-1003,prospecting,199986.83,,2024-04-09,Web Form,199986.83,,2024-04-09,Prospecting,True
OP-00311,DeltaWave Media,ben.nguyen@company.com,U-1024,Qualified,76739.05,2024-04-12,2024-02-23,Outbound SDR,76739.05,2024-04-12,2024-02-23,Qualification,True
OP-03019,Keystone Energy,dev.kim@example.org,U-9999,Qualified,47951.27,2026-07-21,2025-12-08,Inbound Call,47951.27,2026-07-21,2025-12-08,Qualification,True
OP-00782,Redwood Outdoors,owen.garcia@company.com,U-1039,Prospecting,139320.14,2025-08-07,2024-12-28,Web Form,139320.14,2025-08-07,2024-12-28,Prospecting,True
OP-01509,Quartzline Telecom,raj.lee,U-1005,New Lead,160417.03,2026-07-19,2026-04-27,Outbound SDR,160417.03,2026-07-19,2026-04-27,Prospecting,False
OP-01532,Granite Ridge Co,sofia.davis@yahoo.com,U-1007,Negotiation,"$42,058.28",2026-06-20,2026-02-11,Web Form,42058.28,2026-06-20,2026-02-11,Proposal,True
OP-02072,Redwood Outdoors,lena.smith@company.com,U-1002,PROSPECTING,2562.10,2026-08-08,2025-12-28,Inbound Call,2562.1,2026-08-08,2025-12-28,Prospecting,True
OP-02920,Copperline Foods,ava.smith@example.org,U-1011,Won,118954.43,2026-07-26,2026-06-30,Inbound Call,118954.43,2026-07-26,2026-06-30,Closed Won,True
OP-00235,Umbra Defense,ethan.wilson@company.com,U-1012,Negotiation,16250.83,2025-09-05,2025-06-17,Trade Show,16250.83,2025-09-05,2025-06-17,Proposal,True
OP-03405,Everline Health,raj.brown@yahoo.com,U-1000,,76313.14,2024-08-14,2024-04-07,Partner Referral,76313.14,2024-08-14,2024-04-07,,True
OP-01833,Northgate Auto,nina.kim@gmail.com,U-1030,Closed-Lost,"142,779.19 $",2025-08-04,2024-12-09,Trade Show,142779.19,2025-08-04,2024-12-09,Closed Lost,True
OP-03351,Granite Ridge Co,tom.miller@yahoo.com,U-1020,Lost,90459.36,2024-12-09,2024-09-03,Outbound SDR,90459.36,2024-12-09,2024-09-03,Closed Lost,True
OP-04329,Zephyr Airlines,ava.garcia@gmail.com,U-1011,Qualification,"$95,389.46",2024-09-28,2024-09-08,Trade Show,95389.46,2024-09-28,2024-09-08,Qualification,True
OP-04385,Northgate Auto,maya.davis@gmail.com,U-1006,Proposal Sent,51396.05,2026-04-16,2025-12-23,Trade Show,51396.05,2026-04-16,2025-12-23,Proposal,True
OP-03181,Yellowpine Lumber,marcus.brown@outlook.com,U-1003,Closed-Won,"USD 124,872.58",2024-11-04,2024-07-25,Trade Show,124872.58,2024-11-04,2024-07-25,Closed Won,True
OP-03400,Pinnacle Travel,aisha.davis@gmail.com,U-1032,Negotiation,203507.09,2024-07-21,2024-05-17,Inbound Call,203507.09,2024-07-21,2024-05-17,Proposal,True
OP-01052,ForgePoint Systems,maya.miller@yahoo.com,U-1028,Qualified,"USD 191,956.90",2024-08-25,2024-01-11,Outbound SDR,191956.9,2024-08-25,2024-01-11,Qualification,True
OP-04391,Tidewater Marine,dev.smith@yahoo.com,U-1023,qualification,"$67,276.97",2026-10-25,2026-05-18,Outbound SDR,67276.97,2026-10-25,2026-05-18,Qualification,True
OP-03424,BluePeak Logistics,chris.patel@yahoo.com,U-1012,Negotiation,14766.08,2025-08-02,2025-04-13,Trade Show,14766.08,2025-08-02,2025-04-13,Proposal,True
OP-03394,Redwood Outdoors,noah.smith@yahoo.com,U-1032,qualification,119248.19,2026-06-07,2025-12-29,Trade Show,119248.19,2026-06-07,2025-12-29,Qualification,True
OP-02909,Harborline Bank,liam.miller@outlook.com,U-1037,Proposal Sent,"$199,579.37",2024-05-07,2024-03-25,Inbound Call,199579.37,2024-05-07,2024-03-25,Proposal,True
OP-00231,Yellowpine Lumber,,U-1034,Quote Sent,,2026-11-08,2026-05-07,Outbound SDR,,2026-11-08,2026-05-07,Proposal,
OP-02617,Ironclad Security,lena.garcia@company.com,U-1008,qualification,48048.25,2026-05-30,2026-03-07,Trade Show,48048.25,2026-05-30,2026-03-07,Qualification,True
OP-00015,Meridian Freight,maya.smith@company.com,U-1036,Quote Sent,80411.94,2024-11-08,2024-05-14,Web Form,80411.94,2024-11-08,2024-05-14,Proposal,True
OP-04371,ForgePoint Systems,nina.moore@outlook.com,U-1018,New Lead,38901.25,2026-05-09,2026-02-15,Web Form,38901.25,2026-05-09,2026-02-15,Prospecting,True
OP-02322,Ironclad Security,priya.anderson@outlook.com,U-1009,Qualifcation,5956.93,2025-12-15,2025-05-14,Trade Show,5956.93,2025-12-15,2025-05-14,Qualification,True
OP-03561,Northgate Auto,maya.davis@example.org,U-1015,Prospect,"$91,403.71",2025-09-18,2025-03-11,Outbound SDR,91403.71,2025-09-18,2025-03-11,Prospecting,True
OP-01260,BluePeak Logistics,aisha.smith@example.org,U-1014,Qualified,,2025-06-18,2025-04-20,Bulk Import,,2025-06-18,2025-04-20,Qualification,True
OP-02194,Vertex Capital,owen.johnson@company.com,U-1020,Closed-Won,,2025-07-25,2025-03-12,Web Form,,2025-07-25,2025-03-12,Closed Won,True
OP-01360,Acme Industrial,nina.taylor@outlook.com,U-1010,Closed-Lost,221728.27,2025-11-30,2025-07-02,Outbound SDR,221728.27,2025-11-30,2025-07-02,Closed Lost,True
OP-03924,Copperline Foods,nina.brown@gmail.com,U-1033,closed lost,"$56,199",2026-05-22,2026-01-22,Trade Show,56199.0,2026-05-22,2026-01-22,Closed Lost,True
OP-01713,Silverline SaaS,raj.nguyen@gmail.com,U-1032,closed won,104860.02,2025-03-21,2024-12-22,Outbound SDR,104860.02,2025-03-21,2024-12-22,Closed Won,True
OP-03661,Xenon Robotics,raj.nguyen@example.org,U-1035,Quote Sent,122817.66,2024-10-07,2024-05-18,Trade Show,122817.66,2024-10-07,2024-05-18,Proposal,True
OP-01325,Everline Health,lena.thomas@outlook.com,U-1025,Won,181895.57,2024-06-11,2024-04-09,Bulk Import,181895.57,2024-06-11,2024-04-09,Closed Won,True
OP-04187,ForgePoint Systems,aisha.lee@example.org,U-1007,Closed Lost,"$50,930.56",2024-11-15,2024-04-25,Partner Referral,50930.56,2024-11-15,2024-04-25,Closed Lost,True
OP-01983,Northgate Auto,tom.kim@gmail.com,U-1005,Qualified,226986.03,2024-11-10,2024-08-04,Web Form,226986.03,2024-11-10,2024-08-04,Qualification,True
OP-00130,Keystone Energy,dev.garcia@yahoo.com,U-1012,Qualifcation,111175.28,2026-10-23,2026-05-11,Outbound SDR,111175.28,2026-10-23,2026-05-11,Qualification,True
OP-01837,Acme Industrial,dev.brown@example.org,U-1039,Qualification,127222.63,2024-11-29,2024-04-19,Trade Show,127222.63,2024-11-29,2024-04-19,Qualification,True
OP-04539,Everline Health,owen.wilson@company.com,U-1006,Prospect,2195.88,2026-03-06,2025-08-23,Inbound Call,2195.88,2026-03-06,2025-08-23,Prospecting,True
OP-03558,Everline Health,noah.thomas,U-1011,Prospecting,22307.13,2025-08-13,2025-03-22,Web Form,22307.13,2025-08-13,2025-03-22,Prospecting,False
OP-01021,Meridian Freight,ella.nguyen@company.com,U-1015,closed won,54343.76,2025-02-08,2024-07-06,Web Form,54343.76,2025-02-08,2024-07-06,Closed Won,True
OP-04532,,maya.smith@company.com,U-1015,Prospecting,,2024-09-15,2024-03-24,Outbound SDR,,2024-09-15,2024-03-24,Prospecting,True
OP-04282,Quartzline Telecom,ella.taylor@yahoo.com,U-1014,Prospect,40102.91,2024-12-21,2024-06-02,Partner Referral,40102.91,2024-12-21,2024-06-02,Prospecting,True
OP-00210,Yellowpine Lumber,marcus.lee@outlook.com,U-1004,proposal,194484.39,2026-01-18,2025-08-25,Inbound Call,194484.39,2026-01-18,2025-08-25,Proposal,True
OP-04508,Tidewater Marine,maya.taylor@gmail.com,U-1025,Quote Sent,"$178,893",2026-02-28,2026-01-27,Bulk Import,178893.0,2026-02-28,2026-01-27,Proposal,True
OP-03714,Copperline Foods,ava.thomas@gmail.com,U-1012,closed won,81741.01,2025-11-25,2025-10-03,Web Form,81741.01,2025-11-25,2025-10-03,Closed Won,True
OP-03769,Redwood Outdoors,marcus.thomas@outlook.com,U-1031,Prospecting,92829.73,2025-01-10,2024-11-08,Outbound SDR,92829.73,2025-01-10,2024-11-08,Prospecting,True
OP-02323,Redwood Outdoors,dev.wilson@gmail.com,U-1028,Qualifcation,188580.03,2025-02-06,2024-06-12,Web Form,188580.03,2025-02-06,2024-06-12,Qualification,True
OP-00599,Granite Ridge Co,marcus.thomas@gmail.com,U-1007,Qualified,131181.69,2025-03-17,2024-10-15,Outbound SDR,131181.69,2025-03-17,2024-10-15,Qualification,True
OP-02200,Juniper Retail,owen.thomas@company.com,U-1023,PROSPECTING,47913.67,2026-02-23,2026-01-09,Trade Show,47913.67,2026-02-23,2026-01-09,Prospecting,True
OP-02624,Pinnacle Travel,nina.nguyen@gmail.com,U-1006,New Lead,"$9,007",2024-11-30,2024-07-15,Web Form,9007.0,2024-11-30,2024-07-15,Prospecting,True
OP-04223,Harborline Bank,aisha.moore@gmail.com,U-1014,Negotiation,14386.55,2025-09-13,2025-08-20,Trade Show,14386.55,2025-09-13,2025-08-20,Proposal,True
OP-04481,Redwood Outdoors,kara.thomas@company.com,U-1039,Prospecting,197696.89,2026-02-18,2025-12-26,Trade Show,197696.89,2026-02-18,2025-12-26,Prospecting,True
OP-02487,Granite Ridge Co,ben.smith@gmail.com,U-1023,closed won,133408.98,2026-02-17,2025-09-19,Outbound SDR,133408.98,2026-02-17,2025-09-19,Closed Won,True
OP-01465,Yellowpine Lumber,ava.smith@company.com,U-1017,Proposal,176457.88,2024-10-10,2024-05-15,Bulk Import,176457.88,2024-10-10,2024-05-15,Proposal,True
OP-00312,Quartzline Telecom,chris.miller@yahoo.com,U-1017,New Lead,160081.19,2025-12-17,2025-11-30,Web Form,160081.19,2025-12-17,2025-11-30,Prospecting,True
OP-00841,DeltaWave Media,liam.davis@outlook.com,U-1014,Discovery,178687.35,2025-12-03,2025-07-27,Inbound Call,178687.35,2025-12-03,2025-07-27,Qualification,True
OP-03404,Juniper Retail,sofia.thomas@example.org,U-1038,Prospect,"$249,345.77",2025-09-12,2025-02-07,Inbound Call,249345.77,2025-09-12,2025-02-07,Prospecting,True
OP-03831,Northgate Auto,ava.brown@outlook.com,U-1037,qualification,27775.46,2025-11-15,2025-05-25,Partner Referral,27775.46,2025-11-15,2025-05-25,Qualification,True
OP-02556,ForgePoint Systems,maya.lee@gmail.com,U-1000,ClosedLost,"USD 30,091.88",2026-07-20,2026-05-28,Outbound SDR,30091.88,2026-07-20,2026-05-28,Closed Lost,True
OP-00544,Silverline SaaS,ben.thomas@example.org,U-1001,qualification,210727.43,2024-09-01,2024-01-05,Web Form,210727.43,2024-09-01,2024-01-05,Qualification,True
OP-D0192,Pinnacle Travel,zoe.wilson@example.org,U-1013,Proposal,"$128,254",2025-07-20,2025-03-13,Outbound SDR,128254.0,2025-07-20,2025-03-13,Proposal,True
OP-04219,Xenon Robotics,marcus.kim@company.com,U-1037,Discovery,195855.19,2025-08-25,2025-07-03,Inbound Call,195855.19,2025-08-25,2025-07-03,Qualification,True
OP-03747,Onyx Pharma,kara.nguyen@gmail.com,U-1029,Discovery,184364.27,2026-03-20,2026-03-12,Inbound Call,184364.27,2026-03-20,2026-03-12,Qualification,True
OP-03106,Willow Creek Farms,dev.wilson@example.org,U-1033,Qualification,12755.35,2025-07-13,2024-12-21,Outbound SDR,12755.35,2025-07-13,2024-12-21,Qualification,True
OP-00397,Quartzline Telecom,zoe.johnson@outlook.com,U-1026,Closed-Won,162479.06,2025-12-05,2025-05-25,Web Form,162479.06,2025-12-05,2025-05-25,Closed Won,True
OP-01145,Onyx Pharma,kara.anderson@yahoo.com,U-1009,Qualified,155696.45,2026-05-29,2026-10-05,Web Form,155696.45,2026-05-29,2026-10-05,Qualification,True
OP-00217,Meridian Freight,ella.taylor@example.org,U-1009,prospecting,134300.01,2026-10-14,2026-04-21,Partner Referral,134300.01,2026-10-14,2026-04-21,Prospecting,True
OP-04276,ForgePoint Systems,dev.patel@outlook.com,U-1001,Lost,"USD 5,392.67",2026-04-19,2026-02-07,Web Form,5392.67,2026-04-19,2026-02-07,Closed Lost,True
OP-02016,Quartzline Telecom,nina.lee@company.com,U-1036,Closed Lost,83345.52,2026-08-29,2026-07-10,Web Form,83345.52,2026-08-29,2026-07-10,Closed Lost,True
OP-02365,Zephyr Airlines,liam.taylor@company.com,U-1017,Proposal Sent,109648.61,2025-12-15,2025-08-22,Trade Show,109648.61,2025-12-15,2025-08-22,Proposal,True
OP-01901,Meridian Freight,noah.patel@outlook.com,U-1014,Prospect,238947.88,2024-09-09,2024-05-11,Trade Show,238947.88,2024-09-09,2024-05-11,Prospecting,True
OP-04026,Quartzline Telecom,owen.thomas@example.org,U-1009,Qualified,230083.62,2024-08-28,2024-06-18,Partner Referral,230083.62,2024-08-28,2024-06-18,Qualification,True
OP-01980,Larkspur Labs,dev.patel@company.com,U-1030,PROSPECTING,"$185,487.17",2025-11-24,2025-08-15,Trade Show,185487.17,2025-11-24,2025-08-15,Prospecting,True
OP-02776,Larkspur Labs,zoe.wilson@company.com,U-1009,,26315.10,2026-07-17,2026-01-26,Trade Show,26315.1,2026-07-17,2026-01-26,,True
OP-01327,Xenon Robotics,lena.kim@company.com,U-1005,Qualified,"$61,667",2024-06-04,2024-02-19,Outbound SDR,61667.0,2024-06-04,2024-02-19,Qualification,True
OP-04051,Umbra Defense,sofia.davis@company.com,U-1001,Qualification,55731.45,2024-09-20,2024-05-14,Outbound SDR,55731.45,2024-09-20,2024-05-14,Qualification,True
OP-01612,Umbra Defense,ella.smith@yahoo.com,U-1037,closed won,248391.58,2024-11-16,2024-08-25,Trade Show,248391.58,2024-11-16,2024-08-25,Closed Won,True
OP-02293,Northgate Auto,lena.nguyen@yahoo.com,U-1019,Prospect,248499.09,2024-11-24,2024-10-03,Trade Show,248499.09,2024-11-24,2024-10-03,Prospecting,True
OP-00090,Everline Health,tom.davis@company.com,U-1036,PROSPECTING,"USD 100,743.68",2026-05-09,2025-09-18,Web Form,100743.68,2026-05-09,2025-09-18,Prospecting,True
OP-00183,ForgePoint Systems,lena.moore@gmail.com,U-1024,Proposal Sent,87373.75,2026-10-16,2026-06-10,Web Form,87373.75,2026-10-16,2026-06-10,Proposal,True
OP-04209,DeltaWave Media,not-an-email,U-1009,New Lead,124224.02,2024-06-30,2024-05-25,Trade Show,124224.02,2024-06-30,2024-05-25,Prospecting,False
OP-00779,Meridian Freight,lena.miller@gmail.com,U-1024,Discovery,,2025-11-16,2025-05-10,Bulk Import,,2025-11-16,2025-05-10,Qualification,True
OP-01930,Everline Health,raj.smith@gmail.com,U-1016,Prospecting,208402.65,2025-11-27,2025-09-13,Inbound Call,208402.65,2025-11-27,2025-09-13,Prospecting,True
OP-04218,Umbra Defense,liam.anderson@yahoo.com,U-1018,Proposal,20388.28,2027-03-06,2026-08-13,Outbound SDR,20388.28,2027-03-06,2026-08-13,Proposal,True
OP-02319,DeltaWave Media,dev.brown@outlook.com,U-1036,ClosedWon,,2025-10-08,2025-04-16,Partner Referral,,2025-10-08,2025-04-16,Closed Won,True
OP-00835,Silverline SaaS,noah.johnson@yahoo.com,U-1034,Closed Won,86521.94,2026-10-30,2026-06-30,Trade Show,86521.94,2026-10-30,2026-06-30,Closed Won,True
OP-02213,Everline Health,nina.miller@gmail.com,U-1028,,179693.08,2026-02-04,2025-08-12,Inbound Call,179693.08,2026-02-04,2025-08-12,,True
OP-01112,Yellowpine Lumber,ethan.davis@gmail.com,U-1000,Qualification,249700.82,2025-04-28,2024-10-13,Outbound SDR,249700.82,2025-04-28,2024-10-13,Qualification,True
OP-01141,Copperline Foods,ava.lee@outlook.com,U-1028,Qualifcation,133467.07,2024-11-25,2024-07-29,Bulk Import,133467.07,2024-11-25,2024-07-29,Qualification,True
OP-00153,Yellowpine Lumber,owen.smith@outlook.com,U-1027,Proposal,"$78,922",2026-10-24,2026-05-04,Web Form,78922.0,2026-10-24,2026-05-04,Proposal,True
OP-03566,Northgate Auto,,U-1024,Qualification,229707.33,2024-07-26,2024-05-14,Partner Referral,229707.33,2024-07-26,2024-05-14,Qualification,
OP-00161,Juniper Retail,dev.smith@outlook.com,U-1020,Closed Won,41088.61,2025-07-02,2025-04-19,Inbound Call,41088.61,2025-07-02,2025-04-19,Closed Won,True
OP-00848,Quartzline Telecom,ella.patel@example.org,U-1035,PROSPECTING,200894.44,2024-08-16,2024-07-08,Bulk Import,200894.44,2024-08-16,2024-07-08,Prospecting,True
OP-03949,Onyx Pharma,priya.kim@example.org,U-1010,Closed-Won,30566.12,2025-11-30,2025-04-17,Trade Show,30566.12,2025-11-30,2025-04-17,Closed Won,True
OP-02651,Juniper Retail,ella.davis@example.org,U-1010,prospecting,"$173,679",2026-01-01,2025-07-07,Inbound Call,173679.0,2026-01-01,2025-07-07,Prospecting,True
OP-00585,Acme Industrial,ben.patel@yahoo.com,U-1002,Proposal Sent,"$23,213.14",2025-05-13,2024-10-14,Bulk Import,23213.14,2025-05-13,2024-10-14,Proposal,True
OP-02127,Acme Industrial,ava.johnson@gmail.com,U-1035,Qualification,163326.55,2026-08-03,2026-02-04,Trade Show,163326.55,2026-08-03,2026-02-04,Qualification,True
OP-00281,BluePeak Logistics,elladavis@gmail.com,U-1025,Qualified,245990.00,2026-08-25,2026-06-17,Partner Referral,245990.0,2026-08-25,2026-06-17,Qualification,True
OP-01241,Onyx Pharma,tom.thomas@outlook.com,U-1010,ClosedWon,"$48,334",2025-07-04,2025-01-20,Inbound Call,48334.0,2025-07-04,2025-01-20,Closed Won,True
OP-01620,Keystone Energy,sofia.brown@gmail.com,U-1031,Proposal,33265.17,2026-07-13,2026-04-10,Bulk Import,33265.17,2026-07-13,2026-04-10,Proposal,True
OP-01519,Onyx Pharma,raj.johnson@outlook.com,U-1026,Closed Won,"$236,695.42",2024-09-06,2024-03-12,Inbound Call,236695.42,2024-09-06,2024-03-12,Closed Won,True
OP-00094,Willow Creek Farms,raj.davis@example.org,U-1015,closed lost,243892.78,2025-06-04,2024-11-22,Outbound SDR,243892.78,2025-06-04,2024-11-22,Closed Lost,True
OP-00109,Vertex Capital,maya.davis@company.com,U-1023,ClosedWon,189175.41,2026-06-26,2026-04-25,Web Form,189175.41,2026-06-26,2026-04-25,Closed Won,True
OP-02377,Redwood Outdoors,noah.brown@yahoo.com,U-1000,New Lead,,2024-08-05,2024-07-18,Bulk Import,,2024-08-05,2024-07-18,Prospecting,True
OP-02115,Xenon Robotics,ella.brown@example.org,U-1015,prospecting,73878.08,,2024-04-02,Trade Show,73878.08,,2024-04-02,Prospecting,True
OP-02670,Larkspur Labs,ava.anderson@example.org,U-1031,Proposal Sent,,2025-07-02,2025-02-01,Outbound SDR,,2025-07-02,2025-02-01,Proposal,True
OP-03369,Willow Creek Farms,aisha.wilson@company.com,U-1016,Negotiation,36054.89,2024-08-04,2024-05-31,Partner Referral,36054.89,2024-08-04,2024-05-31,Proposal,True
OP-01025,Northgate Auto,zoe.moore@gmail.com,U-1004,New Lead,216985.55,2024-12-05,2024-06-11,Inbound Call,216985.55,2024-12-05,2024-06-11,Prospecting,True
OP-01449,Umbra Defense,kara.mooregmail.com,U-1015,Closed Won,66536.64,2026-05-27,2025-11-30,Partner Referral,66536.64,2026-05-27,2025-11-30,Closed Won,False
OP-04607,Keystone Energy,maya.davis@outlook.com,U-1021,Qualified,,2025-06-03,2024-10-29,Web Form,,2025-06-03,2024-10-29,Qualification,True
OP-03226,Ironclad Security,ella.patel@outlook.com,U-1001,qualification,24109.97,2026-07-13,2026-03-29,Bulk Import,24109.97,2026-07-13,2026-03-29,Qualification,True
OP-00713,Harborline Bank,owen.kim@company.com,U-1009,closed lost,246131.69,2026-06-09,2025-11-06,Bulk Import,246131.69,2026-06-09,2025-11-06,Closed Lost,True
OP-03979,Tidewater Marine,nina.moore@gmail.com,U-1001,Prospecting,"$155,978.54",2026-12-19,2026-08-19,Trade Show,155978.54,2026-12-19,2026-08-19,Prospecting,True
OP-02668,BluePeak Logistics,nina.anderson@example.org,U-1001,Qualified,190264.35,2025-10-08,2025-08-10,Trade Show,190264.35,2025-10-08,2025-08-10,Qualification,True
OP-00560,Copperline Foods,marcus.nguyen@gmail.com,U-1022,prospecting,109148.59,2026-03-17,2025-12-31,Inbound Call,109148.59,2026-03-17,2025-12-31,Prospecting,True
OP-04080,Vertex Capital,priya.patel@example.org,U-1003,Proposal,3245.44,2025-04-29,2025-01-10,Inbound Call,3245.44,2025-04-29,2025-01-10,Proposal,True
OP-03329,Keystone Energy,tom.taylor@example.org,U-1007,New Lead,132438.64,2025-07-24,2025-03-19,Trade Show,132438.64,2025-07-24,2025-03-19,Prospecting,True
OP-01951,BluePeak Logistics,owen.johnson@company.com,U-1020,,151890.01,2026-06-07,2026-05-03,Outbound SDR,151890.01,2026-06-07,2026-05-03,,True
OP-04422,Everline Health,owen.smith@outlook.com,U-1013,Prospect,,,2025-09-28,Trade Show,,,2025-09-28,Prospecting,True
OP-02228,Granite Ridge Co,lena.taylor@company.com,U-1030,Quote Sent,"122,264.31 $",2026-11-16,2026-03-26,Web Form,122264.31,2026-11-16,2026-03-26,Proposal,True
OP-03749,Harborline Bank,dev.wilson@example.org,U-1038,Qualifcation,208497.47,2025-06-15,2024-11-30,Trade Show,208497.47,2025-06-15,2024-11-30,Qualification,True
OP-04143,Vertex Capital,chris.lee@outlook.com,U-1034,New Lead,62778.05,2025-01-21,2024-12-19,Web Form,62778.05,2025-01-21,2024-12-19,Prospecting,True
OP-02694,Everline Health,ava.smith@gmail.com,U-1026,Qualifcation,211215.36,2024-09-15,2024-08-15,Bulk Import,211215.36,2024-09-15,2024-08-15,Qualification,True
OP-04199,Larkspur Labs,sofia.johnson@company.com,U-1004,New Lead,84825.43,2026-06-26,2026-05-17,Bulk Import,84825.43,2026-06-26,2026-05-17,Prospecting,True
OP-03709,Tidewater Marine,aisha.anderson@company.com,U-1003,New Lead,219667.86,2025-04-06,2024-08-17,Partner Referral,219667.86,2025-04-06,2024-08-17,Prospecting,True
OP-04129,Copperline Foods,ethan.anderson@company.com,U-1035,Qualification,117463.63,2025-05-16,2024-10-29,Bulk Import,117463.63,2025-05-16,2024-10-29,Qualification,True
OP-D0255,Pinnacle Travel,priya.moore@outlook.com,U-1024,prospecting,,2024-03-11,2024-02-28,Trade Show,,2024-03-11,2024-02-28,Prospecting,True
OP-03807,Acme Industrial,chris.smith@example.org,U-1012,ClosedWon,"$119,160",2024-03-04,2024-01-10,Web Form,119160.0,2024-03-04,2024-01-10,Closed Won,True
OP-03585,Tidewater Marine,priya.garcia@outlook.com,U-1016,qualification,123335.64,2027-01-02,2026-07-14,Bulk Import,123335.64,2027-01-02,2026-07-14,Qualification,True
OP-D0059,BluePeak Logistics,tom.johnson@yahoo.com,U-1039,Closed-Won,"USD 197,806.59",2025-09-28,2025-09-21,Bulk Import,197806.59,2025-09-28,2025-09-21,Closed Won,True
OP-04584,ForgePoint Systems,raj.taylor@company.com,U-1009,ClosedWon,96141.54,2026-02-18,2026-01-25,Web Form,96141.54,2026-02-18,2026-01-25,Closed Won,True
OP-04479,Silverline SaaS,sofia.smith@company.com,U-1032,Qualified,,2025-11-11,2025-06-13,Inbound Call,,2025-11-11,2025-06-13,Qualification,True
OP-02849,Quartzline Telecom,priya.moore@yahoo.com,U-1026,Negotiation,"$112,820",2026-02-03,2025-11-06,Partner Referral,112820.0,2026-02-03,2025-11-06,Proposal,True
OP-02833,Acme Industrial,maya.miller@yahoo.com,admin,Won,109530.53,2026-03-11,2025-09-29,Outbound SDR,109530.53,2026-03-11,2025-09-29,Closed Won,True
OP-01903,Vertex Capital,raj.davis@yahoo.com,U-1039,CLOSED WON,141782.68,2026-01-22,2025-07-27,Web Form,141782.68,2026-01-22,2025-07-27,Closed Won,True
OP-01082,Onyx Pharma,raj.taylor@outlook.com,U-1033,qualification,191642.07,2025-07-04,2025-04-10,Trade Show,191642.07,2025-07-04,2025-04-10,Qualification,True
OP-00571,Xenon Robotics,chris.thomas@gmail.com,U-1016,prospecting,"$182,584.46",,2026-03-25,Web Form,182584.46,,2026-03-25,Prospecting,True
OP-01463,Willow Creek Farms,noah.brown@example.org,U-1032,proposal,"USD 166,710.14",2026-06-04,2026-01-14,Inbound Call,166710.14,2026-06-04,2026-01-14,Proposal,True
OP-01919,DeltaWave Media,ben.kim@yahoo.com,U-1020,Qualification,101319.95,2026-11-15,2026-03-31,Partner Referral,101319.95,2026-11-15,2026-03-31,Qualification,True
OP-01623,ForgePoint Systems,nina.brown@example.org,U-1010,prospecting,64707.15,2024-03-01,2024-02-09,Web Form,64707.15,2024-03-01,2024-02-09,Prospecting,True
OP-00134,Zephyr Airlines,ben.miller@example.org,U-1023,PROSPECTING,57056.27,2025-04-19,2025-03-16,Outbound SDR,57056.27,2025-04-19,2025-03-16,Prospecting,True
OP-03638,ForgePoint Systems,dev.miller@example.org,U-1039,Proposal,"$166,340",2026-04-07,2026-03-01,Bulk Import,166340.0,2026-04-07,2026-03-01,Proposal,True
OP-02411,,owen.thomas@yahoo.com,U-1010,ClosedWon,,,2025-10-29,Bulk Import,,,2025-10-29,Closed Won,True
OP-04499,Zephyr Airlines,aisha.lee@example.org,U-1003,Negotiation,230791.53,2025-04-03,2024-08-17,Outbound SDR,230791.53,2025-04-03,2024-08-17,Proposal,True
OP-03069,Zephyr Airlines,noah.smith@company.com,U-1011,ClosedWon,64541.10,2026-12-26,2026-07-24,Bulk Import,64541.1,2026-12-26,2026-07-24,Closed Won,True
OP-02715,Copperline Foods,marcus.taylor@example.org,U-1020,qualification,203560.24,2027-02-23,2026-07-08,Web Form,203560.24,2027-02-23,2026-07-08,Qualification,True
OP-04614,Meridian Freight,priya.patel@example.org,U-1026,Qualification,106478.75,2024-08-26,2024-05-26,Outbound SDR,106478.75,2024-08-26,2024-05-26,Qualification,True
OP-04025,Larkspur Labs,priya.anderson@company.com,U-1021,Prospect,"USD 180,746.58",,2025-12-27,Outbound SDR,180746.58,,2025-12-27,Prospecting,True
OP-01955,Willow Creek Farms,ethan.kim@outlook.com,U-1002,PROSPECTING,"48,351.76 $",2024-08-11,2024-03-18,Inbound Call,48351.76,2024-08-11,2024-03-18,Prospecting,True
OP-03590,Juniper Retail,aisha.anderson@company.com,U-1027,qualification,230747.70,2025-12-02,2025-07-10,Bulk Import,230747.7,2025-12-02,2025-07-10,Qualification,True
OP-00430,Keystone Energy,ethan.davis@example.org,U-1004,qualification,93670.88,2026-10-15,2026-08-16,Web Form,93670.88,2026-10-15,2026-08-16,Qualification,True
OP-03634,Northgate Auto,lena.taylor@outlook.com,U-1007,Prospect,148445.53,2024-11-13,2024-04-06,Bulk Import,148445.53,2024-11-13,2024-04-06,Prospecting,True
OP-02179,ForgePoint Systems,ella.moore@yahoo.com,U-1024,Closed Lost,172270.74,2025-01-27,2024-06-27,Outbound SDR,172270.74,2025-01-27,2024-06-27,Closed Lost,True
OP-01939,Harborline Bank,lena.davis@yahoo.com,U-1005,qualification,143203.49,2025-10-17,2025-04-03,Web Form,143203.49,2025-10-17,2025-04-03,Qualification,True
OP-03219,Willow Creek Farms,owen.garcia@yahoo.com,U-1015,Lost,147808.90,2026-04-19,2026-03-07,Inbound Call,147808.9,2026-04-19,2026-03-07,Closed Lost,True
OP-00202,Zephyr Airlines,nina.kim@yahoo.com,U-1014,Negotiation,141458.48,2026-02-22,2025-09-10,Outbound SDR,141458.48,2026-02-22,2025-09-10,Proposal,True
OP-01962,Zephyr Airlines,raj.taylor@company.com,U-1032,Prospecting,167736.76,2024-09-27,2024-03-20,Bulk Import,167736.76,2024-09-27,2024-03-20,Prospecting,True
OP-00443,BluePeak Logistics,maya.moore@outlook.com,U-1026,closed won,220873.85,2025-04-23,2024-09-02,Bulk Import,220873.85,2025-04-23,2024-09-02,Closed Won,True
OP-02642,BluePeak Logistics,nina.garcia@example.org,U-1022,Proposal Sent,111418.90,2024-09-29,2024-03-06,Partner Referral,111418.9,2024-09-29,2024-03-06,Proposal,True
OP-03225,Vertex Capital,maya.taylor@yahoo.com,U-1032,Quote Sent,236728.71,2025-09-09,2025-09-02,Outbound SDR,236728.71,2025-09-09,2025-09-02,Proposal,True
OP-00447,Harborline Bank,priya.wilson@gmail.com,U-1006,Prospecting,247344.07,2024-08-22,2024-07-23,Trade Show,247344.07,2024-08-22,2024-07-23,Prospecting,True
OP-04550,Ironclad Security,priya.lee@yahoo.com,U-1025,Qualified,229043.05,2026-02-26,2025-11-07,Trade Show,229043.05,2026-02-26,2025-11-07,Qualification,True
OP-03716,Northgate Auto,dev.davis@example.org,U-1025,Prospect,7594.74,2025-07-06,2025-04-21,Inbound Call,7594.74,2025-07-06,2025-04-21,Prospecting,True
OP-02138,Zephyr Airlines,,U-1032,Qualified,63392.64,2025-06-26,2025-05-02,Trade Show,63392.64,2025-06-26,2025-05-02,Qualification,
OP-01153,Vertex Capital,marcus.smith@company.com,U-1016,Lost,"USD 48,112.25",,2025-06-24,Inbound Call,48112.25,,2025-06-24,Closed Lost,True
OP-01515,Keystone Energy,kara.thomas@yahoo.com,U-1019,Prospecting,114843.51,2026-08-04,2026-05-15,Outbound SDR,114843.51,2026-08-04,2026-05-15,Prospecting,True
OP-01628,Ironclad Security,nina.lee@gmail.com,U-1005,New Lead,69600.98,2024-05-14,2024-01-15,Inbound Call,69600.98,2024-05-14,2024-01-15,Prospecting,True
OP-02796,Umbra Defense,aisha.lee@gmail.com,U-1024,Proposal Sent,64864.94,2026-06-03,2026-05-14,Inbound Call,64864.94,2026-06-03,2026-05-14,Proposal,True
OP-01694,Quartzline Telecom,noah.brown@gmail.com,U-1025,Qualification,122935.03,2026-08-26,2026-03-20,Partner Referral,122935.03,2026-08-26,2026-03-20,Qualification,True
OP-04154,DeltaWave Media,,U-1001,,153084.99,2025-08-05,2025-03-22,Partner Referral,153084.99,2025-08-05,2025-03-22,,
OP-04365,Pinnacle Travel,maya.taylor@example.org,U-1007,PROSPECTING,"$34,371",2026-04-24,2026-01-21,Outbound SDR,34371.0,2026-04-24,2026-01-21,Prospecting,True
OP-03370,Redwood Outdoors,dev.anderson@example.org,U-1033,CLOSED WON,91427.34,2025-07-11,2025-02-25,Web Form,91427.34,2025-07-11,2025-02-25,Closed Won,True
OP-04469,Ironclad Security,nina.moore@gmail.com,U-1004,Prospecting,98826.90,,2026-02-09,Inbound Call,98826.9,,2026-02-09,Prospecting,True
OP-02641,Harborline Bank,maya.lee@gmail.com,U-1036,Qualifcation,182144.71,2025-05-15,2027-04-01,Inbound Call,182144.71,2025-05-15,2027-04-01,Qualification,True
OP-01485,ForgePoint Systems,ethan.davis@outlook.com,U-1021,Quote Sent,229577.91,2025-02-10,2024-12-13,Trade Show,229577.91,2025-02-10,2024-12-13,Proposal,True
OP-03837,Yellowpine Lumber,zoe.taylor@example.org,U-1001,qualification,201048.82,2025-12-15,2025-07-26,Partner Referral,201048.82,2025-12-15,2025-07-26,Qualification,True
OP-02463,Willow Creek Farms,liam.taylor@example.org,U-1027,Proposal,69424.72,2025-11-27,2025-10-13,Outbound SDR,69424.72,2025-11-27,2025-10-13,Proposal,True
OP-03952,Yellowpine Lumber,noahlee@example.org,U-1020,Closed-Won,160140.00,2025-11-03,2026-10-14,Inbound Call,160140.0,2025-11-03,2026-10-14,Closed Won,True
OP-02996,Everline Health,ben.garcia@outlook.com,U-1008,Closed Lost,"USD 22,393.71",2026-08-24,2026-04-24,Trade Show,22393.71,2026-08-24,2026-04-24,Closed Lost,True
OP-01334,Vertex Capital,dev.nguyen@company.com,U-1005,,161460.76,2025-09-10,2025-08-22,Bulk Import,161460.76,2025-09-10,2025-08-22,,True
OP-03791,Larkspur Labs,chris.moore@company.com,U-1024,PROSPECTING,"$7,170",2026-06-30,2026-05-18,Trade Show,7170.0,2026-06-30,2026-05-18,Prospecting,True
OP-03989,Everline Health,aisha.patel@example.org,U-1007,Qualification,95323.20,2025-08-25,2025-05-10,Outbound SDR,95323.2,2025-08-25,2025-05-10,Qualification,True
OP-04128,Tidewater Marine,owen.brown@gmail.com,U-1002,CLOSED WON,219727.92,2025-06-08,2024-11-09,Inbound Call,219727.92,2025-06-08,2024-11-09,Closed Won,True
OP-02429,Copperline Foods,maya.wilson@company.com,U-1026,Proposal Sent,232097.27,2026-05-10,2026-01-22,Partner Referral,232097.27,2026-05-10,2026-01-22,Proposal,True
OP-00832,Willow Creek Farms,noah.moore@yahoo.com,U-1027,Qualifcation,2362.21,2026-07-25,2026-02-27,Partner Referral,2362.21,2026-07-25,2026-02-27,Qualification,True
OP-03524,Onyx Pharma,dev.thomas@gmail.com,U-1031,Won,225514.53,2025-11-08,2025-06-21,Bulk Import,225514.53,2025-11-08,2025-06-21,Closed Won,True
OP-00618,Zephyr Airlines,owen.nguyen,U-1009,Quote Sent,,2026-09-11,2026-01-24,Inbound Call,,2026-09-11,2026-01-24,Proposal,False
OP-01547,Silverline SaaS,owen.moore@yahoo.com,U-1016,PROSPECTING,226047.83,2024-11-12,2024-04-03,Web Form,226047.83,2024-11-12,2024-04-03,Prospecting,True
OP-04366,Yellowpine Lumber,liam.kim@outlook.com,U-1023,Proposal Sent,204355.45,2025-05-16,2024-11-13,Trade Show,204355.45,2025-05-16,2024-11-13,Proposal,True
OP-01437,Willow Creek Farms,chris.moore@yahoo.com,inactive_user,Prospect,121147.74,2026-12-11,2026-08-12,Web Form,121147.74,2026-12-11,2026-08-12,Prospecting,True
OP-00112,Meridian Freight,,U-1034,Lost,95160.09,2025-11-19,2025-04-04,Outbound SDR,95160.09,2025-11-19,2025-04-04,Closed Lost,
OP-03160,Xenon Robotics,liam.wilson@@yahoo.com,U-1032,Closed Lost,69512.54,2024-10-22,2024-08-26,Web Form,69512.54,2024-10-22,2024-08-26,Closed Lost,False
OP-D0249,Quartzline Telecom,tom.thomas@example.org,U-1028,Qualified,129752.59,2025-01-17,2024-06-20,Bulk Import,129752.59,2025-01-17,2024-06-20,Qualification,True
OP-00464,Harborline Bank,ava.wilson@yahoo.com,inactive_user,Quote Sent,129698.67,2025-05-14,2025-01-12,Web Form,129698.67,2025-05-14,2025-01-12,Proposal,True
OP-02767,Harborline Bank,nina.johnson@example.org,U-1030,prospecting,79207.70,2024-09-05,2024-08-10,Outbound SDR,79207.7,2024-09-05,2024-08-10,Prospecting,True
OP-04473,Northgate Auto,tom.smith@gmail.com,U-1013,Qualifcation,3346.84,2026-04-30,2025-10-04,Web Form,3346.84,2026-04-30,2025-10-04,Qualification,True
OP-01031,Everline Health,kara.lee@gmail.com,U-1022,Qualifcation,53060.39,2026-02-06,2025-08-05,Web Form,53060.39,2026-02-06,2025-08-05,Qualification,True
OP-03877,,priya.nguyen@gmail.com,U-1004,Closed-Won,84100.11,2025-01-01,2024-11-05,Inbound Call,84100.11,2025-01-01,2024-11-05,Closed Won,True
OP-03536,Larkspur Labs,sofia.anderson@example.org,U-1012,CLOSED WON,207001.11,,2026-04-29,Web Form,207001.11,,2026-04-29,Closed Won,True
OP-03429,Pinnacle Travel,ethan.wilson@outlook.com,U-1021,PROSPECTING,"USD 217,469.76",2024-05-29,2024-02-14,Bulk Import,217469.76,2024-05-29,2024-02-14,Prospecting,True
OP-04581,Pinnacle Travel,owen.wilson@company.com,U-1009,Qualification,"$59,561.71",2026-10-03,2026-03-06,Bulk Import,59561.71,2026-10-03,2026-03-06,Qualification,True
OP-01292,Yellowpine Lumber,,U-1004,New Lead,"$163,621.06",2025-11-17,2025-04-10,Partner Referral,163621.06,2025-11-17,2025-04-10,Prospecting,
OP-00259,Copperline Foods,aisha.brown@outlook.com,U-1039,Qualifcation,136318.28,2025-08-12,2025-06-27,Partner Referral,136318.28,2025-08-12,2025-06-27,Qualification,True
OP-01378,Pinnacle Travel,ben.smith@yahoo.com,U-9999,prospecting,228209.47,2025-04-16,2025-01-24,Trade Show,228209.47,2025-04-16,2025-01-24,Prospecting,True
OP-01624,Xenon Robotics,ella.taylor@example.org,U-1000,ClosedWon,"$149,875",2026-05-25,2025-10-12,Partner Referral,149875.0,2026-05-25,2025-10-12,Closed Won,True
OP-D0056,Silverline SaaS,maya.kim@example.org,U-1021,Qualifcation,101352.47,2025-10-08,2025-07-02,Web Form,101352.47,2025-10-08,2025-07-02,Qualification,True
OP-03894,Pinnacle Travel,ethan.lee@gmail.com,U-1037,Discovery,75541.34,2024-09-17,2024-05-15,Bulk Import,75541.34,2024-09-17,2024-05-15,Qualification,True
OP-03553,BluePeak Logistics,marcus.smith@gmail.com,U-1000,,36911.88,2027-02-24,2026-08-02,Outbound SDR,36911.88,2027-02-24,2026-08-02,,True
OP-03430,Larkspur Labs,lena.davis,U-1034,Proposal Sent,55189.71,2024-07-01,2024-01-24,Trade Show,55189.71,2024-07-01,2024-01-24,Proposal,False
OP-00166,Zephyr Airlines,noah.nguyen@outlook.com,U-1003,Discovery,"$249,902.23",2025-09-17,2025-04-28,Inbound Call,249902.23,2025-09-17,2025-04-28,Qualification,True
OP-01745,Redwood Outdoors,sofia.kim@outlook.com,U-1033,,13423.49,2026-04-09,2026-02-14,Inbound Call,13423.49,2026-04-09,2026-02-14,,True
OP-04689,Harborline Bank,nina.thomas@yahoo.com,U-1018,Closed Won,144355.69,2024-08-20,2024-07-23,Partner Referral,144355.69,2024-08-20,2024-07-23,Closed Won,True
OP-01528,Northgate Auto,ella.wilson@example.org,U-1017,Qualification,195419.90,2024-12-30,2024-05-14,Inbound Call,195419.9,2024-12-30,2024-05-14,Qualification,True
OP-02421,Yellowpine Lumber,kara.garciaoutlook.com,U-1003,PROSPECTING,"$65,035.46",2024-10-04,2024-05-10,Outbound SDR,65035.46,2024-10-04,2024-05-10,Prospecting,False
OP-04402,BluePeak Logistics,maya.brown@yahoo.com,U-1029,proposal,"$171,267",2024-08-03,2024-07-01,Bulk Import,171267.0,2024-08-03,2024-07-01,Proposal,True
OP-02004,Silverline SaaS,owen.brown@yahoo.com,U-1000,ClosedLost,"$61,399.44",2026-09-23,2026-07-01,Partner Referral,61399.44,2026-09-23,2026-07-01,Closed Lost,True
OP-03236,Yellowpine Lumber,ella.garcia@gmail.com,U-1009,Closed Won,30169.33,2025-03-07,2024-11-02,Trade Show,30169.33,2025-03-07,2024-11-02,Closed Won,True
OP-04611,Willow Creek Farms,marcus.garcia@yahoo.com,U-1038,Proposal,"135,877.19 $",2025-02-18,2025-01-25,Outbound SDR,135877.19,2025-02-18,2025-01-25,Proposal,True
OP-00639,Redwood Outdoors,liam.miller@gmail.com,U-1002,Qualified,6344.71,2024-11-21,2024-09-30,Bulk Import,6344.71,2024-11-21,2024-09-30,Qualification,True
OP-04604,Keystone Energy,,admin,proposal,34706.75,2024-12-17,2024-07-26,Inbound Call,34706.75,2024-12-17,2024-07-26,Proposal,
OP-02248,Keystone Energy,chris.smith@outlook.com,U-1038,Closed Lost,143899.30,2026-04-13,2026-02-03,Inbound Call,143899.3,2026-04-13,2026-02-03,Closed Lost,True
OP-04315,Copperline Foods,ben.thomas@outlook.com,U-1024,qualification,"USD 91,492.25",2026-07-29,2025-12-20,Bulk Import,91492.25,2026-07-29,2025-12-20,Qualification,True
OP-04608,Tidewater Marine,tom.brown@gmail.com,U-1034,Qualifcation,,2026-01-03,2025-08-21,Trade Show,,2026-01-03,2025-08-21,Qualification,True
OP-00901,ForgePoint Systems,ben.wilson@yahoo.com,U-1024,Qualifcation,66564.49,2026-10-14,2026-07-10,Inbound Call,66564.49,2026-10-14,2026-07-10,Qualification,True
OP-04621,Juniper Retail,priya.moore@company.com,U-1030,Prospecting,"USD 148,078.56",2025-02-15,2025-01-02,Partner Referral,148078.56,2025-02-15,2025-01-02,Prospecting,True
OP-04503,Yellowpine Lumber,tom.nguyen@yahoo.com,U-1024,Lost,223510.32,2025-04-27,2025-03-12,Partner Referral,223510.32,2025-04-27,2025-03-12,Closed Lost,True
OP-04533,Zephyr Airlines,raj.garcia@example.org,U-1011,New Lead,200289.83,2025-12-04,2025-10-08,Trade Show,200289.83,2025-12-04,2025-10-08,Prospecting,True
OP-04352,Vertex Capital,tom.brown@outlook.com,U-1031,PROSPECTING,"USD 54,136.27",2026-09-24,2026-05-22,Partner Referral,54136.27,2026-09-24,2026-05-22,Prospecting,True
OP-03733,Acme Industrial,dev.nguyen@yahoo.com,U-1023,proposal,27986.66,2024-10-04,2024-07-17,Partner Referral,27986.66,2024-10-04,2024-07-17,Proposal,True
OP-02442,,owen.moore@outlook.com,U-1015,Qualified,157369.13,2026-09-29,2026-04-29,Trade Show,157369.13,2026-09-29,2026-04-29,Qualification,True
OP-00290,Juniper Retail,ella.moore@example.org,U-1001,Qualification,"$30,231.52",2025-03-19,2024-11-03,Inbound Call,30231.52,2025-03-19,2024-11-03,Qualification,True
OP-03009,Granite Ridge Co,lena.lee@yahoo.com,U-1033,Qualifcation,159319.81,2026-04-27,2025-10-20,Partner Referral,159319.81,2026-04-27,2025-10-20,Qualification,True
OP-02261,Meridian Freight,raj.nguyen@company.com,U-1012,Quote Sent,214258.45,2027-03-21,2026-08-03,Inbound Call,214258.45,2027-03-21,2026-08-03,Proposal,True
OP-01877,DeltaWave Media,marcus.nguyen@outlook.com,U-1016,Prospecting,128891.08,2027-02-06,2026-08-09,Partner Referral,128891.08,2027-02-06,2026-08-09,Prospecting,True
OP-01888,Harborline Bank,dev.davis@example.org,U-1017,ClosedLost,75692.44,2026-08-06,2026-02-06,Inbound Call,75692.44,2026-08-06,2026-02-06,Closed Lost,True
OP-02423,Pinnacle Travel,owen.anderson@outlook.com,U-1038,,231179.97,2025-04-30,2025-01-15,Bulk Import,231179.97,2025-04-30,2025-01-15,,True
OP-01706,Granite Ridge Co,aisha.nguyen@example.org,U-1025,ClosedWon,32699.81,2025-04-17,2024-08-26,Trade Show,32699.81,2025-04-17,2024-08-26,Closed Won,True
OP-03756,Umbra Defense,liam.lee@example.org,U-1014,Closed Lost,172422.56,2026-11-24,2026-04-25,Partner Referral,172422.56,2026-11-24,2026-04-25,Closed Lost,True
OP-D0122,Willow Creek Farms,zoe.lee@yahoo.com,U-1031,Negotiation,150636.79,2026-02-26,2025-08-26,Partner Referral,150636.79,2026-02-26,2025-08-26,Proposal,True
OP-01574,Juniper Retail,maya.lee@gmail.com,U-1027,,112149.50,2025-10-28,2025-09-01,Web Form,112149.5,2025-10-28,2025-09-01,,True
OP-00572,Onyx Pharma,tom.lee@yahoo.com,U-1010,ClosedLost,140004.12,2025-03-03,2025-01-21,Outbound SDR,140004.12,2025-03-03,2025-01-21,Closed Lost,True
OP-01329,Acme Industrial,ethan.nguyen@yahoo.com,U-1002,proposal,186498.77,2025-09-15,2025-06-28,Partner Referral,186498.77,2025-09-15,2025-06-28,Proposal,True
OP-00188,Keystone Energy,sofia.kim@yahoo.com,U-1029,prospecting,186564.06,2025-11-30,2025-11-01,Web Form,186564.06,2025-11-30,2025-11-01,Prospecting,True
OP-01719,Redwood Outdoors,liam.miller@company.com,U-1039,closed lost,62886.87,2025-08-04,2025-05-29,Inbound Call,62886.87,2025-08-04,2025-05-29,Closed Lost,True
OP-03530,Silverline SaaS,lena.smith@gmail.com,U-1031,Discovery,119097.34,2025-03-06,2024-12-29,Partner Referral,119097.34,2025-03-06,2024-12-29,Qualification,True
OP-01330,DeltaWave Media,ava.brown@outlook.com,U-1036,Qualified,"$71,884",,2024-12-01,Outbound SDR,71884.0,,2024-12-01,Qualification,True
OP-03571,DeltaWave Media,chris.davis@yahoo.com,U-1029,closed lost,69280.42,2027-01-31,2026-08-31,Trade Show,69280.42,2027-01-31,2026-08-31,Closed Lost,True
OP-00142,Copperline Foods,raj.anderson@example.org,U-1010,Closed-Lost,54049.79,2025-11-08,2025-03-25,Bulk Import,54049.79,2025-11-08,2025-03-25,Closed Lost,True
OP-04019,Ironclad Security,tom.nguyen@gmail.com,U-1013,Qualified,37630.32,2026-05-29,2026-02-27,Trade Show,37630.32,2026-05-29,2026-02-27,Qualification,True
OP-00411,Juniper Retail,ethan.smith@example.org,U-1011,Qualification,40248.39,2024-07-19,2024-05-27,Web Form,40248.39,2024-07-19,2024-05-27,Qualification,True
OP-03666,Acme Industrial,marcus.anderson@gmail.com,U-1033,Quote Sent,236148.12,2024-10-19,2024-06-11,Inbound Call,236148.12,2024-10-19,2024-06-11,Proposal,True
OP-00651,Acme Industrial,ella.johnson@company.com,U-1034,Quote Sent,217031.55,2026-02-20,2026-02-05,Web Form,217031.55,2026-02-20,2026-02-05,Proposal,True
OP-02809,Onyx Pharma,tom.taylor@company.com,U-1026,New Lead,222443.66,2025-01-07,2024-06-23,Bulk Import,222443.66,2025-01-07,2024-06-23,Prospecting,True
OP-04598,Pinnacle Travel,,U-1004,Proposal Sent,"$143,250.44",2026-08-09,2026-07-12,Partner Referral,143250.44,2026-08-09,2026-07-12,Proposal,
OP-00567,Pinnacle Travel,lena.brown@company.com,U-1006,,"$239,854.67",2025-07-26,2025-05-06,Outbound SDR,239854.67,2025-07-26,2025-05-06,,True
OP-03601,Everline Health,owen.brown@outlook.com,U-1028,Quote Sent,"$94,301.37",2026-12-30,2026-05-10,Web Form,94301.37,2026-12-30,2026-05-10,Proposal,True
OP-01502,Pinnacle Travel,lena.wilson@example.org,U-1015,qualification,"$43,121.50",2026-09-15,2026-08-19,Partner Referral,43121.5,2026-09-15,2026-08-19,Qualification,True
OP-02460,Silverline SaaS,ethan.anderson@example.org,U-1009,qualification,"USD 114,677.06",2025-08-19,2025-07-28,Trade Show,114677.06,2025-08-19,2025-07-28,Qualification,True
OP-03796,Northgate Auto,,U-1006,Proposal Sent,23219.13,2025-02-09,2024-07-16,Bulk Import,23219.13,2025-02-09,2024-07-16,Proposal,
OP-03087,Acme Industrial,noah.lee@yahoo.com,admin,Discovery,227722.23,2025-09-07,2025-07-06,Inbound Call,227722.23,2025-09-07,2025-07-06,Qualification,True
OP-01225,Northgate Auto,liam.miller@outlook.com,U-1007,Discovery,140480.51,2025-05-31,2025-05-14,Bulk Import,140480.51,2025-05-31,2025-05-14,Qualification,True
OP-00371,Meridian Freight,owen.patel@outlook.com,U-1010,closed lost,76620.26,2024-09-04,2024-01-09,Outbound SDR,76620.26,2024-09-04,2024-01-09,Closed Lost,True
OP-01307,Zephyr Airlines,dev.patel@example.org,U-1005,Prospect,194465.52,2026-08-02,2026-03-02,Inbound Call,194465.52,2026-08-02,2026-03-02,Prospecting,True
OP-01393,Yellowpine Lumber,priya.nguyen@company.com,U-1006,Discovery,211609.86,2025-04-13,2025-03-03,Inbound Call,211609.86,2025-04-13,2025-03-03,Qualification,True
OP-02333,Keystone Energy,zoe.johnson@outlook.com,U-1030,Closed-Lost,38507.40,2024-11-30,2024-06-02,Bulk Import,38507.4,2024-11-30,2024-06-02,Closed Lost,True
OP-02879,Silverline SaaS,ethan.kim@yahoo.com,U-1029,proposal,,2025-07-18,2025-03-08,Outbound SDR,,2025-07-18,2025-03-08,Proposal,True
OP-02182,Quartzline Telecom,chris.smith@outlook.com,U-1010,Qualification,"$15,471.97",2026-09-29,2026-03-13,Inbound Call,15471.97,2026-09-29,2026-03-13,Qualification,True
OP-04652,Tidewater Marine,zoe.anderson@gmail.com,U-1009,Lost,117691.61,2026-07-12,2025-12-13,Outbound SDR,117691.61,2026-07-12,2025-12-13,Closed Lost,True
OP-02634,Granite Ridge Co,priya.johnson@outlook.com,U-1039,proposal,127758.67,2025-09-04,2025-06-05,Outbound SDR,127758.67,2025-09-04,2025-06-05,Proposal,True
OP-03741,Umbra Defense,dev.johnson@outlook.com,U-1003,Prospecting,93819.20,2025-03-27,2024-09-15,Outbound SDR,93819.2,2025-03-27,2024-09-15,Prospecting,True
OP-04576,Northgate Auto,raj.wilson@company.com,U-1027,Won,15715.89,2024-12-16,2024-09-12,Inbound Call,15715.89,2024-12-16,2024-09-12,Closed Won,True
OP-04231,Pinnacle Travel,maya.kim@company.com,U-1008,prospecting,246906.87,2025-04-14,2025-03-16,Trade Show,246906.87,2025-04-14,2025-03-16,Prospecting,True
OP-01752,Onyx Pharma,aisha.nguyen@company.com,U-1019,Qualification,245178.99,2024-04-05,2024-01-15,Outbound SDR,245178.99,2024-04-05,2024-01-15,Qualification,True
OP-00671,Yellowpine Lumber,marcus.smith@example.org,U-1001,CLOSED WON,222570.45,2026-06-24,2025-12-10,Web Form,222570.45,2026-06-24,2025-12-10,Closed Won,True
OP-02793,Vertex Capital,lena.kim@outlook.com,U-1033,Closed-Won,208539.34,2025-06-22,2027-01-04,Bulk Import,208539.34,2025-06-22,2027-01-04,Closed Won,True
OP-01572,Umbra Defense,liam.brown@yahoo.com,inactive_user,Qualification,43104.42,2025-02-26,2024-12-06,Outbound SDR,43104.42,2025-02-26,2024-12-06,Qualification,True
OP-03928,BluePeak Logistics,liam.smith@company.com,U-1038,Discovery,"USD 198,495.55",2025-05-06,2025-03-21,Web Form,198495.55,2025-05-06,2025-03-21,Qualification,True
OP-01453,Granite Ridge Co,nina.anderson@outlook.com,U-1037,Qualified,9993.42,2026-07-14,2026-06-15,Web Form,9993.42,2026-07-14,2026-06-15,Qualification,True
OP-02956,Silverline SaaS,ella.wilson@@company.com,U-1030,Qualified,66392.91,2024-07-20,2024-03-30,Outbound SDR,66392.91,2024-07-20,2024-03-30,Qualification,False
OP-02706,Copperline Foods,ethan.nguyen@company.com,U-1001,Negotiation,149166.29,2026-04-30,2025-10-23,Web Form,149166.29,2026-04-30,2025-10-23,Proposal,True
OP-03614,Umbra Defense,priya.wilson@outlook.com,U-1025,PROSPECTING,208172.92,,2024-04-29,Inbound Call,208172.92,,2024-04-29,Prospecting,True
OP-00825,Silverline SaaS,chris.nguyen@example.org,U-1012,Closed-Won,124177.90,2026-10-03,2026-03-24,Bulk Import,124177.9,2026-10-03,2026-03-24,Closed Won,True
OP-03341,Larkspur Labs,raj.wilson@example.org,U-1025,Won,34740.82,2024-08-22,2024-01-26,Bulk Import,34740.82,2024-08-22,2024-01-26,Closed Won,True
OP-01203,Meridian Freight,ben.smith@example.org,U-1001,Prospect,102723.84,2026-07-03,2026-05-29,Inbound Call,102723.84,2026-07-03,2026-05-29,Prospecting,True
OP-03050,Silverline SaaS,,U-1030,Prospecting,244615.02,2026-06-29,2026-05-19,Web Form,244615.02,2026-06-29,2026-05-19,Prospecting,
OP-01555,Northgate Auto,noah.johnson@company.com,U-1027,New Lead,85731.32,2025-07-16,2025-04-05,Web Form,85731.32,2025-07-16,2025-04-05,Prospecting,True
OP-03504,Pinnacle Travel,chris.brown@company.com,U-1027,qualification,85133.68,2026-01-20,2025-07-09,Web Form,85133.68,2026-01-20,2025-07-09,Qualification,True
OP-04083,ForgePoint Systems,noah.garcia@gmail.com,U-1011,qualification,71105.99,2024-12-20,2024-12-01,Bulk Import,71105.99,2024-12-20,2024-12-01,Qualification,True
OP-01308,Granite Ridge Co,ben.taylor@yahoo.com,U-1003,Qualification,71798.82,2026-02-18,2025-12-03,Web Form,71798.82,2026-02-18,2025-12-03,Qualification,True
OP-01337,Larkspur Labs,tom.brown@company.com,U-1021,Proposal,"$230,159",2025-01-15,2024-07-19,Web Form,230159.0,2025-01-15,2024-07-19,Proposal,True
OP-03744,Ironclad Security,priya.davis@company.com,U-1028,closed won,51404.00,2024-05-30,2024-01-21,Web Form,51404.0,2024-05-30,2024-01-21,Closed Won,True
OP-02254,Copperline Foods,owen.brown@yahoo.com,U-1009,Prospect,"$134,648.94",2025-09-15,2025-03-25,Trade Show,134648.94,2025-09-15,2025-03-25,Prospecting,True
OP-00222,Xenon Robotics,kara.brown@example.org,U-1002,New Lead,158643.37,2024-11-08,2024-03-18,Bulk Import,158643.37,2024-11-08,2024-03-18,Prospecting,True
OP-02458,Quartzline Telecom,sofia.thomas@outlook.com,U-1034,Qualification,175352.90,2026-07-23,2026-02-25,Outbound SDR,175352.9,2026-07-23,2026-02-25,Qualification,True
OP-D0062,Silverline SaaS,noah.garcia@company.com,U-1004,Closed Lost,67736.61,2024-08-24,2024-06-28,Outbound SDR,67736.61,2024-08-24,2024-06-28,Closed Lost,True
OP-02076,Pinnacle Travel,raj.brown@gmail.com,U-1007,Proposal Sent,17194.35,2024-12-26,2024-10-23,Inbound Call,17194.35,2024-12-26,2024-10-23,Proposal,True
OP-03243,Umbra Defense,liam.kim@company.com,U-1027,Qualification,149871.05,,2024-03-19,Outbound SDR,149871.05,,2024-03-19,Qualification,True
OP-03874,DeltaWave Media,noah.brown@yahoo.com,U-1034,Prospecting,172654.31,,2026-04-10,Web Form,172654.31,,2026-04-10,Prospecting,True
OP-00080,Everline Health,tom.lee@example.org,U-9999,Lost,"$174,625.85",2024-04-29,2024-02-09,Web Form,174625.85,2024-04-29,2024-02-09,Closed Lost,True
OP-04303,Pinnacle Travel,raj.miller@example.org,U-1035,ClosedWon,139044.37,2025-09-23,2025-01-27,Partner Referral,139044.37,2025-09-23,2025-01-27,Closed Won,True
OP-03241,Yellowpine Lumber,priya.brown@gmail.com,U-1004,closed lost,169586.11,2027-04-10,2026-08-15,Partner Referral,169586.11,2027-04-10,2026-08-15,Closed Lost,True
OP-01024,Silverline SaaS,maya.miller@company.com,U-1013,Qualified,"$69,361.56",2026-08-21,2026-02-23,Bulk Import,69361.56,2026-08-21,2026-02-23,Qualification,True
OP-02298,Juniper Retail,maya.smith@gmail.com,U-1028,CLOSED WON,"$113,769",2024-09-13,2024-04-15,Bulk Import,113769.0,2024-09-13,2024-04-15,Closed Won,True
OP-02662,Xenon Robotics,tom.wilson@gmail.com,U-1006,Won,117080.81,2024-11-28,2024-04-08,Inbound Call,117080.81,2024-11-28,2024-04-08,Closed Won,True
OP-01255,Quartzline Telecom,ethan.patel@company.com,U-1000,Qualifcation,222339.94,,2026-08-27,Web Form,222339.94,,2026-08-27,Qualification,True
OP-04412,Xenon Robotics,liam.wilson@company.com,U-1031,qualification,146027.08,2026-01-06,2025-10-03,Outbound SDR,146027.08,2026-01-06,2025-10-03,Qualification,True
OP-03959,Acme Industrial,lena.wilson@yahoo.com,U-1012,ClosedLost,172239.15,2026-04-13,2026-03-13,Partner Referral,172239.15,2026-04-13,2026-03-13,Closed Lost,True
OP-01486,Acme Industrial,priya.wilson@yahoo.com,U-1027,Discovery,67304.35,2025-04-05,2025-01-05,Bulk Import,67304.35,2025-04-05,2025-01-05,Qualification,True
OP-04210,ForgePoint Systems,dev.moore@yahoo.com,U-1019,qualification,63892.43,2025-10-10,2025-09-02,Web Form,63892.43,2025-10-10,2025-09-02,Qualification,True
OP-03588,Juniper Retail,maya.johnson@outlook.com,U-1008,ClosedWon,183126.03,2024-11-12,2024-04-25,Web Form,183126.03,2024-11-12,2024-04-25,Closed Won,True
OP-01176,Yellowpine Lumber,ava.moore@example.org,U-1030,Qualified,35473.97,2025-05-29,2024-11-24,Inbound Call,35473.97,2025-05-29,2024-11-24,Qualification,True
OP-03754,Willow Creek Farms,ava.thomas@company.com,inactive_user,Qualification,"$139,611.05",2025-10-18,2025-06-03,Web Form,139611.05,2025-10-18,2025-06-03,Qualification,True
OP-02345,Northgate Auto,priya.anderson@example.org,U-1014,Quote Sent,248407.95,2026-12-24,2026-05-29,Web Form,248407.95,2026-12-24,2026-05-29,Proposal,True
OP-01587,Copperline Foods,ben.garcia@company.com,U-1006,proposal,244422.69,2026-06-02,2025-12-31,Inbound Call,244422.69,2026-06-02,2025-12-31,Proposal,True
OP-03063,ForgePoint Systems,dev.anderson@outlook.com,U-1034,Discovery,34466.27,2024-11-13,2024-07-14,Outbound SDR,34466.27,2024-11-13,2024-07-14,Qualification,True
OP-02037,Larkspur Labs,priya.davis@outlook.com,U-1037,Discovery,4292.87,2024-08-25,2024-03-02,Inbound Call,4292.87,2024-08-25,2024-03-02,Qualification,True
OP-01647,Harborline Bank,maya.kim@company.com,U-1025,closed won,102966.64,2025-09-15,2025-03-08,Inbound Call,102966.64,2025-09-15,2025-03-08,Closed Won,True
OP-04567,Willow Creek Farms,raj.smith@company.com,U-1017,Proposal Sent,67428.96,2025-10-05,2025-09-25,Outbound SDR,67428.96,2025-10-05,2025-09-25,Proposal,True
OP-02970,Yellowpine Lumber,,U-1032,PROSPECTING,188366.17,,2025-12-02,Inbound Call,188366.17,,2025-12-02,Prospecting,
OP-03598,Harborline Bank,lena.garcia@outlook.com,U-1024,PROSPECTING,84850.41,2024-04-30,2024-04-15,Partner Referral,84850.41,2024-04-30,2024-04-15,Prospecting,True
OP-01853,Vertex Capital,priya.wilson@outlook.com,U-1029,Negotiation,144986.43,2024-11-14,2024-04-15,Bulk Import,144986.43,2024-11-14,2024-04-15,Proposal,True
OP-04697,Tidewater Marine,priya.davis@yahoo.com,U-1008,Quote Sent,79953.05,2025-10-19,2025-05-02,Partner Referral,79953.05,2025-10-19,2025-05-02,Proposal,True
OP-04136,Pinnacle Travel,owen.thomas@outlook.com,U-1035,PROSPECTING,169339.69,2025-06-17,2027-02-15,Bulk Import,169339.69,2025-06-17,2027-02-15,Prospecting,True
OP-02709,BluePeak Logistics,tom.smith@example.org,U-1033,qualification,221393.15,2024-04-12,2024-03-13,Partner Referral,221393.15,2024-04-12,2024-03-13,Qualification,True
OP-03992,Quartzline Telecom,chris.kim@company.com,U-1035,Qualification,30057.45,,2024-05-17,Web Form,30057.45,,2024-05-17,Qualification,True
OP-01056,BluePeak Logistics,maya.garcia@outlook.com,U-1011,proposal,176684.37,2024-04-30,2024-02-14,Web Form,176684.37,2024-04-30,2024-02-14,Proposal,True
OP-03822,Vertex Capital,maya.nguyen@gmail.com,U-1007,Qualification,189075.30,2025-12-15,2025-05-31,Outbound SDR,189075.3,2025-12-15,2025-05-31,Qualification,True
OP-02826,Quartzline Telecom,ben.moore@outlook.com,U-1023,Prospect,221621.56,2026-06-15,2025-12-30,Partner Referral,221621.56,2026-06-15,2025-12-30,Prospecting,True
OP-01772,Northgate Auto,kara.miller@company.com,U-1021,prospecting,"USD 226,050.38",2026-02-18,2026-02-02,Bulk Import,226050.38,2026-02-18,2026-02-02,Prospecting,True
OP-02414,Harborline Bank,zoe.smith@gmail.com,U-1016,CLOSED WON,234784.45,2024-10-26,2024-08-19,Partner Referral,234784.45,2024-10-26,2024-08-19,Closed Won,True
OP-01107,Redwood Outdoors,zoe.garcia@yahoo.com,U-1029,Prospect,179217.57,2025-11-15,2025-10-20,Web Form,179217.57,2025-11-15,2025-10-20,Prospecting,True
OP-03344,DeltaWave Media,noah.smith@example.org,U-1025,Prospect,15089.28,2026-09-28,2026-05-03,Bulk Import,15089.28,2026-09-28,2026-05-03,Prospecting,True
OP-04564,Vertex Capital,ethan.anderson@outlook.com,U-1018,closed won,"USD 157,510.40",,2024-03-31,Outbound SDR,157510.4,,2024-03-31,Closed Won,True
OP-04485,Meridian Freight,tom.smith@example.org,U-1002,CLOSED WON,"$43,439.61",2024-04-05,2024-01-12,Web Form,43439.61,2024-04-05,2024-01-12,Closed Won,True
OP-03717,BluePeak Logistics,aisha.davis@gmail.com,U-1024,Qualified,"USD 244,247.40",2026-05-12,2025-12-05,Trade Show,244247.4,2026-05-12,2025-12-05,Qualification,True
OP-03120,Granite Ridge Co,ben.lee@outlook.com,U-1023,Prospecting,,2026-01-25,2025-11-08,Inbound Call,,2026-01-25,2025-11-08,Prospecting,True
OP-01287,Meridian Freight,priya.thomas@example.org,U-1011,Qualification,76060.38,2027-01-08,2026-05-21,Trade Show,76060.38,2027-01-08,2026-05-21,Qualification,True
OP-00378,Harborline Bank,dev.moore@gmail.com,admin,Discovery,"$234,951.84",2025-12-22,2025-04-27,Bulk Import,234951.84,2025-12-22,2025-04-27,Qualification,True
OP-01180,Xenon Robotics,,U-1029,proposal,93942.41,2026-03-17,2026-02-17,Web Form,93942.41,2026-03-17,2026-02-17,Proposal,
OP-03299,Keystone Energy,nina.patel@example.org,U-1037,Quote Sent,184407.45,2025-06-20,2025-05-19,Partner Referral,184407.45,2025-06-20,2025-05-19,Proposal,True
OP-00746,Acme Industrial,zoe.lee@company.com,U-1038,Quote Sent,21520.00,2024-07-21,2024-01-30,Outbound SDR,21520.0,2024-07-21,2024-01-30,Proposal,True
OP-00014,Quartzline Telecom,ella.johnson@example.org,U-1038,New Lead,"$18,854",2024-11-02,2024-03-23,Web Form,18854.0,2024-11-02,2024-03-23,Prospecting,True
OP-03577,Juniper Retail,noah.lee@yahoo.com,U-1019,Proposal Sent,,2025-04-24,2025-02-03,Web Form,,2025-04-24,2025-02-03,Proposal,True
OP-01586,Acme Industrial,,U-1039,Qualification,173188.92,2024-08-02,2024-06-08,Bulk Import,173188.92,2024-08-02,2024-06-08,Qualification,
OP-01976,Northgate Auto,,U-1031,Qualifcation,152569.71,2025-03-22,2024-09-05,Bulk Import,152569.71,2025-03-22,2024-09-05,Qualification,
OP-02462,Everline Health,aisha.anderson@example.org,U-1027,Proposal Sent,,2026-11-17,2026-07-02,Web Form,,2026-11-17,2026-07-02,Proposal,True
OP-03853,Northgate Auto,priya.garcia@company.com,U-1001,Qualifcation,105396.18,2025-06-10,2025-05-07,Trade Show,105396.18,2025-06-10,2025-05-07,Qualification,True
OP-03995,Onyx Pharma,noah.davis@outlook.com,U-1007,proposal,48412.61,2024-09-13,2024-07-09,Outbound SDR,48412.61,2024-09-13,2024-07-09,Proposal,True
OP-01685,Northgate Auto,ella.taylor@example.org,U-1017,prospecting,239202.38,2025-12-01,2025-10-20,Trade Show,239202.38,2025-12-01,2025-10-20,Prospecting,True
OP-03581,Everline Health,ethan.wilson@company.com,U-1013,prospecting,56383.49,2026-01-11,2025-05-28,Inbound Call,56383.49,2026-01-11,2025-05-28,Prospecting,True
OP-00557,DeltaWave Media,aisha.garcia@yahoo.com,U-1022,Negotiation,225006.90,2025-05-26,2024-10-07,Partner Referral,225006.9,2025-05-26,2024-10-07,Proposal,True
OP-03931,Silverline SaaS,nina.garcia@gmail.com,U-1015,closed lost,102997.53,2026-07-26,2026-04-18,Outbound SDR,102997.53,2026-07-26,2026-04-18,Closed Lost,True
OP-02525,Willow Creek Farms,liam.patel@outlook.com,U-1021,CLOSED WON,110843.78,2024-05-12,2024-04-05,Trade Show,110843.78,2024-05-12,2024-04-05,Closed Won,True
OP-04057,Vertex Capital,lenataylor@yahoo.com,U-0000,Prospect,157579.63,2026-09-13,2026-05-09,Trade Show,157579.63,2026-09-13,2026-05-09,Prospecting,True
OP-03098,Xenon Robotics,priya.miller@company.com,U-1002,Won,,2025-06-23,2024-10-29,Web Form,,2025-06-23,2024-10-29,Closed Won,True
OP-04049,Harborline Bank,marcus.moore@outlook.com,U-1038,Qualifcation,166540.49,2025-07-25,2025-03-26,Inbound Call,166540.49,2025-07-25,2025-03-26,Qualification,True
OP-02691,Ironclad Security,noah.thomas@outlook.com,U-1010,New Lead,"$184,711.39",2025-09-18,2025-05-06,Partner Referral,184711.39,2025-09-18,2025-05-06,Prospecting,True
OP-01650,Redwood Outdoors,sofia.moore@yahoo.com,U-1032,Qualification,"226,730.34 $",2026-11-22,2026-07-14,Partner Referral,226730.34,2026-11-22,2026-07-14,Qualification,True
OP-01011,Copperline Foods,lena.moore@outlook.com,U-1032,qualification,53860.58,2026-12-23,2026-07-27,Outbound SDR,53860.58,2026-12-23,2026-07-27,Qualification,True
OP-03715,ForgePoint Systems,noah.anderson@yahoo.com,U-1032,qualification,240420.11,2025-09-12,2025-04-26,Inbound Call,240420.11,2025-09-12,2025-04-26,Qualification,True
OP-04316,Willow Creek Farms,dev.brown@outlook.com,U-1016,qualification,188148.02,2024-06-02,2024-05-03,Inbound Call,188148.02,2024-06-02,2024-05-03,Qualification,True
OP-04694,Xenon Robotics,marcus.moore@example.org,U-1014,Closed-Won,12969.49,2026-03-24,2025-12-28,Bulk Import,12969.49,2026-03-24,2025-12-28,Closed Won,True
OP-01538,Harborline Bank,marcus.thomas@gmail.com,U-1021,Prospect,"$47,718",2024-10-26,2024-04-21,Outbound SDR,47718.0,2024-10-26,2024-04-21,Prospecting,True
OP-01235,Northgate Auto,zoe.patel@example.org,U-1028,Prospect,"$27,432.13",2025-02-03,2025-01-24,Web Form,27432.13,2025-02-03,2025-01-24,Prospecting,True
OP-01106,Harborline Bank,lena.taylor@yahoo.com,U-1003,Proposal Sent,"$113,652.14",2026-08-01,2026-07-04,Trade Show,113652.14,2026-08-01,2026-07-04,Proposal,True
OP-01341,Umbra Defense,ben.moore@yahoo.com,U-1035,Discovery,53755.56,2026-01-08,2025-05-29,Inbound Call,53755.56,2026-01-08,2025-05-29,Qualification,True
OP-00555,Yellowpine Lumber,tom.moore@yahoo.com,U-1016,,201365.37,2024-12-21,2024-05-30,Trade Show,201365.37,2024-12-21,2024-05-30,,True
OP-00673,Copperline Foods,ethan.brown@yahoo.com,U-1013,qualification,"USD 165,225.43",,2024-12-01,Partner Referral,165225.43,,2024-12-01,Qualification,True
OP-00652,Zephyr Airlines,aisha.wilson@company.com,U-1007,Closed Won,"$92,116.57",2025-09-18,2025-02-11,Web Form,92116.57,2025-09-18,2025-02-11,Closed Won,True
OP-00565,Juniper Retail,,admin,Proposal,201792.98,2025-12-30,2025-10-05,Web Form,201792.98,2025-12-30,2025-10-05,Proposal,
OP-03014,Meridian Freight,aisha.kim@company.com,U-1026,Qualification,67750.26,2025-07-12,2025-06-05,Inbound Call,67750.26,2025-07-12,2025-06-05,Qualification,True
OP-01656,Pinnacle Travel,zoe.garcia@example.org,U-1028,Lost,56715.34,2024-09-02,2024-08-11,Web Form,56715.34,2024-09-02,2024-08-11,Closed Lost,True
OP-01161,BluePeak Logistics,lena.thomas@yahoo.com,U-1014,prospecting,104490.67,2025-03-30,2024-10-25,Web Form,104490.67,2025-03-30,2024-10-25,Prospecting,True
OP-04188,Meridian Freight,raj.kim@outlook.com,U-1003,qualification,"$149,464",2025-01-10,2024-06-29,Bulk Import,149464.0,2025-01-10,2024-06-29,Qualification,True
OP-03343,Juniper Retail,liam.brown@company.com,U-1009,Discovery,137122.40,2024-09-05,2024-05-22,Partner Referral,137122.4,2024-09-05,2024-05-22,Qualification,True
OP-00645,Xenon Robotics,zoe.miller@example.org,U-1022,,113971.80,2025-10-05,2025-06-26,Bulk Import,113971.8,2025-10-05,2025-06-26,,True
OP-04044,Xenon Robotics,marcus.kim@company.com,U-1006,ClosedWon,231576.42,2025-06-02,2025-05-23,Partner Referral,231576.42,2025-06-02,2025-05-23,Closed Won,True
OP-00245,BluePeak Logistics,raj.kim@example.org,U-1016,Qualification,113564.00,,2024-08-08,Partner Referral,113564.0,,2024-08-08,Qualification,True
OP-03623,Northgate Auto,chris.brown@outlook.com,U-1037,PROSPECTING,100792.96,2025-11-23,2025-11-09,Partner Referral,100792.96,2025-11-23,2025-11-09,Prospecting,True
OP-02288,Northgate Auto,tom.patel@example.org,U-1019,Closed Lost,58210.54,2026-10-28,2026-07-03,Inbound Call,58210.54,2026-10-28,2026-07-03,Closed Lost,True
OP-01023,Xenon Robotics,tom.smith@yahoo.com,U-1036,Qualification,79830.08,2025-10-21,2025-04-29,Web Form,79830.08,2025-10-21,2025-04-29,Qualification,True
OP-00918,Northgate Auto,raj.kim@yahoo.com,U-1011,Qualification,"$93,980.23",2027-01-27,2026-07-03,Inbound Call,93980.23,2027-01-27,2026-07-03,Qualification,True
OP-03233,DeltaWave Media,nina.lee@example.org,U-1018,Won,153910.02,2024-08-29,2024-06-12,Trade Show,153910.02,2024-08-29,2024-06-12,Closed Won,True
OP-04661,Northgate Auto,,U-1039,Prospecting,2454.47,2024-05-08,2024-01-29,Bulk Import,2454.47,2024-05-08,2024-01-29,Prospecting,
OP-00813,Xenon Robotics,tom.miller@outlook.com,U-1035,Proposal Sent,"$192,687",2026-10-13,2027-05-08,Partner Referral,192687.0,2026-10-13,2027-05-08,Proposal,True
OP-03129,Onyx Pharma,chris.anderson@example.org,U-1012,closed won,195104.15,,2025-12-07,Inbound Call,195104.15,,2025-12-07,Closed Won,True
OP-03525,ForgePoint Systems,sofia.patel@gmail.com,U-1033,prospecting,176495.08,,2025-10-20,Outbound SDR,176495.08,,2025-10-20,Prospecting,True
OP-00439,Copperline Foods,marcus.johnson@outlook.com,U-1035,Prospecting,83552.66,,2025-07-01,Inbound Call,83552.66,,2025-07-01,Prospecting,True
OP-02533,Meridian Freight,sofia.lee@yahoo.com,U-1029,Negotiation,242351.56,2026-08-18,2026-02-28,Bulk Import,242351.56,2026-08-18,2026-02-28,Proposal,True
OP-03037,Everline Health,zoe.wilson@company.com,U-1017,qualification,113782.42,2025-10-16,2025-07-24,Bulk Import,113782.42,2025-10-16,2025-07-24,Qualification,True
OP-02766,Harborline Bank,kara.thomas@gmail.com,U-1001,Prospecting,"$9,907.73",2026-09-02,2026-08-10,Inbound Call,9907.73,2026-09-02,2026-08-10,Prospecting,True
OP-00729,Keystone Energy,tom.smith@example.org,U-1026,Closed Won,"$89,968.54",2025-05-03,2024-10-26,Inbound Call,89968.54,2025-05-03,2024-10-26,Closed Won,True
OP-03546,Acme Industrial,ben.nguyen@yahoo.com,U-1012,Won,212949.80,2026-10-26,2026-04-04,Trade Show,212949.8,2026-10-26,2026-04-04,Closed Won,True
OP-02281,Quartzline Telecom,liam.kim@example.org,U-1030,,187428.21,2025-12-19,2025-12-05,Trade Show,187428.21,2025-12-19,2025-12-05,,True
OP-03251,Willow Creek Farms,ella.thomas@outlook.com,U-1012,Closed-Lost,45424.98,2026-12-10,2026-05-04,Web Form,45424.98,2026-12-10,2026-05-04,Closed Lost,True
OP-00437,Granite Ridge Co,ben.smith@yahoo.com,U-1008,Lost,,2025-10-05,2025-03-15,Partner Referral,,2025-10-05,2025-03-15,Closed Lost,True
OP-04232,Juniper Retail,aisha.miller@example.org,U-1011,Proposal,199598.24,2026-02-08,2025-08-08,Outbound SDR,199598.24,2026-02-08,2025-08-08,Proposal,True
OP-02601,BluePeak Logistics,chris.garcia@outlook.com,U-1006,Qualified,187191.13,2025-12-03,2025-07-04,Partner Referral,187191.13,2025-12-03,2025-07-04,Qualification,True
OP-01864,Vertex Capital,liam.brown@yahoo.com,U-1002,prospecting,"$78,083.15",2025-08-02,2025-05-22,Web Form,78083.15,2025-08-02,2025-05-22,Prospecting,True
OP-03436,Xenon Robotics,nina.taylor@company.com,U-1006,New Lead,137338.68,2024-11-24,2024-11-06,Bulk Import,137338.68,2024-11-24,2024-11-06,Prospecting,True
OP-04494,Redwood Outdoors,maya.brown@yahoo.com,U-1019,closed won,"$222,563.47",2025-12-04,2025-05-30,Bulk Import,222563.47,2025-12-04,2025-05-30,Closed Won,True
OP-03923,Granite Ridge Co,ben.nguyen@yahoo.com,U-1019,Closed Lost,4580.35,2024-06-17,2024-03-12,Trade Show,4580.35,2024-06-17,2024-03-12,Closed Lost,True
OP-03101,Copperline Foods,nina.patel@example.org,U-1011,PROSPECTING,34362.13,2025-11-08,2025-09-09,Inbound Call,34362.13,2025-11-08,2025-09-09,Prospecting,True
OP-00530,Meridian Freight,noah.johnson@gmail.com,U-1001,Quote Sent,159258.59,2025-05-29,2024-10-18,Bulk Import,159258.59,2025-05-29,2024-10-18,Proposal,True
OP-01854,Harborline Bank,raj.miller@outlook.com,U-1005,Closed-Lost,21610.16,2025-08-21,2024-12-26,Trade Show,21610.16,2025-08-21,2024-12-26,Closed Lost,True
OP-02925,Ironclad Security,ava.anderson@gmail.com,U-1028,Qualification,6301.91,2024-12-24,2024-06-18,Partner Referral,6301.91,2024-12-24,2024-06-18,Qualification,True
OP-00674,Granite Ridge Co,kara.anderson@gmail.com,U-1011,Qualified,51262.16,2025-02-12,2025-01-24,Bulk Import,51262.16,2025-02-12,2025-01-24,Qualification,True
OP-01829,Tidewater Marine,raj.brown@example.org,U-1030,,78109.94,2026-05-12,2025-11-13,Web Form,78109.94,2026-05-12,2025-11-13,,True
OP-04342,Zephyr Airlines,liam.kim@yahoo.com,U-1006,,188855.33,2024-09-21,2024-02-25,Partner Referral,188855.33,2024-09-21,2024-02-25,,True
OP-00882,,ben.miller@example.org,U-1017,Quote Sent,"USD 189,230.83",2024-08-20,2024-05-22,Inbound Call,189230.83,2024-08-20,2024-05-22,Proposal,True
OP-01639,Quartzline Telecom,lena.kim@gmail.com,U-1036,Qualification,169112.43,2025-04-05,2025-02-14,Bulk Import,169112.43,2025-04-05,2025-02-14,Qualification,True
OP-03593,Vertex Capital,ella.patel@yahoo.com,U-1021,Qualification,245239.03,2025-11-05,2025-07-25,Bulk Import,245239.03,2025-11-05,2025-07-25,Qualification,True
OP-01935,DeltaWave Media,liam.smith@gmail.com,U-1003,Closed-Lost,136020.94,2024-08-06,2024-02-27,Trade Show,136020.94,2024-08-06,2024-02-27,Closed Lost,True
OP-02679,Vertex Capital,zoe.anderson@example.org,U-1015,Qualifcation,167618.98,2025-05-18,2025-01-21,Trade Show,167618.98,2025-05-18,2025-01-21,Qualification,True
OP-01617,Copperline Foods,raj.kim@yahoo.com,U-1028,closed won,"221,785.01 $",2025-02-18,2024-10-26,Web Form,221785.01,2025-02-18,2024-10-26,Closed Won,True
OP-02640,Onyx Pharma,maya.wilson@gmail.com,U-1025,Won,"$203,358.40",2026-09-10,2026-03-19,Trade Show,203358.4,2026-09-10,2026-03-19,Closed Won,True
OP-01362,Juniper Retail,nina.lee@gmail.com,U-1027,Closed Won,88502.09,2025-07-16,2025-05-15,Web Form,88502.09,2025-07-16,2025-05-15,Closed Won,True
OP-01554,Quartzline Telecom,raj.patel@example.org,U-1026,Negotiation,94064.63,2026-07-27,2026-02-17,Outbound SDR,94064.63,2026-07-27,2026-02-17,Proposal,True
OP-03572,Copperline Foods,ben.nguyen@example.org,U-1011,Proposal Sent,69378.51,2025-07-04,2025-01-29,Partner Referral,69378.51,2025-07-04,2025-01-29,Proposal,True
OP-01786,Onyx Pharma,sofia.miller@gmail.com,U-1032,Won,166023.08,2026-03-27,2025-12-03,Web Form,166023.08,2026-03-27,2025-12-03,Closed Won,True
OP-02329,Silverline SaaS,nina.brown@yahoo.com,U-1006,qualification,172192.38,2026-01-03,2025-07-25,Bulk Import,172192.38,2026-01-03,2025-07-25,Qualification,True
OP-02088,Xenon Robotics,ben.miller@yahoo.com,U-1019,Negotiation,69572.45,2025-04-23,2025-03-29,Bulk Import,69572.45,2025-04-23,2025-03-29,Proposal,True
OP-03042,BluePeak Logistics,noah.nguyen@outlook.com,U-1020,New Lead,101205.23,2025-12-09,2025-06-04,Trade Show,101205.23,2025-12-09,2025-06-04,Prospecting,True
OP-00792,Quartzline Telecom,maya.miller,U-1038,,"USD 33,307.48",2026-12-06,2026-08-17,Outbound SDR,33307.48,2026-12-06,2026-08-17,,False
OP-02220,Larkspur Labs,marcus.nguyen@gmail.com,U-1001,Proposal Sent,142403.75,2024-07-29,2024-03-02,Outbound SDR,142403.75,2024-07-29,2024-03-02,Proposal,True
OP-03478,Xenon Robotics,ella.johnson@outlook.com,U-1016,PROSPECTING,8947.84,2025-10-09,2025-04-25,Bulk Import,8947.84,2025-10-09,2025-04-25,Prospecting,True
OP-04045,Juniper Retail,ethan.garcia@yahoo.com,U-1004,,"$57,739.54",2024-11-30,2024-11-18,Partner Referral,57739.54,2024-11-30,2024-11-18,,True
OP-04258,DeltaWave Media,devmiller@outlook.com,U-1012,Qualification,82449.73,2024-05-22,2024-01-04,Partner Referral,82449.73,2024-05-22,2024-01-04,Qualification,True
OP-00515,Copperline Foods,liam.nguyen@company.com,U-1035,Closed-Lost,186297.42,2025-09-29,2025-06-18,Bulk Import,186297.42,2025-09-29,2025-06-18,Closed Lost,True
OP-00204,Keystone Energy,nina.wilson@example.org,U-1008,Discovery,32558.36,,2024-04-20,Outbound SDR,32558.36,,2024-04-20,Qualification,True
OP-02537,Meridian Freight,aisha.brown@gmail.com,U-1025,Prospecting,249740.45,2026-03-28,2025-09-09,Partner Referral,249740.45,2026-03-28,2025-09-09,Prospecting,True
OP-01152,Granite Ridge Co,nina.patel@gmail.com,U-1032,qualification,133458.92,2024-08-19,2024-04-10,Partner Referral,133458.92,2024-08-19,2024-04-10,Qualification,True
OP-01777,Willow Creek Farms,ella.anderson@yahoo.com,U-1001,Lost,145537.35,2025-12-24,2025-06-01,Outbound SDR,145537.35,2025-12-24,2025-06-01,Closed Lost,True
OP-00494,Ironclad Security,ella.brown@example.org,U-1014,Discovery,51511.59,2024-08-28,2024-07-15,Inbound Call,51511.59,2024-08-28,2024-07-15,Qualification,True
OP-00491,BluePeak Logistics,noah.brown@company.com,U-1008,Prospect,240005.32,2024-12-07,2024-06-13,Partner Referral,240005.32,2024-12-07,2024-06-13,Prospecting,True
OP-03865,Harborline Bank,nina.wilson@company.com,U-1015,qualification,,2025-02-05,2025-01-20,Bulk Import,,2025-02-05,2025-01-20,Qualification,True
OP-03943,Harborline Bank,zoe.smith@yahoo.com,U-1032,Prospect,193064.54,2026-03-30,2026-03-18,Partner Referral,193064.54,2026-03-30,2026-03-18,Prospecting,True
OP-04354,Ironclad Security,noah.kim@company.com,U-1023,Quote Sent,"7,768.33 $",2025-12-07,2025-04-17,Partner Referral,7768.33,2025-12-07,2025-04-17,Proposal,True
OP-01973,Onyx Pharma,,U-1023,qualification,82155.74,2024-09-05,2024-06-26,Trade Show,82155.74,2024-09-05,2024-06-26,Qualification,
OP-02214,Harborline Bank,noah.miller@example.org,U-1026,closed lost,4771.17,2025-05-21,2024-11-17,Bulk Import,4771.17,2025-05-21,2024-11-17,Closed Lost,True
OP-02196,Copperline Foods,ella.nguyen@example.org,U-1011,qualification,"$98,862",2025-09-10,2025-06-27,Partner Referral,98862.0,2025-09-10,2025-06-27,Qualification,True
OP-02480,Granite Ridge Co,noah.garcia@outlook.com,U-1016,qualification,88441.26,2024-11-14,2024-04-21,Partner Referral,88441.26,2024-11-14,2024-04-21,Qualification,True
OP-02286,Onyx Pharma,zoe.moore@company.com,U-1017,New Lead,,2024-12-07,2024-06-27,Web Form,,2024-12-07,2024-06-27,Prospecting,True
OP-02029,Harborline Bank,chris.lee@company.com,U-1002,New Lead,136475.88,2026-09-09,2026-02-17,Trade Show,136475.88,2026-09-09,2026-02-17,Prospecting,True
OP-03018,Silverline SaaS,,U-1026,,102156.66,2025-04-12,2025-03-25,Outbound SDR,102156.66,2025-04-12,2025-03-25,,
OP-01395,Acme Industrial,chris.moore@company.com,U-1019,New Lead,150232.80,,2026-03-20,Partner Referral,150232.8,,2026-03-20,Prospecting,True
OP-04084,Vertex Capital,kara.moore@yahoo.com,U-1018,Closed-Lost,"46,057.76 $",2025-02-10,2024-11-23,Inbound Call,46057.76,2025-02-10,2024-11-23,Closed Lost,True
OP-00588,Ironclad Security,owen.kim@gmail.com,U-1028,closed won,136029.46,2024-07-15,2024-01-17,Web Form,136029.46,2024-07-15,2024-01-17,Closed Won,True
OP-00152,Zephyr Airlines,ella.johnson@example.org,U-1009,Discovery,192243.28,2025-06-27,2025-02-11,Partner Referral,192243.28,2025-06-27,2025-02-11,Qualification,True
OP-00073,Zephyr Airlines,owen.moore@company.com,U-1033,Qualification,127128.15,2027-02-15,2026-07-09,Bulk Import,127128.15,2027-02-15,2026-07-09,Qualification,True
OP-00446,ForgePoint Systems,aisha.wilson@gmail.com,U-1019,New Lead,,,2024-08-09,Outbound SDR,,,2024-08-09,Prospecting,True
OP-02857,Xenon Robotics,tom.nguyen@gmail.com,U-1008,Proposal,21431.19,2026-12-09,2026-05-07,Inbound Call,21431.19,2026-12-09,2026-05-07,Proposal,True
OP-03170,Granite Ridge Co,ben.johnson@yahoo.com,U-1035,PROSPECTING,56341.25,2026-08-08,2026-01-24,Bulk Import,56341.25,2026-08-08,2026-01-24,Prospecting,True
OP-01816,Silverline SaaS,zoe.patel@outlook.com,U-1016,Prospecting,177153.40,2024-12-24,2024-10-30,Outbound SDR,177153.4,2024-12-24,2024-10-30,Prospecting,True
OP-03126,Keystone Energy,priya.anderson@gmail.com,U-1019,proposal,40405.92,2024-07-22,2024-04-21,Outbound SDR,40405.92,2024-07-22,2024-04-21,Proposal,True
OP-03395,Vertex Capital,maya.miller@yahoo.com,U-1005,qualification,24168.14,2024-08-21,2024-05-17,Web Form,24168.14,2024-08-21,2024-05-17,Qualification,True
OP-02040,ForgePoint Systems,lena.lee@company.com,U-1011,Qualified,,2026-07-04,2026-01-02,Inbound Call,,2026-07-04,2026-01-02,Qualification,True
OP-01209,BluePeak Logistics,kara.miller@outlook.com,U-0000,Quote Sent,47760.68,2024-11-12,2024-09-19,Outbound SDR,47760.68,2024-11-12,2024-09-19,Proposal,True
OP-02589,Redwood Outdoors,maya.brown@company.com,U-1039,qualification,29703.58,2024-10-27,2024-03-28,Trade Show,29703.58,2024-10-27,2024-03-28,Qualification,True
OP-04055,Northgate Auto,liam.miller@yahoo.com,U-1005,Won,214019.96,2025-02-20,2024-12-21,Outbound SDR,214019.96,2025-02-20,2024-12-21,Closed Won,True
OP-00041,BluePeak Logistics,nina.moore@yahoo.com,U-1017,Discovery,230455.75,2025-01-13,2024-06-18,Bulk Import,230455.75,2025-01-13,2024-06-18,Qualification,True
OP-01280,Xenon Robotics,maya.thomas@company.com,U-1039,Negotiation,"$90,471",2024-08-08,2024-05-05,Web Form,90471.0,2024-08-08,2024-05-05,Proposal,True
OP-01267,Northgate Auto,ben.patel@company.com,U-1037,Discovery,"$157,666",2025-06-24,2024-11-19,Partner Referral,157666.0,2025-06-24,2024-11-19,Qualification,True
OP-03355,BluePeak Logistics,raj.johnson@outlook.com,U-1017,qualification,249739.54,2026-12-17,2026-07-12,Web Form,249739.54,2026-12-17,2026-07-12,Qualification,True
OP-03495,Ironclad Security,aisha.garcia@example.org,U-1001,Lost,108265.28,2025-05-13,2025-01-30,Trade Show,108265.28,2025-05-13,2025-01-30,Closed Lost,True
OP-00561,Juniper Retail,priya.patel@outlook.com,U-1012,Qualifcation,201486.30,2024-11-24,2024-06-26,Partner Referral,201486.3,2024-11-24,2024-06-26,Qualification,True
OP-00078,ForgePoint Systems,tom.anderson@yahoo.com,U-1006,Closed-Won,218504.48,2026-06-13,2026-04-16,Trade Show,218504.48,2026-06-13,2026-04-16,Closed Won,True
OP-01670,ForgePoint Systems,owen.smith@gmail.com,U-1019,ClosedWon,52546.44,,2025-09-26,Bulk Import,52546.44,,2025-09-26,Closed Won,True
OP-04230,Everline Health,noah.miller@example.org,U-1026,,"$26,939.04",2025-09-08,2025-08-02,Trade Show,26939.04,2025-09-08,2025-08-02,,True
OP-02376,Onyx Pharma,sofia.miller@outlook.com,U-1014,Prospecting,,2026-09-07,2026-07-13,Outbound SDR,,2026-09-07,2026-07-13,Prospecting,True
OP-D0290,Pinnacle Travel,kara.miller@company.com,U-1000,closed lost,114653.80,2024-07-20,2024-05-08,Outbound SDR,114653.8,2024-07-20,2024-05-08,Closed Lost,True
OP-03119,DeltaWave Media,tom.moore@yahoo.com,U-1011,closed won,"$132,908.74",2024-12-19,2024-08-12,Web Form,132908.74,2024-12-19,2024-08-12,Closed Won,True
OP-04642,Meridian Freight,nina.wilson@gmail.com,U-1036,Prospecting,66513.87,2026-06-23,2026-05-12,Partner Referral,66513.87,2026-06-23,2026-05-12,Prospecting,True
OP-02794,Redwood Outdoors,ella.anderson@gmail.com,U-1012,Qualification,126609.70,2024-11-10,2024-10-20,Trade Show,126609.7,2024-11-10,2024-10-20,Qualification,True
OP-00074,Umbra Defense,lena.moore@example.org,U-1021,Prospecting,140374.88,2026-01-24,2025-10-24,Web Form,140374.88,2026-01-24,2025-10-24,Prospecting,True
OP-04066,Granite Ridge Co,maya.thomas@example.org,U-1029,Qualification,114250.82,2025-09-23,2025-09-07,Inbound Call,114250.82,2025-09-23,2025-09-07,Qualification,True
OP-01747,,liam.lee@yahoo.com,U-1005,,100240.85,2024-08-15,2024-07-13,Partner Referral,100240.85,2024-08-15,2024-07-13,,True
OP-04000,Ironclad Security,kara.moore@outlook.com,U-1013,Qualification,62114.79,2026-12-03,2026-08-12,Bulk Import,62114.79,2026-12-03,2026-08-12,Qualification,True
OP-03828,Tidewater Marine,sofia.taylor@example.org,U-1019,Negotiation,187272.43,2025-06-19,2025-05-02,Trade Show,187272.43,2025-06-19,2025-05-02,Proposal,True
OP-03824,Keystone Energy,maya.lee@gmail.com,U-1016,Quote Sent,"$204,522.45",2025-04-13,2024-11-05,Trade Show,204522.45,2025-04-13,2024-11-05,Proposal,True
OP-04480,Silverline SaaS,tom.moore@company.com,U-1001,ClosedLost,246671.64,2024-08-30,2024-03-24,Inbound Call,246671.64,2024-08-30,2024-03-24,Closed Lost,True
OP-01638,Pinnacle Travel,raj.davis@yahoo.com,U-1025,CLOSED WON,76692.30,2026-03-25,2026-02-24,Bulk Import,76692.3,2026-03-25,2026-02-24,Closed Won,True
OP-03537,Northgate Auto,maya.miller@yahoo.com,U-1001,Discovery,243223.33,2026-02-21,2025-10-28,Inbound Call,243223.33,2026-02-21,2025-10-28,Qualification,True
OP-03627,ForgePoint Systems,owen.davis@yahoo.com,U-1010,Closed-Lost,"USD 28,901.80",2026-01-01,2025-09-30,Bulk Import,28901.8,2026-01-01,2025-09-30,Closed Lost,True
OP-00911,Granite Ridge Co,zoe.smith@gmail.com,U-1005,ClosedWon,240108.27,2024-07-17,2024-06-10,Web Form,240108.27,2024-07-17,2024-06-10,Closed Won,True
OP-03140,Zephyr Airlines,marcus.garcia@outlook.com,U-1034,Proposal,158830.51,2026-01-07,2025-07-08,Inbound Call,158830.51,2026-01-07,2025-07-08,Proposal,True
OP-D0123,Willow Creek Farms,noah.smith@yahoo.com,U-1025,Negotiation,"$50,814.99",2026-04-06,2026-02-24,Inbound Call,50814.99,2026-04-06,2026-02-24,Proposal,True
OP-02250,Quartzline Telecom,noah.moore@example.org,U-1031,Prospect,85702.38,2025-09-16,2025-02-28,Web Form,85702.38,2025-09-16,2025-02-28,Prospecting,True
OP-00979,Acme Industrial,liam.lee@yahoo.com,U-1038,Qualifcation,225773.71,2025-09-15,2025-08-31,Web Form,225773.71,2025-09-15,2025-08-31,Qualification,True
OP-01968,Harborline Bank,owen.miller@gmail.com,U-1035,Prospect,199423.96,2026-01-18,2025-08-22,Outbound SDR,199423.96,2026-01-18,2025-08-22,Prospecting,True
OP-01073,DeltaWave Media,liam.kim@company.com,U-1034,New Lead,"$144,137.33",2026-05-01,2026-02-27,Bulk Import,144137.33,2026-05-01,2026-02-27,Prospecting,True
OP-02831,ForgePoint Systems,dev.wilson@gmail.com,U-1024,,"$90,122.12",2026-06-24,2025-12-24,Trade Show,90122.12,2026-06-24,2025-12-24,,True
OP-04010,BluePeak Logistics,chris.anderson@yahoo.com,U-1023,Discovery,"69,147.46 $",2027-02-26,2026-08-12,Web Form,69147.46,2027-02-26,2026-08-12,Qualification,True
OP-00409,Yellowpine Lumber,dev.davis@example.org,U-1036,Proposal,"$161,690.72",2026-03-21,2025-12-25,Bulk Import,161690.72,2026-03-21,2025-12-25,Proposal,True
OP-02528,Redwood Outdoors,ava.davis@outlook.com,U-1016,Prospecting,63771.35,2024-11-13,2024-04-01,Web Form,63771.35,2024-11-13,2024-04-01,Prospecting,True
OP-03985,Xenon Robotics,not-an-email,U-1030,PROSPECTING,"USD 106,234.43",2024-05-26,2024-01-28,Outbound SDR,106234.43,2024-05-26,2024-01-28,Prospecting,False
OP-00694,Acme Industrial,raj.nguyen@yahoo.com,U-1003,closed won,90930.06,2026-05-19,2026-01-16,Partner Referral,90930.06,2026-05-19,2026-01-16,Closed Won,True
OP-01144,Granite Ridge Co,noah.brown@example.org,U-1024,Prospect,241074.17,2026-10-17,2026-03-28,Bulk Import,241074.17,2026-10-17,2026-03-28,Prospecting,True
OP-01981,Pinnacle Travel,priya.brown@company.com,U-1030,Discovery,161045.47,2025-10-05,2025-05-04,Partner Referral,161045.47,2025-10-05,2025-05-04,Qualification,True
OP-03363,Acme Industrial,sofia.kim@yahoo.com,U-1015,Qualifcation,"USD 97,857.44",2025-11-27,2025-11-20,Bulk Import,97857.44,2025-11-27,2025-11-20,Qualification,True
OP-04239,Northgate Auto,ava.smith@outlook.com,U-1037,Negotiation,125702.47,2026-03-26,2025-09-02,Outbound SDR,125702.47,2026-03-26,2025-09-02,Proposal,True
OP-02854,Silverline SaaS,ben.kim@gmail.com,U-1029,Discovery,72212.78,2025-02-23,2025-01-29,Partner Referral,72212.78,2025-02-23,2025-01-29,Qualification,True
OP-00139,,ethan.davis@outlook.com,U-1008,Discovery,"USD 173,971.37",2025-05-02,2025-03-09,Inbound Call,173971.37,2025-05-02,2025-03-09,Qualification,True
OP-03331,Pinnacle Travel,sofia.johnson@yahoo.com,U-1025,Qualifcation,128808.14,2026-10-04,2026-05-14,Outbound SDR,128808.14,2026-10-04,2026-05-14,Qualification,True
OP-00044,Vertex Capital,tom.wilson@company.com,U-1013,Qualification,48520.47,2026-11-01,2026-06-09,Partner Referral,48520.47,2026-11-01,2026-06-09,Qualification,True
OP-01037,Everline Health,nina.kim@company.com,U-1033,Closed Won,35817.38,2027-01-18,2026-07-07,Trade Show,35817.38,2027-01-18,2026-07-07,Closed Won,True
OP-00581,Keystone Energy,dev.lee@yahoo.com,U-1008,Qualification,"87,965.59 $",2026-05-09,2025-12-15,Bulk Import,87965.59,2026-05-09,2025-12-15,Qualification,True
OP-01030,BluePeak Logistics,owen.lee@outlook.com,U-1024,Qualification,102863.10,2025-05-04,2024-09-20,Partner Referral,102863.1,2025-05-04,2024-09-20,Qualification,True
OP-03563,ForgePoint Systems,liam.davis@company.com,U-1031,Qualifcation,149208.67,2026-11-12,2026-06-26,Partner Referral,149208.67,2026-11-12,2026-06-26,Qualification,True
OP-03902,Willow Creek Farms,dev.brown@outlook.com,U-1017,Discovery,"$247,006.09",2024-06-08,2024-01-30,Web Form,247006.09,2024-06-08,2024-01-30,Qualification,True
OP-00708,Onyx Pharma,ben.johnson@yahoo.com,U-1009,Qualified,196447.54,2027-01-30,2026-08-08,Inbound Call,196447.54,2027-01-30,2026-08-08,Qualification,True
OP-00591,DeltaWave Media,aisha.lee@yahoo.com,U-1036,Qualification,152561.30,2027-01-03,2026-05-17,Partner Referral,152561.3,2027-01-03,2026-05-17,Qualification,True
OP-01770,Tidewater Marine,ava.lee@outlook.com,U-1003,ClosedLost,,2025-04-17,2025-01-23,Partner Referral,,2025-04-17,2025-01-23,Closed Lost,True
OP-01172,Ironclad Security,maya.kim@outlook.com,U-1022,Prospecting,"$49,380.86",2025-07-06,2024-11-18,Web Form,49380.86,2025-07-06,2024-11-18,Prospecting,True
OP-00880,Vertex Capital,owen.thomas@company.com,U-1009,Qualification,,2026-09-13,2026-08-07,Web Form,,2026-09-13,2026-08-07,Qualification,True
OP-00796,Quartzline Telecom,ben.moore@example.org,U-1009,CLOSED WON,109485.23,2025-09-29,2025-08-22,Outbound SDR,109485.23,2025-09-29,2025-08-22,Closed Won,True
OP-03642,Copperline Foods,raj.kim@company.com,U-1014,closed won,,2025-04-26,2024-10-24,Web Form,,2025-04-26,2024-10-24,Closed Won,True
OP-04266,Vertex Capital,lena.johnson@company.com,U-1032,qualification,82864.80,2025-05-30,2024-12-12,Bulk Import,82864.8,2025-05-30,2024-12-12,Qualification,True
OP-D0066,Ironclad Security,ben.smith@gmail.com,U-1026,Qualification,81171.63,2026-03-26,2025-10-16,Partner Referral,81171.63,2026-03-26,2025-10-16,Qualification,True
OP-01019,Willow Creek Farms,ben.anderson@yahoo.com,U-1030,Qualified,"$230,915",2024-11-13,2024-04-01,Inbound Call,230915.0,2024-11-13,2024-04-01,Qualification,True
OP-00196,Ironclad Security,ethan.anderson@gmail.com,U-1023,Qualifcation,67503.01,2025-12-26,2025-10-21,Trade Show,67503.01,2025-12-26,2025-10-21,Qualification,True
OP-03954,Granite Ridge Co,ethan.thomas@outlook.com,U-1027,Qualified,123426.49,2024-04-25,2024-03-31,Partner Referral,123426.49,2024-04-25,2024-03-31,Qualification,True
OP-02236,Juniper Retail,dev.miller@gmail.com,U-1011,Prospect,168839.66,2024-09-05,2024-04-10,Bulk Import,168839.66,2024-09-05,2024-04-10,Prospecting,True
OP-04127,Copperline Foods,liam.smithoutlook.com,U-1015,Qualification,"$202,789.53",2026-01-05,2025-06-23,Partner Referral,202789.53,2026-01-05,2025-06-23,Qualification,False
OP-02944,Onyx Pharma,ella.kim@company.com,U-1018,Negotiation,203332.71,2025-12-04,2025-11-21,Bulk Import,203332.71,2025-12-04,2025-11-21,Proposal,True
OP-04014,Juniper Retail,raj.lee@outlook.com,U-1012,ClosedLost,109252.65,2026-01-11,2025-05-27,Trade Show,109252.65,2026-01-11,2025-05-27,Closed Lost,True
OP-00334,Silverline SaaS,aisha.wilson@company.com,U-1004,prospecting,81475.03,2026-12-14,2026-06-11,Partner Referral,81475.03,2026-12-14,2026-06-11,Prospecting,True
OP-00372,Pinnacle Travel,noah.anderson@outlook.com,U-1032,Qualifcation,"$179,911.73",2025-11-08,2025-04-27,Web Form,179911.73,2025-11-08,2025-04-27,Qualification,True
OP-01295,Meridian Freight,noah.taylor@outlook.com,U-1019,New Lead,189862.07,2024-11-13,2024-05-23,Inbound Call,189862.07,2024-11-13,2024-05-23,Prospecting,True
OP-02895,Tidewater Marine,tom.thomas@yahoo.com,U-1030,Closed-Won,"$162,716.68",2025-02-20,2024-07-16,Bulk Import,162716.68,2025-02-20,2024-07-16,Closed Won,True
OP-01451,Quartzline Telecom,ella.davis@outlook.com,U-1001,Prospect,"$183,803",2025-11-07,2025-05-13,Trade Show,183803.0,2025-11-07,2025-05-13,Prospecting,True
OP-00693,Willow Creek Farms,aisha.smith@company.com,U-1027,Qualified,213353.79,2026-02-18,2026-02-01,Trade Show,213353.79,2026-02-18,2026-02-01,Qualification,True
OP-02277,Umbra Defense,aisha.thomas@outlook.com,U-1004,,210194.86,2027-01-12,2026-06-16,Outbound SDR,210194.86,2027-01-12,2026-06-16,,True
OP-02722,Northgate Auto,marcus.taylor@example.org,U-1018,Won,"$158,630.52",2025-02-04,2024-11-24,Outbound SDR,158630.52,2025-02-04,2024-11-24,Closed Won,True
OP-02885,ForgePoint Systems,dev.lee@example.org,U-1005,Proposal Sent,213942.87,2026-03-21,2025-12-06,Trade Show,213942.87,2026-03-21,2025-12-06,Proposal,True
OP-00326,BluePeak Logistics,nina.smith@gmail.com,U-1034,qualification,,2024-08-15,2024-02-25,Inbound Call,,2024-08-15,2024-02-25,Qualification,True
OP-02693,Yellowpine Lumber,raj.anderson@gmail.com,U-1034,Discovery,90496.11,,2025-08-02,Web Form,90496.11,,2025-08-02,Qualification,True
OP-03439,Granite Ridge Co,zoe.nguyen@outlook.com,U-1032,Negotiation,"$135,902.32",2024-12-23,2024-05-06,Web Form,135902.32,2024-12-23,2024-05-06,Proposal,True
OP-00107,Copperline Foods,ava.patel@company.com,U-1017,,"$120,408.62",2025-08-11,2025-02-14,Partner Referral,120408.62,2025-08-11,2025-02-14,,True
OP-01458,Copperline Foods,ben.johnson@yahoo.com,U-1012,Proposal,183620.22,2026-03-06,2025-07-14,Partner Referral,183620.22,2026-03-06,2025-07-14,Proposal,True
OP-03114,Redwood Outdoors,nina.taylor@example.org,U-1022,Closed-Won,195698.86,2025-11-05,2025-10-27,Trade Show,195698.86,2025-11-05,2025-10-27,Closed Won,True
OP-D0126,Meridian Freight,ella.anderson@yahoo.com,U-1021,Prospecting,24454.47,2026-03-29,2025-09-25,Bulk Import,24454.47,2026-03-29,2025-09-25,Prospecting,True
OP-03447,Willow Creek Farms,nina.anderson@outlook.com,U-1038,Negotiation,16914.48,2024-12-13,2024-10-18,Inbound Call,16914.48,2024-12-13,2024-10-18,Proposal,True
OP-04206,Vertex Capital,sofia.smith@example.org,U-1034,Proposal,132632.23,2025-07-18,2024-12-25,Trade Show,132632.23,2025-07-18,2024-12-25,Proposal,True
OP-01809,Xenon Robotics,liam.kim@outlook.com,U-1005,Proposal,184696.28,2026-08-13,2026-03-30,Bulk Import,184696.28,2026-08-13,2026-03-30,Proposal,True
OP-02851,Umbra Defense,ava.wilson@yahoo.com,U-1038,Negotiation,"$30,526.68",2024-03-17,2024-01-22,Trade Show,30526.68,2024-03-17,2024-01-22,Proposal,True
OP-04393,Yellowpine Lumber,ava.thomas@company.com,U-1025,Closed Lost,156814.98,2026-12-28,2026-07-05,Trade Show,156814.98,2026-12-28,2026-07-05,Closed Lost,True
OP-04636,Umbra Defense,kara.patel@company.com,U-1031,Closed-Won,,2025-11-11,2025-05-08,Outbound SDR,,2025-11-11,2025-05-08,Closed Won,True
OP-03668,Juniper Retail,sofia.taylor@yahoo.com,U-1001,Quote Sent,176055.94,2026-01-24,2026-01-12,Outbound SDR,176055.94,2026-01-24,2026-01-12,Proposal,True
OP-02268,Yellowpine Lumber,noah.thomas@example.org,U-1005,Proposal,53649.51,,2024-12-19,Bulk Import,53649.51,,2024-12-19,Proposal,True
OP-01938,DeltaWave Media,raj.moore@example.org,U-1037,CLOSED WON,100179.06,2026-09-26,2026-03-17,Outbound SDR,100179.06,2026-09-26,2026-03-17,Closed Won,True
OP-04360,Silverline SaaS,ava.anderson@gmail.com,U-1026,proposal,"$3,011",,2025-08-22,Outbound SDR,3011.0,,2025-08-22,Proposal,True
OP-03285,Redwood Outdoors,ava.thomas@outlook.com,U-1001,prospecting,"$142,794.32",2025-07-06,2025-05-16,Partner Referral,142794.32,2025-07-06,2025-05-16,Prospecting,True
OP-02865,Pinnacle Travel,ethan.garcia@company.com,U-1021,Qualification,"$62,238.94",2026-06-25,2025-12-30,Bulk Import,62238.94,2026-06-25,2025-12-30,Qualification,True
OP-D0074,Xenon Robotics,not-an-email,U-1007,Discovery,"$215,288",2025-08-09,2025-07-05,Partner Referral,215288.0,2025-08-09,2025-07-05,Qualification,False
OP-02729,Xenon Robotics,liam.lee@yahoo.com,U-1038,Proposal,78730.18,2025-02-19,2024-08-19,Bulk Import,78730.18,2025-02-19,2024-08-19,Proposal,True
OP-01115,Ironclad Security,ella.smith@outlook.com,U-1036,closed won,146917.84,2026-12-01,2026-08-28,Trade Show,146917.84,2026-12-01,2026-08-28,Closed Won,True
OP-04313,Yellowpine Lumber,marcus.brown@example.org,U-1032,proposal,243685.97,2026-06-02,2026-01-24,Partner Referral,243685.97,2026-06-02,2026-01-24,Proposal,True
OP-01846,Quartzline Telecom,aisha.brown@company.com,U-1019,Quote Sent,155331.13,2026-01-16,2025-10-24,Bulk Import,155331.13,2026-01-16,2025-10-24,Proposal,True
OP-00601,Keystone Energy,owen.garcia@example.org,U-1014,Proposal,"$237,397",2025-02-20,2024-07-13,Trade Show,237397.0,2025-02-20,2024-07-13,Proposal,True
OP-00631,Quartzline Telecom,ava.garcia@example.org,U-1019,Qualifcation,"$238,587.52",2024-08-12,2024-04-20,Bulk Import,238587.52,2024-08-12,2024-04-20,Qualification,True
OP-00633,Acme Industrial,priya.thomas@company.com,U-1029,Qualified,138357.61,2025-06-19,2025-05-03,Trade Show,138357.61,2025-06-19,2025-05-03,Qualification,True
OP-00211,Ironclad Security,dev.smith@example.org,U-1019,qualification,11905.27,2024-04-06,2024-01-06,Outbound SDR,11905.27,2024-04-06,2024-01-06,Qualification,True
OP-01758,DeltaWave Media,kara.lee@outlook.com,U-1029,Closed-Won,227578.31,2025-02-19,2024-08-01,Outbound SDR,227578.31,2025-02-19,2024-08-01,Closed Won,True
OP-04071,Northgate Auto,,U-1038,Qualification,,2026-01-07,2025-07-20,Outbound SDR,,2026-01-07,2025-07-20,Qualification,
OP-02574,Onyx Pharma,ava.moore@example.org,U-1007,Discovery,21255.21,,2024-09-15,Partner Referral,21255.21,,2024-09-15,Qualification,True
OP-03723,Everline Health,raj.wilson@company.com,U-1034,Qualified,27046.25,2026-06-25,2026-01-14,Trade Show,27046.25,2026-06-25,2026-01-14,Qualification,True
OP-01537,Willow Creek Farms,owen.brown@example.org,U-1038,PROSPECTING,149287.04,2026-06-14,2026-05-03,Web Form,149287.04,2026-06-14,2026-05-03,Prospecting,True
OP-02285,Keystone Energy,tom.davis@yahoo.com,U-1021,Qualified,36450.79,2025-07-27,2025-03-28,Trade Show,36450.79,2025-07-27,2025-03-28,Qualification,True
OP-00881,Umbra Defense,raj.smith@yahoo.com,U-1028,Proposal,248053.40,2025-03-23,2024-12-23,Web Form,248053.4,2025-03-23,2024-12-23,Proposal,True
OP-01717,Redwood Outdoors,chris.brown@example.org,U-1016,Qualified,204023.19,2024-04-30,2024-04-20,Outbound SDR,204023.19,2024-04-30,2024-04-20,Qualification,True
OP-00155,Pinnacle Travel,kara.wilson@gmail.com,U-1032,prospecting,"65,268.79 $",,2026-05-29,Web Form,65268.79,,2026-05-29,Prospecting,True
OP-03090,Vertex Capital,maya.patel@example.org,U-1022,New Lead,"$168,357",2024-02-11,2024-01-18,Inbound Call,168357.0,2024-02-11,2024-01-18,Prospecting,True
OP-00861,DeltaWave Media,aisha.davis@outlook.com,U-1006,PROSPECTING,"$90,237",2025-01-17,2024-06-28,Outbound SDR,90237.0,2025-01-17,2024-06-28,Prospecting,True
OP-02348,Juniper Retail,,U-1034,prospecting,124494.64,2025-01-03,2024-06-30,Partner Referral,124494.64,2025-01-03,2024-06-30,Prospecting,
OP-00151,Umbra Defense,zoe.brown@example.org,U-1034,Qualification,"$246,746.87",2025-09-25,2025-08-31,Trade Show,246746.87,2025-09-25,2025-08-31,Qualification,True
OP-00250,,ben.patel@yahoo.com,U-1014,Negotiation,109874.39,2026-01-04,2025-09-03,Web Form,109874.39,2026-01-04,2025-09-03,Proposal,True
OP-02257,DeltaWave Media,ethan.lee@outlook.com,U-1039,New Lead,199296.55,2024-11-20,2024-09-22,Outbound SDR,199296.55,2024-11-20,2024-09-22,Prospecting,True
OP-03025,Acme Industrial,marcus.taylor@gmail.com,U-1028,closed lost,15130.08,2024-10-03,2024-02-16,Bulk Import,15130.08,2024-10-03,2024-02-16,Closed Lost,True
OP-00686,Umbra Defense,chris.anderson@outlook.com,U-1025,proposal,136123.75,2026-05-25,2025-10-11,Partner Referral,136123.75,2026-05-25,2025-10-11,Proposal,True
OP-01823,Acme Industrial,ethan.lee@gmail.com,U-1010,closed won,107493.90,,2025-04-25,Outbound SDR,107493.9,,2025-04-25,Closed Won,True
OP-03466,Silverline SaaS,zoe.miller@example.org,U-1032,qualification,47568.51,2025-06-22,2024-10-27,Outbound SDR,47568.51,2025-06-22,2024-10-27,Qualification,True
OP-04350,Larkspur Labs,zoe.miller@gmail.com,U-1026,Closed-Lost,187148.85,2024-08-09,2024-04-13,Bulk Import,187148.85,2024-08-09,2024-04-13,Closed Lost,True
OP-02588,Umbra Defense,tom.anderson@gmail.com,U-1009,Prospecting,37720.31,2024-08-15,2024-07-07,Inbound Call,37720.31,2024-08-15,2024-07-07,Prospecting,True
OP-01921,Harborline Bank,ben.brown@yahoo.com,U-1034,Won,178587.95,2026-01-01,2025-11-03,Inbound Call,178587.95,2026-01-01,2025-11-03,Closed Won,True
OP-01126,Acme Industrial,maya.lee@yahoo.com,U-1008,Qualification,133657.86,2025-01-22,2024-06-01,Outbound SDR,133657.86,2025-01-22,2024-06-01,Qualification,True
OP-00997,Harborline Bank,zoe.moore@gmail.com,U-1012,Prospect,125510.70,2026-07-01,2026-05-22,Web Form,125510.7,2026-07-01,2026-05-22,Prospecting,True
OP-01669,Harborline Bank,dev.taylor@example.org,U-1011,Qualifcation,"$119,301.90",2025-04-25,2024-09-25,Outbound SDR,119301.9,2025-04-25,2024-09-25,Qualification,True
OP-01379,Silverline SaaS,raj.anderson@company.com,U-1005,prospecting,"USD 148,377.36",2024-12-11,2024-07-11,Bulk Import,148377.36,2024-12-11,2024-07-11,Prospecting,True
OP-04047,Meridian Freight,ben.garcia@yahoo.com,U-1035,Proposal Sent,80968.91,2024-10-02,2024-07-13,Inbound Call,80968.91,2024-10-02,2024-07-13,Proposal,True
OP-04413,Vertex Capital,dev.nguyen@gmail.com,U-1002,Closed-Won,"223,169.45 $",2026-12-14,2026-08-02,Partner Referral,223169.45,2026-12-14,2026-08-02,Closed Won,True
OP-02296,Xenon Robotics,dev.lee@company.com,U-1018,Closed-Lost,157540.21,2024-09-05,2024-08-24,Trade Show,157540.21,2024-09-05,2024-08-24,Closed Lost,True
OP-00176,Copperline Foods,ben.smith@company.com,U-1026,CLOSED WON,242734.97,2026-02-18,2025-11-15,Bulk Import,242734.97,2026-02-18,2025-11-15,Closed Won,True
OP-03804,BluePeak Logistics,ethan.smith@outlook.com,U-1010,Quote Sent,"$55,079",2024-10-09,2024-03-24,Inbound Call,55079.0,2024-10-09,2024-03-24,Proposal,True
OP-02266,DeltaWave Media,tom.nguyen@example.org,U-1000,,229058.13,2026-12-18,2026-12-23,Bulk Import,229058.13,2026-12-18,2026-12-23,,True
OP-03416,Everline Health,ben.lee@outlook.com,U-0000,Negotiation,61553.04,2024-10-19,2024-03-23,Web Form,61553.04,2024-10-19,2024-03-23,Proposal,True
OP-02408,Onyx Pharma,ella.anderson@outlook.com,U-1030,Lost,173520.05,2026-10-17,2026-05-07,Outbound SDR,173520.05,2026-10-17,2026-05-07,Closed Lost,True
OP-02023,Granite Ridge Co,nina.nguyen@example.org,U-1025,Qualification,,2025-12-15,2025-08-26,Partner Referral,,2025-12-15,2025-08-26,Qualification,True
OP-03654,Juniper Retail,ethan.nguyen@company.com,U-1032,CLOSED WON,210626.50,2024-09-26,2024-02-28,Web Form,210626.5,2024-09-26,2024-02-28,Closed Won,True
OP-01960,Copperline Foods,nina.nguyen@outlook.com,U-1036,prospecting,"$114,731.48",2026-01-17,2025-05-24,Web Form,114731.48,2026-01-17,2025-05-24,Prospecting,True
OP-03793,Pinnacle Travel,nina.tayloroutlook.com,U-1012,Discovery,134902.42,2026-10-08,2026-03-20,Partner Referral,134902.42,2026-10-08,2026-03-20,Qualification,False
OP-02073,Tidewater Marine,ben.davis@yahoo.com,U-1019,Negotiation,185664.90,2025-06-28,2025-05-12,Inbound Call,185664.9,2025-06-28,2025-05-12,Proposal,True
OP-00165,Zephyr Airlines,ben.taylor@company.com,U-1036,,195915.11,2026-02-05,2025-07-10,Bulk Import,195915.11,2026-02-05,2025-07-10,,True
OP-04523,Quartzline Telecom,tom.johnson@gmail.com,U-1005,Prospecting,"224,623.23 $",2026-12-24,2026-05-03,Web Form,224623.23,2026-12-24,2026-05-03,Prospecting,True
OP-00288,Umbra Defense,marcus.brown@example.org,U-1016,Discovery,233605.14,2025-07-24,2025-06-25,Bulk Import,233605.14,2025-07-24,2025-06-25,Qualification,True
OP-01793,Harborline Bank,raj.thomas@company.com,U-1007,Discovery,240929.63,2026-06-09,2026-03-20,Outbound SDR,240929.63,2026-06-09,2026-03-20,Qualification,True
OP-04682,Acme Industrial,zoe.johnson@outlook.com,U-1012,New Lead,"$152,189",2024-03-08,2024-01-10,Bulk Import,152189.0,2024-03-08,2024-01-10,Prospecting,True
OP-00415,Copperline Foods,chris.nguyen@example.org,U-1020,prospecting,181818.30,2025-08-12,2025-02-08,Trade Show,181818.3,2025-08-12,2025-02-08,Prospecting,True
OP-00640,Ironclad Security,aisha.miller@company.com,U-1020,proposal,229856.23,,2024-12-19,Partner Referral,229856.23,,2024-12-19,Proposal,True
OP-02191,Northgate Auto,sofia.wilsonyahoo.com,U-1013,Qualifcation,4368.21,2026-09-25,2026-02-09,Outbound SDR,4368.21,2026-09-25,2026-02-09,Qualification,False
OP-00179,DeltaWave Media,raj.thomas@company.com,U-1031,Proposal,,2026-09-08,2026-08-05,Bulk Import,,2026-09-08,2026-08-05,Proposal,True
OP-03486,Vertex Capital,chris.nguyen@company.com,U-1022,Qualifcation,93205.63,2025-09-17,2025-03-31,Web Form,93205.63,2025-09-17,2025-03-31,Qualification,True
OP-02957,Ironclad Security,priya.kim@gmail.com,U-1016,Discovery,18077.34,2025-11-08,2025-07-14,Inbound Call,18077.34,2025-11-08,2025-07-14,Qualification,True
OP-00938,Willow Creek Farms,tom.taylor@company.com,U-1004,New Lead,105264.94,2025-01-08,2024-10-23,Bulk Import,105264.94,2025-01-08,2024-10-23,Prospecting,True
OP-02405,Juniper Retail,zoe.kim@yahoo.com,U-1009,Qualifcation,"$48,191.90",2026-06-08,2026-03-19,Outbound SDR,48191.9,2026-06-08,2026-03-19,Qualification,True
OP-03813,Pinnacle Travel,dev.moore@company.com,U-1028,qualification,"USD 137,918.63",2026-10-21,2026-03-04,Inbound Call,137918.63,2026-10-21,2026-03-04,Qualification,True
OP-D0199,Willow Creek Farms,ethan.taylor@outlook.com,U-1031,prospecting,11392.62,2025-05-01,2025-01-24,Bulk Import,11392.62,2025-05-01,2025-01-24,Prospecting,True
OP-03802,Acme Industrial,ava.thomas@example.org,U-1030,Proposal,100691.34,2025-09-26,2025-03-22,Trade Show,100691.34,2025-09-26,2025-03-22,Proposal,True
OP-02218,Willow Creek Farms,priya.patel@example.org,U-1022,closed won,,2025-05-09,2025-02-26,Inbound Call,,2025-05-09,2025-02-26,Closed Won,True
OP-00701,Redwood Outdoors,nina.lee@example.org,U-1010,Discovery,"$209,480",2026-06-23,2026-04-20,Web Form,209480.0,2026-06-23,2026-04-20,Qualification,True
OP-01483,,ethan.brown@yahoo.com,U-1038,qualification,24156.52,2025-08-01,2024-12-14,Partner Referral,24156.52,2025-08-01,2024-12-14,Qualification,True
OP-00119,Granite Ridge Co,ava.patel@example.org,U-1037,Discovery,216293.04,2025-04-11,2025-01-14,Trade Show,216293.04,2025-04-11,2025-01-14,Qualification,True
OP-01371,Onyx Pharma,liam.garcia@example.org,U-1014,Proposal Sent,"$213,695",2025-07-23,2025-06-17,Partner Referral,213695.0,2025-07-23,2025-06-17,Proposal,True
OP-04367,Yellowpine Lumber,ben.thomas@company.com,U-1010,Qualification,,2024-09-12,2024-03-08,Outbound SDR,,2024-09-12,2024-03-08,Qualification,True
OP-02198,Everline Health,ethan.kim@company.com,U-1008,prospecting,53997.49,,2026-06-18,Partner Referral,53997.49,,2026-06-18,Prospecting,True
OP-00301,Tidewater Marine,liam.johnson@outlook.com,U-1037,CLOSED WON,83197.24,2024-10-20,2024-04-21,Trade Show,83197.24,2024-10-20,2024-04-21,Closed Won,True
OP-00466,ForgePoint Systems,priya.garcia@gmail.com,U-1001,Lost,166335.24,2026-11-04,2026-07-06,Inbound Call,166335.24,2026-11-04,2026-07-06,Closed Lost,True
OP-00316,DeltaWave Media,nina.moore@yahoo.com,U-1004,Closed-Won,154263.64,2024-10-19,2024-05-27,Web Form,154263.64,2024-10-19,2024-05-27,Closed Won,True
OP-04261,Zephyr Airlines,ava.johnson@outlook.com,U-1007,prospecting,207060.88,2024-11-21,2024-10-16,Web Form,207060.88,2024-11-21,2024-10-16,Prospecting,True
OP-03799,Tidewater Marine,dev.wilson@company.com,U-1009,Qualification,183200.42,2025-04-21,2025-01-06,Web Form,183200.42,2025-04-21,2025-01-06,Qualification,True
OP-00031,Granite Ridge Co,noah.taylor@outlook.com,U-1006,Qualifcation,43611.71,,2025-04-21,Bulk Import,43611.71,,2025-04-21,Qualification,True
OP-02468,BluePeak Logistics,ella.thomas@company.com,U-1019,closed lost,30790.12,2024-02-15,2024-01-05,Trade Show,30790.12,2024-02-15,2024-01-05,Closed Lost,True
OP-04484,,ella.lee@gmail.com,U-1005,Qualifcation,"$108,551.36",2024-12-18,2024-10-17,Partner Referral,108551.36,2024-12-18,2024-10-17,Qualification,True
OP-03095,Yellowpine Lumber,sofia.johnson@company.com,U-1008,,158912.19,2026-09-24,2026-03-07,Web Form,158912.19,2026-09-24,2026-03-07,,True
OP-04695,Quartzline Telecom,ella.garcia@company.com,U-1039,Qualification,"$131,386.36",2025-09-20,2025-03-19,Trade Show,131386.36,2025-09-20,2025-03-19,Qualification,True
OP-02553,Tidewater Marine,ella.garcia@gmail.com,U-1011,Discovery,161476.20,2026-06-06,2026-01-11,Partner Referral,161476.2,2026-06-06,2026-01-11,Qualification,True
OP-03937,Willow Creek Farms,ava.anderson@company.com,U-1020,Qualifcation,117587.63,2025-08-26,2025-03-28,Web Form,117587.63,2025-08-26,2025-03-28,Qualification,True
OP-03300,Zephyr Airlines,lena.johnson@yahoo.com,U-1003,Negotiation,143494.26,2025-02-19,2024-11-22,Partner Referral,143494.26,2025-02-19,2024-11-22,Proposal,True
OP-03173,Zephyr Airlines,ben.johnson@company.com,U-1029,Won,38080.70,2025-07-25,2025-06-11,Trade Show,38080.7,2025-07-25,2025-06-11,Closed Won,True
OP-02738,Zephyr Airlines,zoe.smith@example.org,U-1035,proposal,214196.88,2024-12-10,2024-10-14,Outbound SDR,214196.88,2024-12-10,2024-10-14,Proposal,True
OP-01440,Keystone Energy,tom.brown@outlook.com,U-1019,proposal,135651.49,2024-10-11,2024-02-27,Bulk Import,135651.49,2024-10-11,2024-02-27,Proposal,True
OP-01859,Everline Health,nina.anderson@gmail.com,U-1012,Prospect,"USD 211,132.96",2024-11-11,2024-08-30,Trade Show,211132.96,2024-11-11,2024-08-30,Prospecting,True
OP-02434,Umbra Defense,owen.brown@company.com,U-1020,CLOSED WON,"148,956.39 $",2025-05-17,2025-01-14,Trade Show,148956.39,2025-05-17,2025-01-14,Closed Won,True
OP-04081,Everline Health,tom.taylor@example.org,U-1012,Discovery,126248.17,2024-07-31,2024-04-05,Outbound SDR,126248.17,2024-07-31,2024-04-05,Qualification,True
OP-00678,Umbra Defense,sofia.smith@company.com,U-1009,Won,"USD 81,626.04",,2025-01-17,Outbound SDR,81626.04,,2025-01-17,Closed Won,True
OP-01312,Vertex Capital,ava.garcia@example.org,U-1005,Closed-Won,"$77,256.87",2025-06-23,2024-11-12,Partner Referral,77256.87,2025-06-23,2024-11-12,Closed Won,True
OP-04560,Granite Ridge Co,ella.anderson@outlook.com,U-1026,Prospect,"86,635.99 $",2025-12-22,2025-07-12,Trade Show,86635.99,2025-12-22,2025-07-12,Prospecting,True
OP-04685,Zephyr Airlines,,U-1019,ClosedLost,229806.69,2026-11-30,2026-04-04,Outbound SDR,229806.69,2026-11-30,2026-04-04,Closed Lost,
OP-01909,Redwood Outdoors,nina.anderson@gmail.com,U-1002,Won,249495.43,,2024-09-30,Outbound SDR,249495.43,,2024-09-30,Closed Won,True
OP-03761,Copperline Foods,liam.brown@yahoo.com,U-1015,,109841.79,2024-05-02,2024-04-22,Web Form,109841.79,2024-05-02,2024-04-22,,True
OP-02021,Vertex Capital,ben.davis@gmail.com,U-1010,Closed-Lost,"$231,751.24",2024-06-06,2024-05-23,Web Form,231751.24,2024-06-06,2024-05-23,Closed Lost,True
OP-01467,Northgate Auto,ella.moore@example.org,U-1002,CLOSED WON,67345.52,2026-06-18,2026-03-12,Trade Show,67345.52,2026-06-18,2026-03-12,Closed Won,True
OP-01121,Meridian Freight,tom.nguyen@company.com,U-1037,proposal,205459.19,2026-02-19,2025-08-04,Trade Show,205459.19,2026-02-19,2025-08-04,Proposal,True
OP-02259,Meridian Freight,ben.davis@gmail.com,U-1031,prospecting,104905.50,,2026-03-27,Trade Show,104905.5,,2026-03-27,Prospecting,True
OP-02229,Xenon Robotics,marcus.smith@example.org,U-1034,PROSPECTING,240752.35,2024-07-22,2024-01-19,Partner Referral,240752.35,2024-07-22,2024-01-19,Prospecting,True
OP-02584,Quartzline Telecom,,U-1013,Closed-Lost,"$28,459.01",2026-03-17,2026-02-10,Web Form,28459.01,2026-03-17,2026-02-10,Closed Lost,
OP-03597,Northgate Auto,tom.wilson@gmail.com,U-1009,Quote Sent,202345.85,,2024-02-18,Trade Show,202345.85,,2024-02-18,Proposal,True
OP-03103,Everline Health,priya.moore@company.com,U-1019,Lost,85808.08,2026-04-17,2026-02-11,Outbound SDR,85808.08,2026-04-17,2026-02-11,Closed Lost,True
OP-02919,Umbra Defense,noah.miller@company.com,U-1017,Discovery,2655.07,2026-05-07,2025-10-01,Inbound Call,2655.07,2026-05-07,2025-10-01,Qualification,True
OP-03555,,noah.lee@company.com,U-1012,PROSPECTING,205883.52,2025-08-31,2025-08-18,Outbound SDR,205883.52,2025-08-31,2025-08-18,Prospecting,True
OP-04142,Redwood Outdoors,nina.miller@gmail.com,U-1010,Won,207156.47,2024-08-13,2024-03-19,Web Form,207156.47,2024-08-13,2024-03-19,Closed Won,True
OP-04416,Silverline SaaS,lena.taylor@outlook.com,U-1008,Proposal,214193.66,2026-06-26,2026-01-17,Partner Referral,214193.66,2026-06-26,2026-01-17,Proposal,True
OP-01474,Northgate Auto,chris.lee@company.com,U-1032,Qualified,134724.10,2026-11-22,2026-07-08,Web Form,134724.1,2026-11-22,2026-07-08,Qualification,True
OP-00310,BluePeak Logistics,tom.taylor@company.com,U-1015,ClosedLost,233617.58,2025-01-14,2024-12-17,Trade Show,233617.58,2025-01-14,2024-12-17,Closed Lost,True
OP-03367,Juniper Retail,ava.brown@yahoo.com,U-1013,Quote Sent,"USD 71,835.78",2024-04-16,2024-02-25,Inbound Call,71835.78,2024-04-16,2024-02-25,Proposal,True
OP-03539,ForgePoint Systems,owen.brown@example.org,U-1014,Proposal Sent,"$118,121.10",2026-02-06,2025-08-18,Web Form,118121.1,2026-02-06,2025-08-18,Proposal,True
OP-00302,Granite Ridge Co,chris.moore@yahoo.com,U-1037,Discovery,198997.97,2026-07-17,2025-11-28,Web Form,198997.97,2026-07-17,2025-11-28,Qualification,True
OP-01560,Pinnacle Travel,chris.kim@yahoo.com,U-1024,Qualified,247914.25,2026-06-16,2025-12-09,Inbound Call,247914.25,2026-06-16,2025-12-09,Qualification,True
OP-01675,Copperline Foods,nina.anderson@gmail.com,U-1036,Closed Lost,"$80,233",2024-09-25,2024-04-05,Bulk Import,80233.0,2024-09-25,2024-04-05,Closed Lost,True
OP-03780,Meridian Freight,raj.taylor@example.org,U-1011,Won,62148.84,2026-11-13,2026-07-25,Trade Show,62148.84,2026-11-13,2026-07-25,Closed Won,True
OP-04633,Keystone Energy,not-an-email,U-1010,Quote Sent,6418.95,2025-02-18,2024-10-09,Inbound Call,6418.95,2025-02-18,2024-10-09,Proposal,False
OP-03895,Willow Creek Farms,tom.patel@@gmail.com,U-1010,Lost,183981.52,,2025-05-27,Outbound SDR,183981.52,,2025-05-27,Closed Lost,False
OP-03797,Vertex Capital,ben.thomas@yahoo.com,U-1038,Closed-Won,143685.39,2026-02-11,2026-01-19,Inbound Call,143685.39,2026-02-11,2026-01-19,Closed Won,True
OP-00907,Acme Industrial,liam.davis@outlook.com,U-1002,Closed Won,35409.64,2026-10-07,2026-04-11,Partner Referral,35409.64,2026-10-07,2026-04-11,Closed Won,True
OP-01049,Copperline Foods,owen.miller@outlook.com,U-1039,Prospect,"$74,254.32",2025-11-21,2025-04-10,Bulk Import,74254.32,2025-11-21,2025-04-10,Prospecting,True
OP-02168,,noah.kim@company.com,U-1005,qualification,141715.22,2024-04-18,2024-03-14,Partner Referral,141715.22,2024-04-18,2024-03-14,Qualification,True
OP-03599,Vertex Capital,zoe.taylor@company.com,U-1023,Qualified,203175.43,2024-12-30,2024-12-20,Web Form,203175.43,2024-12-30,2024-12-20,Qualification,True
OP-00909,Silverline SaaS,priya.anderson@example.org,U-1005,Qualifcation,209125.65,2024-12-29,2024-11-24,Web Form,209125.65,2024-12-29,2024-11-24,Qualification,True
OP-03029,Keystone Energy,ella.lee@company.com,U-1027,Negotiation,76890.73,2026-06-03,2025-11-01,Partner Referral,76890.73,2026-06-03,2025-11-01,Proposal,True
OP-03401,Vertex Capital,nina.taylor@gmail.com,U-1023,closed lost,134779.03,2026-07-28,2026-02-24,Inbound Call,134779.03,2026-07-28,2026-02-24,Closed Lost,True
OP-04072,Xenon Robotics,lena.anderson@outlook.com,U-1001,Prospecting,118910.62,2025-05-31,2024-11-06,Partner Referral,118910.62,2025-05-31,2024-11-06,Prospecting,True
OP-04450,Onyx Pharma,marcus.nguyen@company.com,U-1019,ClosedLost,"$83,255",2024-09-06,2024-07-07,Partner Referral,83255.0,2024-09-06,2024-07-07,Closed Lost,True
OP-00414,Onyx Pharma,tom.patel@example.org,U-1024,qualification,2134.65,2026-10-11,2026-04-29,Partner Referral,2134.65,2026-10-11,2026-04-29,Qualification,True
OP-01516,Onyx Pharma,aisha.miller@company.com,U-1024,Proposal Sent,105745.24,2025-03-27,2025-01-05,Trade Show,105745.24,2025-03-27,2025-01-05,Proposal,True
OP-01389,Copperline Foods,zoe.moore@gmail.com,U-1001,Qualifcation,"$29,264.79",2025-04-18,2025-03-07,Trade Show,29264.79,2025-04-18,2025-03-07,Qualification,True
OP-02061,Zephyr Airlines,priya.brown@example.org,U-1032,Prospecting,140465.57,2025-07-09,2027-01-19,Trade Show,140465.57,2025-07-09,2027-01-19,Prospecting,True
OP-04243,Xenon Robotics,ben.thomas@outlook.com,U-1028,ClosedLost,106009.29,2025-09-16,2025-05-18,Outbound SDR,106009.29,2025-09-16,2025-05-18,Closed Lost,True
OP-01130,Yellowpine Lumber,,U-1026,Qualification,242719.97,2024-12-16,2027-06-13,Inbound Call,242719.97,2024-12-16,2027-06-13,Qualification,
OP-00219,ForgePoint Systems,ben.lee@example.org,U-1004,Proposal,213144.16,2026-06-17,2025-11-18,Partner Referral,213144.16,2026-06-17,2025-11-18,Proposal,True
OP-03196,Keystone Energy,nina.smith@yahoo.com,U-1009,Closed Lost,170413.67,2025-12-30,2025-08-04,Web Form,170413.67,2025-12-30,2025-08-04,Closed Lost,True
OP-01977,Larkspur Labs,priya.johnson@company.com,U-1016,prospecting,80968.43,2025-08-27,2025-08-18,Web Form,80968.43,2025-08-27,2025-08-18,Prospecting,True
OP-04196,Xenon Robotics,liam.davis@yahoo.com,U-1030,New Lead,209915.98,2027-02-06,2026-06-11,Outbound SDR,209915.98,2027-02-06,2026-06-11,Prospecting,True
OP-03790,ForgePoint Systems,noah.johnson@yahoo.com,U-1018,Qualifcation,"$232,007.61",2026-01-29,2025-11-23,Bulk Import,232007.61,2026-01-29,2025-11-23,Qualification,True
OP-00551,Quartzline Telecom,ella.moore@company.com,U-1012,Qualified,"$69,602.04",2025-08-01,2025-03-17,Outbound SDR,69602.04,2025-08-01,2025-03-17,Qualification,True
OP-02665,Copperline Foods,kara.davis@example.org,U-1003,proposal,54067.67,2025-06-13,2024-10-21,Partner Referral,54067.67,2025-06-13,2024-10-21,Proposal,True
OP-D0136,Copperline Foods,not-an-email,U-1027,New Lead,149938.36,2026-03-30,2025-09-29,Bulk Import,149938.36,2026-03-30,2025-09-29,Prospecting,False
OP-03768,Pinnacle Travel,maya.davis@gmail.com,U-1019,,"USD 52,830.24",2024-07-09,2024-06-15,Bulk Import,52830.24,2024-07-09,2024-06-15,,True
OP-01438,Xenon Robotics,chris.miller@example.org,U-1017,prospecting,,2026-01-22,2025-11-30,Partner Referral,,2026-01-22,2025-11-30,Prospecting,True
OP-02114,Vertex Capital,kara.miller@gmail.com,U-1016,Closed Won,238981.64,2025-11-26,2025-10-04,Outbound SDR,238981.64,2025-11-26,2025-10-04,Closed Won,True
OP-02798,Larkspur Labs,chris.kim@company.com,U-1036,closed won,161692.12,2025-10-06,2025-09-24,Inbound Call,161692.12,2025-10-06,2025-09-24,Closed Won,True
OP-01792,Yellowpine Lumber,maya.patel@yahoo.com,U-1012,Prospect,100530.60,2024-10-15,2024-06-05,Partner Referral,100530.6,2024-10-15,2024-06-05,Prospecting,True
OP-04336,Juniper Retail,dev.brown@company.com,U-1013,Lost,106470.00,2025-12-24,2025-06-09,Inbound Call,106470.0,2025-12-24,2025-06-09,Closed Lost,True
OP-02522,Northgate Auto,liam.kim@gmail.com,U-1003,Proposal Sent,6910.47,2024-08-05,2024-01-09,Bulk Import,6910.47,2024-08-05,2024-01-09,Proposal,True
OP-02591,Juniper Retail,aisha.davis@yahoo.com,U-1037,qualification,"$181,528",2024-07-12,2024-05-13,Inbound Call,181528.0,2024-07-12,2024-05-13,Qualification,True
OP-00834,Granite Ridge Co,ben.lee@outlook.com,U-1013,,,2025-08-13,2025-04-23,Inbound Call,,2025-08-13,2025-04-23,,True
OP-03245,Tidewater Marine,zoe.johnson@company.com,U-1023,Quote Sent,210294.95,2026-11-03,2026-03-19,Trade Show,210294.95,2026-11-03,2026-03-19,Proposal,True
OP-01726,Silverline SaaS,maya.lee@gmail.com,U-1019,Discovery,109408.67,2025-07-18,2025-02-25,Bulk Import,109408.67,2025-07-18,2025-02-25,Qualification,True
OP-04591,,dev.kim@gmail.com,U-1036,Quote Sent,180366.32,2025-01-17,2024-07-19,Trade Show,180366.32,2025-01-17,2024-07-19,Proposal,True
OP-00642,,ethan.patel@example.org,U-1038,Qualified,70147.11,2025-06-20,2025-01-18,Outbound SDR,70147.11,2025-06-20,2025-01-18,Qualification,True
OP-00903,Umbra Defense,kara.miller@example.org,U-1026,Closed Lost,82804.01,2025-10-12,2025-08-19,Inbound Call,82804.01,2025-10-12,2025-08-19,Closed Lost,True
OP-01332,Willow Creek Farms,ethan.miller@outlook.com,U-1001,prospecting,26603.77,2026-03-03,2025-09-24,Partner Referral,26603.77,2026-03-03,2025-09-24,Prospecting,True
OP-03093,Northgate Auto,aisha.brown@outlook.com,U-1039,PROSPECTING,"$177,486.94",2025-02-08,2024-11-17,Web Form,177486.94,2025-02-08,2024-11-17,Prospecting,True
OP-D0116,Northgate Auto,liam.leecompany.com,U-1005,Quote Sent,40652.82,2026-03-29,2025-10-09,Partner Referral,40652.82,2026-03-29,2025-10-09,Proposal,False
OP-02305,Vertex Capital,priya.brown@example.org,U-1033,proposal,155838.52,2025-01-19,2024-12-02,Partner Referral,155838.52,2025-01-19,2024-12-02,Proposal,True
OP-04429,DeltaWave Media,sofia.nguyen@yahoo.com,U-1006,Closed Won,220122.15,2026-10-21,2026-06-19,Outbound SDR,220122.15,2026-10-21,2026-06-19,Closed Won,True
OP-01763,BluePeak Logistics,lena.thomas@yahoo.com,U-1030,Won,"USD 142,344.20",2025-05-24,2025-01-07,Web Form,142344.2,2025-05-24,2025-01-07,Closed Won,True
OP-04062,Copperline Foods,raj.johnson@yahoo.com,U-1023,New Lead,243056.30,2026-11-14,2026-04-28,Partner Referral,243056.3,2026-11-14,2026-04-28,Prospecting,True
OP-00883,Keystone Energy,dev.moore@yahoo.com,U-1018,Closed-Lost,166253.77,2026-04-12,2026-03-28,Trade Show,166253.77,2026-04-12,2026-03-28,Closed Lost,True
OP-04488,Pinnacle Travel,chris.miller@gmail.com,U-1027,Qualified,61691.26,2024-05-18,2024-04-20,Trade Show,61691.26,2024-05-18,2024-04-20,Qualification,True
OP-01244,Juniper Retail,zoe.thomas@outlook.com,U-1029,proposal,"$193,817.29",2024-11-08,2024-09-08,Outbound SDR,193817.29,2024-11-08,2024-09-08,Proposal,True
OP-D0195,Yellowpine Lumber,zoe.nguyen@gmail.com,U-1037,qualification,70046.76,2025-02-07,2024-06-22,Trade Show,70046.76,2025-02-07,2024-06-22,Qualification,True
OP-03154,Zephyr Airlines,marcus.johnson@gmail.com,U-1033,Proposal,237404.27,2026-05-22,2025-12-27,Trade Show,237404.27,2026-05-22,2025-12-27,Proposal,True
OP-02615,Pinnacle Travel,owen.brown@example.org,U-1032,proposal,"153,464.51 $",2026-08-13,2026-04-22,Inbound Call,153464.51,2026-08-13,2026-04-22,Proposal,True
OP-00802,Meridian Freight,ethan.kim@outlook.com,U-1037,qualification,73043.96,2025-10-25,2025-08-25,Outbound SDR,73043.96,2025-10-25,2025-08-25,Qualification,True
OP-00978,Juniper Retail,nina.thomas@yahoo.com,U-1025,Qualifcation,84830.14,2025-04-02,2025-02-19,Partner Referral,84830.14,2025-04-02,2025-02-19,Qualification,True
OP-02486,Tidewater Marine,tom.smith@yahoo.com,U-1014,qualification,"USD 50,687.65",2024-09-23,2024-05-18,Inbound Call,50687.65,2024-09-23,2024-05-18,Qualification,True
OP-00481,Ironclad Security,maya.kim@yahoo.com,U-1009,New Lead,102881.75,2024-09-27,2024-05-07,Inbound Call,102881.75,2024-09-27,2024-05-07,Prospecting,True
OP-00143,Keystone Energy,noah.garcia@company.com,U-1017,Qualifcation,238194.54,2026-03-12,2025-12-21,Trade Show,238194.54,2026-03-12,2025-12-21,Qualification,True
OP-04067,Yellowpine Lumber,ella.wilson@example.org,U-1013,Proposal,44516.45,2026-02-18,2025-10-06,Bulk Import,44516.45,2026-02-18,2025-10-06,Proposal,True
OP-02901,Larkspur Labs,owen.moore@example.org,U-1039,PROSPECTING,223257.83,2024-09-23,2024-08-26,Bulk Import,223257.83,2024-09-23,2024-08-26,Prospecting,True
OP-01900,Willow Creek Farms,kara.kim@example.org,U-1019,Discovery,85844.93,,2026-03-11,Partner Referral,85844.93,,2026-03-11,Qualification,True
OP-D0159,BluePeak Logistics,sofia.wilson@gmail.com,U-1035,ClosedWon,"$27,048.19",2026-08-18,2026-06-27,Partner Referral,27048.19,2026-08-18,2026-06-27,Closed Won,True
OP-00171,Vertex Capital,maya.kim@yahoo.com,U-1000,CLOSED WON,4826.11,2026-04-27,2025-10-16,Web Form,4826.11,2026-04-27,2025-10-16,Closed Won,True
OP-00756,Granite Ridge Co,ethan.smith@gmail.com,U-1015,Proposal,220312.06,2024-10-19,2024-05-03,Outbound SDR,220312.06,2024-10-19,2024-05-03,Proposal,True
OP-02701,DeltaWave Media,kara.miller@yahoo.com,U-1005,Prospect,211776.00,2025-04-01,2025-03-14,Web Form,211776.0,2025-04-01,2025-03-14,Prospecting,True
OP-04169,Zephyr Airlines,owen.kim@gmail.com,U-1003,Proposal Sent,200095.73,2026-01-24,2025-11-04,Trade Show,200095.73,2026-01-24,2025-11-04,Proposal,True
OP-04554,Tidewater Marine,priya.moore@example.org,U-1003,Closed-Lost,170642.38,2024-07-25,2024-03-26,Trade Show,170642.38,2024-07-25,2024-03-26,Closed Lost,True
OP-01074,Harborline Bank,liam.smith@outlook.com,U-1022,Lost,197499.09,2024-02-29,2024-01-15,Trade Show,197499.09,2024-02-29,2024-01-15,Closed Lost,True
OP-03414,Xenon Robotics,,U-1012,Prospect,"$24,708.10",2026-01-15,2025-06-03,Outbound SDR,24708.1,2026-01-15,2025-06-03,Prospecting,
OP-03102,Ironclad Security,owen.wilson@yahoo.com,U-1028,Qualifcation,47043.62,2026-02-09,2025-09-15,Bulk Import,47043.62,2026-02-09,2025-09-15,Qualification,True
OP-03289,Acme Industrial,ava.kim@example.org,U-1029,Qualification,40447.64,2026-10-15,2026-04-12,Trade Show,40447.64,2026-10-15,2026-04-12,Qualification,True
OP-01522,Quartzline Telecom,sofia.nguyen@gmail.com,U-1037,Proposal Sent,133863.60,2027-01-30,2026-06-26,Trade Show,133863.6,2027-01-30,2026-06-26,Proposal,True
OP-01432,Redwood Outdoors,aisha.brown@company.com,U-1016,closed lost,53754.36,,2025-09-11,Trade Show,53754.36,,2025-09-11,Closed Lost,True
OP-01000,Meridian Freight,noah.brown@company.com,U-9999,Prospecting,200761.69,2025-03-25,2025-02-05,Partner Referral,200761.69,2025-03-25,2025-02-05,Prospecting,True
OP-00989,Northgate Auto,ella.brown@company.com,U-1008,prospecting,221826.82,2025-08-16,2025-06-06,Bulk Import,221826.82,2025-08-16,2025-06-06,Prospecting,True
OP-00740,Ironclad Security,ethan.lee@gmail.com,U-1006,Qualified,109348.35,2024-10-15,2024-08-21,Web Form,109348.35,2024-10-15,2024-08-21,Qualification,True
OP-01484,Acme Industrial,kara.johnson@example.org,U-1029,Closed Won,167243.33,2026-09-08,2026-05-01,Outbound SDR,167243.33,2026-09-08,2026-05-01,Closed Won,True
OP-03651,Granite Ridge Co,chris.davis@outlook.com,U-1015,,233179.72,2025-02-10,2024-06-16,Trade Show,233179.72,2025-02-10,2024-06-16,,True
OP-04205,,noah.kim@outlook.com,U-1025,Prospecting,"$27,230.32",2025-05-13,2024-11-17,Partner Referral,27230.32,2025-05-13,2024-11-17,Prospecting,True
OP-03867,Keystone Energy,maya.miller@outlook.com,U-1029,Quote Sent,52976.69,2025-12-16,2025-05-10,Web Form,52976.69,2025-12-16,2025-05-10,Proposal,True
OP-01017,Harborline Bank,raj.smith@company.com,U-1003,prospecting,,2026-06-16,2026-03-11,Bulk Import,,2026-06-16,2026-03-11,Prospecting,True
OP-00209,Zephyr Airlines,sofia.davis@gmail.com,inactive_user,Qualification,231768.23,2026-09-29,2026-03-28,Inbound Call,231768.23,2026-09-29,2026-03-28,Qualification,True
OP-04112,ForgePoint Systems,liam.johnson@example.org,U-1026,Prospecting,134201.88,2024-04-05,2024-01-01,Web Form,134201.88,2024-04-05,2024-01-01,Prospecting,True
OP-D0111,Willow Creek Farms,ben.nguyen@yahoo.com,U-1004,PROSPECTING,156855.32,2026-03-30,2026-01-23,Outbound SDR,156855.32,2026-03-30,2026-01-23,Prospecting,True
OP-03514,Zephyr Airlines,nina.smith@gmail.com,U-1003,closed won,"$38,754",2024-06-30,2024-06-20,Outbound SDR,38754.0,2024-06-30,2024-06-20,Closed Won,True
OP-02316,Pinnacle Travel,sofia.miller@gmail.com,U-1009,Prospecting,"$85,715.47",2025-07-29,2025-05-06,Inbound Call,85715.47,2025-07-29,2025-05-06,Prospecting,True
OP-03664,Xenon Robotics,noah.nguyen@yahoo.com,U-1000,Quote Sent,"USD 37,596.50",2024-11-16,2024-06-06,Bulk Import,37596.5,2024-11-16,2024-06-06,Proposal,True
OP-D0100,,priya.nguyen@gmail.com,U-1004,Closed-Won,84100.11,2025-01-01,2024-11-05,Inbound Call,84100.11,2025-01-01,2024-11-05,Closed Won,True
OP-03805,Redwood Outdoors,ava.miller@yahoo.com,U-1015,proposal,57534.57,2025-09-13,2025-08-05,Partner Referral,57534.57,2025-09-13,2025-08-05,Proposal,True
OP-00966,Tidewater Marine,,U-1011,Prospecting,34909.86,,2024-08-30,Outbound SDR,34909.86,,2024-08-30,Prospecting,
OP-04425,Quartzline Telecom,maya.davis@company.com,U-1024,prospecting,62368.06,2027-01-25,2026-06-10,Inbound Call,62368.06,2027-01-25,2026-06-10,Prospecting,True
OP-01005,Onyx Pharma,owen.patel@outlook.com,U-1002,Qualification,92438.29,2025-03-01,2024-07-10,Trade Show,92438.29,2025-03-01,2024-07-10,Qualification,True
OP-01411,Zephyr Airlines,noah.kim@outlook.com,U-1014,ClosedWon,75951.19,2025-08-04,2025-04-13,Web Form,75951.19,2025-08-04,2025-04-13,Closed Won,True
OP-01625,Quartzline Telecom,sofia.patel@example.org,U-1031,Qualifcation,"$47,094.11",2025-02-16,2024-08-26,Trade Show,47094.11,2025-02-16,2024-08-26,Qualification,True
OP-00749,Quartzline Telecom,priya.lee@outlook.com,U-1016,ClosedWon,40436.03,2025-08-20,2025-03-02,Inbound Call,40436.03,2025-08-20,2025-03-02,Closed Won,True
OP-02991,Vertex Capital,dev.smith@gmail.com,U-1016,,17814.07,2026-07-03,2026-03-28,Web Form,17814.07,2026-07-03,2026-03-28,,True
OP-03339,BluePeak Logistics,priya.brown@company.com,U-1016,proposal,203190.03,,2026-08-03,Web Form,203190.03,,2026-08-03,Proposal,True
OP-00940,Redwood Outdoors,nina.patel@example.org,U-1019,ClosedLost,100165.24,2026-04-25,2025-09-24,Trade Show,100165.24,2026-04-25,2025-09-24,Closed Lost,True
OP-00444,Granite Ridge Co,nina.brown@yahoo.com,U-1012,Qualification,160438.92,,2025-06-02,Outbound SDR,160438.92,,2025-06-02,Qualification,True
OP-00195,Larkspur Labs,tom.kim@outlook.com,U-9999,Qualification,137938.41,2026-04-11,2025-12-21,Web Form,137938.41,2026-04-11,2025-12-21,Qualification,True
OP-01154,Keystone Energy,raj.miller@outlook.com,U-1033,Qualified,"$120,020.22",2025-02-10,2024-08-01,Outbound SDR,120020.22,2025-02-10,2024-08-01,Qualification,True
OP-02874,Juniper Retail,kara.brown@example.org,U-1017,Closed Lost,128948.39,2026-07-15,2026-02-25,Partner Referral,128948.39,2026-07-15,2026-02-25,Closed Lost,True
OP-00556,Tidewater Marine,not-an-email,U-1022,Discovery,"182,597.45 $",,2025-05-10,Outbound SDR,182597.45,,2025-05-10,Qualification,False
OP-00839,Harborline Bank,aisha.thomas@example.org,U-1037,New Lead,179003.13,2026-07-20,2025-12-17,Partner Referral,179003.13,2026-07-20,2025-12-17,Prospecting,True
OP-04274,Zephyr Airlines,noah.brown@gmail.com,U-1015,Prospect,140294.87,2026-03-10,2025-08-07,Outbound SDR,140294.87,2026-03-10,2025-08-07,Prospecting,True
OP-01805,Quartzline Telecom,zoe.thomas@company.com,U-1030,Proposal,221899.71,2025-06-28,2025-01-29,Trade Show,221899.71,2025-06-28,2025-01-29,Proposal,True
OP-03192,Quartzline Telecom,ben.wilson@outlook.com,U-0000,Prospect,80709.53,,2025-08-10,Bulk Import,80709.53,,2025-08-10,Prospecting,True
OP-00590,Yellowpine Lumber,kara.smith@outlook.com,U-1005,ClosedWon,87325.08,2026-06-15,2026-01-29,Web Form,87325.08,2026-06-15,2026-01-29,Closed Won,True
OP-01551,Quartzline Telecom,ella.wilson@gmail.com,U-1015,New Lead,"USD 53,366.76",2025-10-23,2025-05-27,Bulk Import,53366.76,2025-10-23,2025-05-27,Prospecting,True
OP-03794,Juniper Retail,ben.lee@gmail.com,U-1006,Qualification,"4,599.98 $",2027-02-27,2026-08-13,Inbound Call,4599.98,2027-02-27,2026-08-13,Qualification,True
OP-03059,Yellowpine Lumber,dev.smith@example.org,U-1005,CLOSED WON,"USD 192,594.47",,2025-05-24,Web Form,192594.47,,2025-05-24,Closed Won,True
OP-03357,Onyx Pharma,liam.johnson@example.org,U-1030,Qualifcation,227499.46,2024-08-18,2024-04-23,Web Form,227499.46,2024-08-18,2024-04-23,Qualification,True
OP-01608,Xenon Robotics,owen.smith@company.com,U-1006,Negotiation,222254.30,2024-04-22,2024-03-13,Trade Show,222254.3,2024-04-22,2024-03-13,Proposal,True
OP-01583,Acme Industrial,aisha.anderson@yahoo.com,U-1024,Negotiation,36703.05,2024-08-15,2024-02-18,Bulk Import,36703.05,2024-08-15,2024-02-18,Proposal,True
OP-01120,Zephyr Airlines,dev.smith@gmail.com,U-1036,Quote Sent,114452.38,2025-05-10,2024-10-25,Bulk Import,114452.38,2025-05-10,2024-10-25,Proposal,True
OP-02238,Northgate Auto,priya.davis@outlook.com,U-1022,qualification,144341.64,2026-03-27,2025-10-23,Trade Show,144341.64,2026-03-27,2025-10-23,Qualification,True
OP-01814,Xenon Robotics,kara.smith@yahoo.com,U-1004,Lost,138365.07,2026-12-23,2026-05-15,Web Form,138365.07,2026-12-23,2026-05-15,Closed Lost,True
OP-04435,Keystone Energy,marcus.thomas@yahoo.com,U-1034,qualification,164423.53,2026-02-25,2025-07-07,Outbound SDR,164423.53,2026-02-25,2025-07-07,Qualification,True
OP-03858,Zephyr Airlines,chris.thomas@outlook.com,U-1027,Qualifcation,33100.12,2026-11-16,2026-04-04,Web Form,33100.12,2026-11-16,2026-04-04,Qualification,True
OP-02961,DeltaWave Media,ethan.anderson,U-1032,Closed-Won,2644.75,2024-10-07,2024-05-23,Inbound Call,2644.75,2024-10-07,2024-05-23,Closed Won,False
OP-01044,BluePeak Logistics,lena.anderson@company.com,U-1001,prospecting,184209.60,2024-11-14,2024-03-21,Inbound Call,184209.6,2024-11-14,2024-03-21,Prospecting,True
OP-01448,Larkspur Labs,aisha.taylor@yahoo.com,U-1027,PROSPECTING,181143.17,2026-05-29,2026-01-13,Partner Referral,181143.17,2026-05-29,2026-01-13,Prospecting,True
OP-00038,BluePeak Logistics,liam.garcia@outlook.com,U-1019,Qualification,101375.45,2025-04-30,2024-09-15,Web Form,101375.45,2025-04-30,2024-09-15,Qualification,True
OP-04551,Everline Health,tom.patel@example.org,U-1033,Qualification,107617.85,2026-08-16,2026-01-27,Bulk Import,107617.85,2026-08-16,2026-01-27,Qualification,True
OP-00638,Willow Creek Farms,liam.lee@yahoo.com,U-1031,New Lead,182451.93,2025-11-08,2025-08-27,Outbound SDR,182451.93,2025-11-08,2025-08-27,Prospecting,True
OP-04130,Harborline Bank,aisha.taylor@yahoo.com,U-1034,Qualified,"$106,743.33",2025-02-23,2025-02-16,Outbound SDR,106743.33,2025-02-23,2025-02-16,Qualification,True
OP-03165,Xenon Robotics,dev.moore@example.org,U-1011,Prospect,201675.62,2025-03-06,2024-08-13,Web Form,201675.62,2025-03-06,2024-08-13,Prospecting,True
OP-03055,,owen.smith@gmail.com,U-1002,prospecting,"$82,086",2025-03-23,2024-09-26,Bulk Import,82086.0,2025-03-23,2024-09-26,Prospecting,True
OP-01840,Pinnacle Travel,lena.brown@company.com,U-1039,Prospect,"USD 63,037.78",2026-12-19,2026-05-06,Partner Referral,63037.78,2026-12-19,2026-05-06,Prospecting,True
OP-03264,Larkspur Labs,ethan.patel@example.org,U-1017,Negotiation,157844.24,2026-11-22,2026-04-04,Partner Referral,157844.24,2026-11-22,2026-04-04,Proposal,True
OP-01218,Silverline SaaS,nina.smith@outlook.com,U-1011,prospecting,129877.83,2026-03-13,2025-09-03,Partner Referral,129877.83,2026-03-13,2025-09-03,Prospecting,True
OP-00801,Juniper Retail,sofia.thomas@gmail.com,U-1027,Prospect,237225.92,2024-06-01,2024-03-24,Inbound Call,237225.92,2024-06-01,2024-03-24,Prospecting,True
OP-02762,Juniper Retail,sofia.smith@outlook.com,U-1020,prospecting,235632.37,2024-06-09,2024-05-29,Inbound Call,235632.37,2024-06-09,2024-05-29,Prospecting,True
OP-00956,Everline Health,ella.taylor@example.org,U-1027,ClosedLost,165945.48,2025-11-03,2025-07-03,Bulk Import,165945.48,2025-11-03,2025-07-03,Closed Lost,True
OP-01834,Granite Ridge Co,maya.johnson@yahoo.com,U-1002,Qualifcation,63413.50,2025-04-25,2024-11-05,Bulk Import,63413.5,2025-04-25,2024-11-05,Qualification,True
OP-02300,Xenon Robotics,noah.wilson@outlook.com,U-1014,Qualifcation,223274.99,2024-11-28,2024-09-24,Partner Referral,223274.99,2024-11-28,2024-09-24,Qualification,True
OP-00897,Everline Health,maya.nguyen@gmail.com,U-1030,Closed Won,200229.40,2026-06-08,2025-10-20,Web Form,200229.4,2026-06-08,2025-10-20,Closed Won,True
OP-02748,,zoe.johnson@company.com,U-1006,New Lead,134502.89,2026-12-23,2026-05-11,Bulk Import,134502.89,2026-12-23,2026-05-11,Prospecting,True
OP-01843,Zephyr Airlines,ben.johnson@company.com,U-1006,Qualified,174767.32,2026-08-25,2026-08-01,Trade Show,174767.32,2026-08-25,2026-08-01,Qualification,True
OP-04692,Xenon Robotics,owen.johnson@example.org,U-1004,Proposal Sent,150802.73,2026-01-02,2025-12-01,Bulk Import,150802.73,2026-01-02,2025-12-01,Proposal,True
OP-01600,Xenon Robotics,chris.patel@outlook.com,U-1026,PROSPECTING,,2025-05-02,2024-12-05,Trade Show,,2025-05-02,2024-12-05,Prospecting,True
OP-02756,Northgate Auto,dev.lee@company.com,U-1023,qualification,153497.53,2025-08-05,2025-01-12,Outbound SDR,153497.53,2025-08-05,2025-01-12,Qualification,True
OP-00594,Redwood Outdoors,ava.moore@outlook.com,U-1008,proposal,217625.78,2026-05-05,2025-12-29,Bulk Import,217625.78,2026-05-05,2025-12-29,Proposal,True
OP-02868,Harborline Bank,aisha.miller@gmail.com,U-1017,Negotiation,"$242,973.45",2026-10-01,2026-06-30,Web Form,242973.45,2026-10-01,2026-06-30,Proposal,True
OP-03007,Redwood Outdoors,chris.kim@company.com,U-1025,Qualified,"$150,445.16",2026-06-18,2026-06-06,Partner Referral,150445.16,2026-06-18,2026-06-06,Qualification,True
OP-01343,Ironclad Security,ella.kim@company.com,U-1026,prospecting,123274.22,2025-02-22,2024-11-19,Partner Referral,123274.22,2025-02-22,2024-11-19,Prospecting,True
OP-00643,Ironclad Security,ava.moore@yahoo.com,U-1039,ClosedWon,80903.53,2025-09-25,2025-04-18,Partner Referral,80903.53,2025-09-25,2025-04-18,Closed Won,True
OP-03914,Redwood Outdoors,marcus.johnson@outlook.com,U-1033,Proposal,111917.01,2026-01-12,2025-05-30,Bulk Import,111917.01,2026-01-12,2025-05-30,Proposal,True
OP-04151,Keystone Energy,ava.lee@yahoo.com,U-1036,Qualification,31515.23,2025-03-16,2024-11-09,Trade Show,31515.23,2025-03-16,2024-11-09,Qualification,True
OP-00428,Tidewater Marine,ella.garcia@gmail.com,U-1004,Qualifcation,202203.28,,2024-08-06,Partner Referral,202203.28,,2024-08-06,Qualification,True
OP-00424,Tidewater Marine,,U-1001,Quote Sent,97212.17,2026-09-08,2026-03-17,Outbound SDR,97212.17,2026-09-08,2026-03-17,Proposal,
OP-01835,Silverline SaaS,dev.patel@outlook.com,U-1006,Qualifcation,247969.21,2026-08-01,2025-12-19,Outbound SDR,247969.21,2026-08-01,2025-12-19,Qualification,True
OP-00030,Ironclad Security,liam.kim@outlook.com,U-1002,,118636.10,2026-09-16,2026-02-09,Web Form,118636.1,2026-09-16,2026-02-09,,True
OP-04491,Northgate Auto,kara.wilson@gmail.com,U-1036,Prospect,"$170,199.70",2027-03-29,2026-08-11,Web Form,170199.7,2027-03-29,2026-08-11,Prospecting,True
OP-03480,Pinnacle Travel,tom.smith@yahoo.com,U-1015,Proposal,"$88,978",2024-03-16,2024-01-13,Trade Show,88978.0,2024-03-16,2024-01-13,Proposal,True
OP-04497,Acme Industrial,liam.garcia@yahoo.com,U-1012,CLOSED WON,163033.66,2024-05-27,2024-05-06,Trade Show,163033.66,2024-05-27,2024-05-06,Closed Won,True
OP-04456,Keystone Energy,ben.johnson@company.com,U-1038,Closed-Won,"$98,998.38",2025-04-07,2025-01-26,Outbound SDR,98998.38,2025-04-07,2025-01-26,Closed Won,True
OP-00994,Yellowpine Lumber,ella.miller@outlook.com,U-1037,Discovery,"$214,803.87",2025-02-18,2024-12-13,Outbound SDR,214803.87,2025-02-18,2024-12-13,Qualification,True
OP-02580,Umbra Defense,kara.taylor@gmail.com,U-1039,ClosedLost,169134.15,,2024-02-27,Partner Referral,169134.15,,2024-02-27,Closed Lost,True
OP-02131,Onyx Pharma,sofia.miller@gmail.com,U-1005,Discovery,134093.04,2024-12-18,2024-08-29,Outbound SDR,134093.04,2024-12-18,2024-08-29,Qualification,True
OP-00214,Pinnacle Travel,noah.garcia@example.org,U-1004,Closed-Won,81437.56,2024-05-06,2024-02-14,Inbound Call,81437.56,2024-05-06,2024-02-14,Closed Won,True
OP-01822,Larkspur Labs,zoe.moore@yahoo.com,U-1023,closed won,232162.95,,2025-12-22,Outbound SDR,232162.95,,2025-12-22,Closed Won,True
OP-03493,,ava.nguyen@yahoo.com,U-1002,New Lead,"USD 244,696.49",2024-07-04,2024-02-10,Outbound SDR,244696.49,2024-07-04,2024-02-10,Prospecting,True
OP-00761,Zephyr Airlines,chris.thomas@gmail.com,U-1034,Closed-Lost,206522.01,2025-09-21,2025-08-10,Web Form,206522.01,2025-09-21,2025-08-10,Closed Lost,True
OP-00348,ForgePoint Systems,ben.miller@example.org,U-1035,prospecting,208230.24,2024-06-15,2024-04-14,Trade Show,208230.24,2024-06-15,2024-04-14,Prospecting,True
OP-01063,Onyx Pharma,priya.thomas@example.org,U-1024,Closed-Lost,"$45,972.98",2026-06-11,2026-02-13,Trade Show,45972.98,2026-06-11,2026-02-13,Closed Lost,True
OP-02575,BluePeak Logistics,noah.moore@outlook.com,U-1016,ClosedLost,,2024-01-19,2024-01-03,Bulk Import,,2024-01-19,2024-01-03,Closed Lost,True
OP-00863,DeltaWave Media,liam.davis@@yahoo.com,U-1004,,173394.73,2024-03-28,2024-02-24,Partner Referral,173394.73,2024-03-28,2024-02-24,,False
OP-04250,DeltaWave Media,ben.anderson@yahoo.com,U-1020,closed lost,"$200,249",2026-05-20,2026-03-11,Inbound Call,200249.0,2026-05-20,2026-03-11,Closed Lost,True
OP-03927,Harborline Bank,zoe.davis@company.com,U-1021,New Lead,90018.13,2025-05-07,2024-11-15,Inbound Call,90018.13,2025-05-07,2024-11-15,Prospecting,True
OP-02273,DeltaWave Media,owen.nguyen@gmail.com,U-1000,Negotiation,120772.93,2025-10-29,2025-06-30,Partner Referral,120772.93,2025-10-29,2025-06-30,Proposal,True
OP-03676,Larkspur Labs,lena.moore@outlook.com,U-1028,Closed Won,"$215,639",2024-03-21,2024-02-04,Trade Show,215639.0,2024-03-21,2024-02-04,Closed Won,True
OP-03591,Acme Industrial,priya.kim@gmail.com,U-1015,closed lost,146299.58,2024-10-23,2024-05-11,Inbound Call,146299.58,2024-10-23,2024-05-11,Closed Lost,True
OP-02005,Granite Ridge Co,raj.brown@example.org,U-1037,Qualifcation,232914.36,2024-08-19,2024-07-10,Inbound Call,232914.36,2024-08-19,2024-07-10,Qualification,True
OP-03710,Pinnacle Travel,tom.anderson@outlook.com,U-1002,CLOSED WON,142284.41,2026-12-14,2026-06-29,Inbound Call,142284.41,2026-12-14,2026-06-29,Closed Won,True
OP-03811,Tidewater Marine,owen.anderson@gmail.com,U-1024,Qualifcation,"$150,985.28",2025-01-31,2024-08-15,Outbound SDR,150985.28,2025-01-31,2024-08-15,Qualification,True
OP-01725,Xenon Robotics,kara.johnson@outlook.com,U-1023,Won,75210.50,2027-01-15,2026-07-25,Web Form,75210.5,2027-01-15,2026-07-25,Closed Won,True
OP-03423,Granite Ridge Co,owen.thomas@yahoo.com,U-1035,ClosedLost,106571.11,2026-05-20,2026-02-21,Web Form,106571.11,2026-05-20,2026-02-21,Closed Lost,True
OP-00061,Juniper Retail,chris.wilson@gmail.com,U-1028,Closed Lost,249649.52,2025-10-02,2025-04-14,Web Form,249649.52,2025-10-02,2025-04-14,Closed Lost,True
OP-04289,DeltaWave Media,noah.miller@example.org,U-1010,Qualified,206151.02,2025-06-13,2025-04-29,Partner Referral,206151.02,2025-06-13,2025-04-29,Qualification,True
OP-01328,Everline Health,ella.miller@example.org,U-1039,Negotiation,71527.52,2025-03-05,2025-01-01,Outbound SDR,71527.52,2025-03-05,2025-01-01,Proposal,True
OP-00562,DeltaWave Media,raj.lee@yahoo.com,U-1026,,"126,946.16 $",2024-10-09,2024-05-21,Outbound SDR,126946.16,2024-10-09,2024-05-21,,True
OP-04048,Larkspur Labs,chris.davis@yahoo.com,U-1027,Quote Sent,7374.52,2024-03-22,2024-02-14,Outbound SDR,7374.52,2024-03-22,2024-02-14,Proposal,True
OP-03275,Tidewater Marine,aisha.wilson@company.com,U-1015,CLOSED WON,25809.12,2024-11-20,2024-06-04,Web Form,25809.12,2024-11-20,2024-06-04,Closed Won,True
OP-03849,Keystone Energy,liam.anderson@outlook.com,U-8888,PROSPECTING,175479.75,2025-12-29,2025-11-26,Web Form,175479.75,2025-12-29,2025-11-26,Prospecting,True
OP-01742,Pinnacle Travel,noah.brown@example.org,U-1005,Qualifcation,13192.84,2026-03-18,2025-08-28,Inbound Call,13192.84,2026-03-18,2025-08-28,Qualification,True
OP-02760,Xenon Robotics,maya.johnson@yahoo.com,U-1005,Proposal Sent,"$117,380.22",2025-10-30,2025-05-18,Outbound SDR,117380.22,2025-10-30,2025-05-18,Proposal,True
OP-00169,Juniper Retail,sofia.garcia@example.org,U-1039,Lost,"$198,377",2025-01-06,2024-11-26,Partner Referral,198377.0,2025-01-06,2024-11-26,Closed Lost,True
OP-00225,Willow Creek Farms,ethan.brown@company.com,U-1004,ClosedWon,67302.39,2025-12-03,2025-06-17,Bulk Import,67302.39,2025-12-03,2025-06-17,Closed Won,True
OP-03316,Meridian Freight,ben.lee@yahoo.com,U-1006,New Lead,"USD 93,872.42",2025-10-01,2025-02-11,Inbound Call,93872.42,2025-10-01,2025-02-11,Prospecting,True
OP-00205,ForgePoint Systems,dev.thomas@yahoo.com,U-1024,prospecting,27681.38,2026-05-13,2025-12-09,Outbound SDR,27681.38,2026-05-13,2025-12-09,Prospecting,True
OP-02156,Silverline SaaS,lena.kim@gmail.com,U-1036,ClosedWon,"$146,921.47",2025-05-12,2024-12-29,Trade Show,146921.47,2025-05-12,2024-12-29,Closed Won,True
OP-02230,Xenon Robotics,ella.anderson@company.com,U-1021,Qualifcation,177960.65,2025-09-29,2025-07-16,Trade Show,177960.65,2025-09-29,2025-07-16,Qualification,True
OP-04302,Pinnacle Travel,tom.garcia@yahoo.com,U-1012,,126064.35,2026-09-07,2026-01-12,Partner Referral,126064.35,2026-09-07,2026-01-12,,True
OP-01548,DeltaWave Media,zoe.patel@company.com,U-1027,qualification,45072.06,2026-10-19,2026-07-04,Web Form,45072.06,2026-10-19,2026-07-04,Qualification,True
OP-00178,Tidewater Marine,ben.kim@yahoo.com,U-1000,Closed Lost,23582.81,2024-12-18,2024-09-21,Trade Show,23582.81,2024-12-18,2024-09-21,Closed Lost,True
OP-02068,Vertex Capital,noah.brown@yahoo.com,U-1011,Prospect,238316.12,2025-11-07,2025-04-09,Inbound Call,238316.12,2025-11-07,2025-04-09,Prospecting,True
OP-00900,Tidewater Marine,chris.patel@company.com,U-1035,Qualification,221599.57,2024-04-26,2024-04-04,Outbound SDR,221599.57,2024-04-26,2024-04-04,Qualification,True
OP-03100,Quartzline Telecom,ella.davis@yahoo.com,U-1023,PROSPECTING,47895.43,2026-02-09,2025-11-17,Trade Show,47895.43,2026-02-09,2025-11-17,Prospecting,True
OP-02780,Xenon Robotics,aisha.patel@example.org,U-1012,New Lead,"$151,700.95",2026-01-15,2025-10-08,Inbound Call,151700.95,2026-01-15,2025-10-08,Prospecting,True
OP-03227,Northgate Auto,zoe.nguyen@company.com,U-1037,Quote Sent,170101.23,2026-11-05,2026-05-22,Trade Show,170101.23,2026-11-05,2026-05-22,Proposal,True
OP-04478,Larkspur Labs,tom.anderson@outlook.com,U-1016,Discovery,109074.86,,2025-03-05,Outbound SDR,109074.86,,2025-03-05,Qualification,True
OP-02802,ForgePoint Systems,ella.thomas@example.org,U-1034,qualification,201174.18,2025-10-09,2025-06-11,Web Form,201174.18,2025-10-09,2025-06-11,Qualification,True
OP-04358,Quartzline Telecom,ella.garcia@outlook.com,U-1000,Proposal Sent,15410.44,2025-11-04,2025-08-22,Outbound SDR,15410.44,2025-11-04,2025-08-22,Proposal,True
OP-02526,ForgePoint Systems,liam.thomas@outlook.com,U-1003,New Lead,63451.85,2025-12-25,2025-09-27,Inbound Call,63451.85,2025-12-25,2025-09-27,Prospecting,True
OP-03412,Ironclad Security,owen.thomas@company.com,U-1023,Prospecting,211090.20,2026-03-10,2025-07-21,Trade Show,211090.2,2026-03-10,2025-07-21,Prospecting,True
OP-04141,Meridian Freight,priya.smith@outlook.com,U-1027,New Lead,112811.21,2026-07-04,2026-06-04,Outbound SDR,112811.21,2026-07-04,2026-06-04,Prospecting,True
OP-03340,Zephyr Airlines,liam.nguyen@yahoo.com,U-1029,New Lead,213793.27,2026-01-11,2025-08-26,Web Form,213793.27,2026-01-11,2025-08-26,Prospecting,True
OP-00254,Pinnacle Travel,zoe.smith@yahoo.com,U-1004,Proposal,"USD 83,901.66",2025-05-20,2025-01-15,Bulk Import,83901.66,2025-05-20,2025-01-15,Proposal,True
OP-02208,DeltaWave Media,owen.davis@yahoo.com,U-1008,New Lead,203159.17,2026-07-23,2026-03-08,Trade Show,203159.17,2026-07-23,2026-03-08,Prospecting,True
OP-00496,Yellowpine Lumber,dev.kim@outlook.com,U-1013,Qualifcation,186247.14,2026-07-11,2026-06-01,Bulk Import,186247.14,2026-07-11,2026-06-01,Qualification,True
OP-00063,Larkspur Labs,chris.johnson@yahoo.com,U-1035,Closed Lost,24623.75,2024-12-04,2024-06-05,Web Form,24623.75,2024-12-04,2024-06-05,Closed Lost,True
OP-04440,Redwood Outdoors,ella.nguyen@example.org,U-1007,Prospecting,"188,004.34 $",2025-04-27,2024-09-24,Inbound Call,188004.34,2025-04-27,2024-09-24,Prospecting,True
OP-02087,Copperline Foods,,U-1028,Lost,192965.29,2025-01-07,2024-11-23,Web Form,192965.29,2025-01-07,2024-11-23,Closed Lost,
OP-00685,Granite Ridge Co,aisha.miller@outlook.com,U-1033,Proposal,"$51,271.93",,2024-05-25,Bulk Import,51271.93,,2024-05-25,Proposal,True
OP-01490,Silverline SaaS,aisha.johnson@company.com,U-1009,Discovery,76750.14,2026-10-22,2026-03-15,Bulk Import,76750.14,2026-10-22,2026-03-15,Qualification,True
OP-02911,Pinnacle Travel,ethan.moore@company.com,U-8888,Prospecting,188223.98,2025-08-12,2025-05-02,Partner Referral,188223.98,2025-08-12,2025-05-02,Prospecting,True
OP-04211,DeltaWave Media,ella.wilson@example.org,U-1001,Prospecting,,2025-03-09,2024-10-13,Trade Show,,2025-03-09,2024-10-13,Prospecting,True
OP-01123,Harborline Bank,nina.johnson@gmail.com,U-1005,Prospecting,"$181,307",2025-01-08,2024-09-12,Partner Referral,181307.0,2025-01-08,2024-09-12,Prospecting,True
OP-02443,BluePeak Logistics,noah.miller@example.org,U-1014,Closed Won,89084.45,2026-03-25,2025-11-26,Inbound Call,89084.45,2026-03-25,2025-11-26,Closed Won,True
OP-00239,Vertex Capital,ava.moore@yahoo.com,U-1005,CLOSED WON,238950.53,2026-02-22,2025-12-19,Outbound SDR,238950.53,2026-02-22,2025-12-19,Closed Won,True
OP-02599,Tidewater Marine,kara.nguyenoutlook.com,U-1021,Lost,"$44,220",2025-06-27,2025-02-25,Outbound SDR,44220.0,2025-06-27,2025-02-25,Closed Lost,False
OP-01281,Redwood Outdoors,marcus.anderson@yahoo.com,U-1024,closed won,223027.60,2024-09-02,2024-03-14,Trade Show,223027.6,2024-09-02,2024-03-14,Closed Won,True
OP-01416,Redwood Outdoors,ben.miller@example.org,U-1000,CLOSED WON,90274.65,2026-09-12,2026-05-24,Outbound SDR,90274.65,2026-09-12,2026-05-24,Closed Won,True
OP-03201,Pinnacle Travel,priya.anderson@gmail.com,U-1019,Closed-Lost,178488.80,2024-06-27,2024-06-05,Inbound Call,178488.8,2024-06-27,2024-06-05,Closed Lost,True
OP-04120,Willow Creek Farms,lena.patel@gmail.com,U-1000,Negotiation,147469.71,2025-05-10,2025-02-01,Trade Show,147469.71,2025-05-10,2025-02-01,Proposal,True
OP-03683,Willow Creek Farms,dev.anderson@gmail.com,U-1007,,115228.95,2025-10-16,2025-09-23,Bulk Import,115228.95,2025-10-16,2025-09-23,,True
OP-01904,Juniper Retail,ben.miller@yahoo.com,U-1030,Discovery,60565.22,2026-09-29,2026-08-30,Web Form,60565.22,2026-09-29,2026-08-30,Qualification,True
OP-03464,Northgate Auto,lena.moore@outlook.com,U-1022,Proposal Sent,21585.60,2025-07-13,2024-12-31,Web Form,21585.6,2025-07-13,2024-12-31,Proposal,True
OP-03771,Pinnacle Travel,kara.garcia@gmail.com,U-1008,Qualifcation,63593.94,2026-05-26,2025-10-17,Inbound Call,63593.94,2026-05-26,2025-10-17,Qualification,True
OP-01470,Pinnacle Travel,kara.miller@gmail.com,U-1001,Qualified,225832.60,2026-10-04,2026-04-30,Inbound Call,225832.6,2026-10-04,2026-04-30,Qualification,True
OP-00917,DeltaWave Media,ava.nguyen@yahoo.com,U-1003,qualification,207286.37,,2024-12-16,Web Form,207286.37,,2024-12-16,Qualification,True
OP-04487,Silverline SaaS,kara.davis@outlook.com,U-1016,Discovery,"$151,211.80",2025-09-26,2025-03-10,Outbound SDR,151211.8,2025-09-26,2025-03-10,Qualification,True
OP-04099,Silverline SaaS,owen.johnson@example.org,inactive_user,Qualification,"$12,475",2025-04-04,2024-08-26,Outbound SDR,12475.0,2025-04-04,2024-08-26,Qualification,True
OP-02502,Everline Health,zoe.wilson@yahoo.com,U-1016,Prospecting,187077.41,2026-06-20,2025-11-11,Trade Show,187077.41,2026-06-20,2025-11-11,Prospecting,True
OP-04225,Yellowpine Lumber,maya.taylor@outlook.com,U-1034,ClosedLost,15226.58,2025-09-27,2025-05-16,Partner Referral,15226.58,2025-09-27,2025-05-16,Closed Lost,True
OP-00083,Umbra Defense,sofia.anderson@outlook.com,U-1029,Proposal Sent,"$35,085.58",2024-11-06,2024-04-16,Trade Show,35085.58,2024-11-06,2024-04-16,Proposal,True
OP-02499,Keystone Energy,aisha.wilson@example.org,U-1039,Closed-Won,53391.28,2026-02-21,2025-07-20,Web Form,53391.28,2026-02-21,2025-07-20,Closed Won,True
OP-00201,BluePeak Logistics,,U-1031,Quote Sent,"$102,013",2025-08-06,2025-06-03,Outbound SDR,102013.0,2025-08-06,2025-06-03,Proposal,
OP-00954,Zephyr Airlines,tom.davis@yahoo.com,U-1004,Prospecting,179358.54,2026-04-25,2025-10-11,Outbound SDR,179358.54,2026-04-25,2025-10-11,Prospecting,True
OP-00157,Juniper Retail,priya.patel,U-1039,Qualification,139166.67,2026-10-12,2026-03-03,Inbound Call,139166.67,2026-10-12,2026-03-03,Qualification,False
OP-02217,Copperline Foods,ava.miller@gmail.com,U-1017,,14936.49,2025-06-24,2024-11-06,Outbound SDR,14936.49,2025-06-24,2024-11-06,,True
OP-01866,Willow Creek Farms,ben.thomas@company.com,U-1030,Won,"USD 235,354.02",2026-01-16,2025-06-19,Trade Show,235354.02,2026-01-16,2025-06-19,Closed Won,True
OP-02378,Tidewater Marine,ethan.davis@example.org,U-1027,Closed-Lost,71762.82,2024-08-25,2024-02-08,Web Form,71762.82,2024-08-25,2024-02-08,Closed Lost,True
OP-00960,Zephyr Airlines,marcus.nguyen@yahoo.com,U-1005,Proposal,4778.61,2026-04-02,2025-11-23,Partner Referral,4778.61,2026-04-02,2025-11-23,Proposal,True
OP-02465,Ironclad Security,aisha.brown@yahoo.com,U-1001,prospecting,106380.28,2024-09-22,2024-02-13,Outbound SDR,106380.28,2024-09-22,2024-02-13,Prospecting,True
OP-04323,Onyx Pharma,zoe.patel@yahoo.com,U-1019,Quote Sent,96771.77,2026-01-02,2025-05-30,Bulk Import,96771.77,2026-01-02,2025-05-30,Proposal,True
OP-02681,Onyx Pharma,marcus.garcia@gmail.com,U-1023,,"$73,633.42",2026-06-25,2026-05-12,Outbound SDR,73633.42,2026-06-25,2026-05-12,,True
OP-01766,Willow Creek Farms,liam.garcia@company.com,U-1031,Lost,69904.05,2026-09-20,2026-07-26,Outbound SDR,69904.05,2026-09-20,2026-07-26,Closed Lost,True
OP-02232,ForgePoint Systems,chris.thomas,U-1001,Quote Sent,204592.83,2026-09-12,2026-01-23,Trade Show,204592.83,2026-09-12,2026-01-23,Proposal,False
OP-01071,Umbra Defense,ella.patel@example.org,U-1016,Discovery,135035.83,2025-02-14,2024-12-17,Partner Referral,135035.83,2025-02-14,2024-12-17,Qualification,True
OP-01479,,chris.wilson@gmail.com,U-1032,Negotiation,157850.52,2025-05-17,2025-01-25,Web Form,157850.52,2025-05-17,2025-01-25,Proposal,True
OP-02338,Pinnacle Travel,kara.davis@gmail.com,U-1009,PROSPECTING,63546.90,2024-05-29,2024-01-09,Trade Show,63546.9,2024-05-29,2024-01-09,Prospecting,True
OP-03911,Willow Creek Farms,sofia.patel@company.com,U-1033,Closed Lost,110324.05,2024-11-22,2024-05-24,Inbound Call,110324.05,2024-11-22,2024-05-24,Closed Lost,True
OP-04401,Larkspur Labs,maya.davis@company.com,U-1012,Closed-Won,38153.29,2024-06-01,2024-03-31,Outbound SDR,38153.29,2024-06-01,2024-03-31,Closed Won,True
OP-00516,Zephyr Airlines,dev.taylor@yahoo.com,inactive_user,Qualifcation,28883.42,2025-07-06,2025-01-15,Inbound Call,28883.42,2025-07-06,2025-01-15,Qualification,True
OP-01891,Northgate Auto,liam.patel@company.com,U-1023,Qualification,"$192,078.50",2027-03-01,2026-07-29,Web Form,192078.5,2027-03-01,2026-07-29,Qualification,True
OP-00935,Acme Industrial,aisha.nguyen@example.org,U-1027,Closed-Lost,67947.72,2025-10-29,2025-05-29,Inbound Call,67947.72,2025-10-29,2025-05-29,Closed Lost,True
OP-01666,Acme Industrial,,U-1005,Closed-Won,76446.01,2025-12-20,2025-06-09,Inbound Call,76446.01,2025-12-20,2025-06-09,Closed Won,
OP-02069,Willow Creek Farms,tom.moore@outlook.com,U-1004,Closed Lost,235340.53,2025-07-05,2025-03-05,Bulk Import,235340.53,2025-07-05,2025-03-05,Closed Lost,True
OP-02724,ForgePoint Systems,raj.taylor@company.com,U-1019,,240890.10,2024-12-06,2024-05-15,Bulk Import,240890.1,2024-12-06,2024-05-15,,True
OP-00876,Redwood Outdoors,ben.patel@yahoo.com,U-1003,qualification,56126.92,2025-11-13,2025-08-10,Trade Show,56126.92,2025-11-13,2025-08-10,Qualification,True
OP-00623,Xenon Robotics,,U-1034,Closed Won,106054.00,2025-02-14,2024-06-30,Partner Referral,106054.0,2025-02-14,2024-06-30,Closed Won,
OP-02006,Yellowpine Lumber,kara.taylor@example.org,U-1026,Qualified,139254.61,2026-08-05,2025-12-17,Trade Show,139254.61,2026-08-05,2025-12-17,Qualification,True
OP-01827,DeltaWave Media,marcus.moore@example.org,U-1039,Discovery,,2024-11-06,2024-07-28,Inbound Call,,2024-11-06,2024-07-28,Qualification,True
OP-03980,Quartzline Telecom,ethan.thomas@gmail.com,U-1010,Qualifcation,"$38,915",,2025-06-21,Trade Show,38915.0,,2025-06-21,Qualification,True
OP-04671,Granite Ridge Co,chris.nguyen@yahoo.com,U-1013,Lost,205501.31,2024-12-31,2024-10-02,Partner Referral,205501.31,2024-12-31,2024-10-02,Closed Lost,True
OP-01660,Northgate Auto,priya.smith@gmail.com,U-1003,Qualification,159772.65,2024-10-23,2024-10-08,Inbound Call,159772.65,2024-10-23,2024-10-08,Qualification,True
OP-00501,Zephyr Airlines,raj.wilson@example.org,U-1035,Closed-Lost,134579.54,2024-08-11,2024-02-22,Partner Referral,134579.54,2024-08-11,2024-02-22,Closed Lost,True
OP-01799,ForgePoint Systems,zoe.moore@company.com,U-1001,Quote Sent,109871.27,2024-12-21,2024-10-28,Partner Referral,109871.27,2024-12-21,2024-10-28,Proposal,True
OP-00299,Yellowpine Lumber,noah.kim@example.org,U-1019,Negotiation,27527.19,2025-06-01,2024-12-22,Bulk Import,27527.19,2025-06-01,2024-12-22,Proposal,True
OP-03946,Copperline Foods,noah.brown@example.org,U-1037,Qualified,224394.82,2025-04-07,2024-12-30,Partner Referral,224394.82,2025-04-07,2024-12-30,Qualification,True
OP-00715,Umbra Defense,ethan.moore@yahoo.com,U-1025,Prospect,18492.08,2024-06-02,2024-04-27,Partner Referral,18492.08,2024-06-02,2024-04-27,Prospecting,True
OP-03022,Everline Health,not-an-email,U-1029,closed lost,200017.63,2025-09-05,2025-01-31,Inbound Call,200017.63,2025-09-05,2025-01-31,Closed Lost,False
OP-02091,DeltaWave Media,marcus.brown@gmail.com,U-1004,Closed Lost,103911.17,2026-05-13,2026-03-07,Inbound Call,103911.17,2026-05-13,2026-03-07,Closed Lost,True
OP-02505,Larkspur Labs,dev.johnson@yahoo.com,U-1026,closed won,49135.92,2025-01-21,2024-06-01,Bulk Import,49135.92,2025-01-21,2024-06-01,Closed Won,True
OP-02301,Umbra Defense,marcus.nguyen@yahoo.com,U-1034,Closed-Lost,"$148,548",2024-09-03,2024-08-09,Trade Show,148548.0,2024-09-03,2024-08-09,Closed Lost,True
OP-04077,Everline Health,chris.garcia@gmail.com,U-1036,Closed Lost,161134.34,2024-11-11,2024-05-19,Trade Show,161134.34,2024-11-11,2024-05-19,Closed Lost,True
OP-03734,DeltaWave Media,owen.garcia@outlook.com,U-1025,Discovery,144662.18,2025-02-23,2024-11-23,Bulk Import,144662.18,2025-02-23,2024-11-23,Qualification,True
OP-00985,Keystone Energy,tom.miller@example.org,U-9999,Qualification,10247.90,2024-06-17,2024-05-30,Outbound SDR,10247.9,2024-06-17,2024-05-30,Qualification,True
OP-03131,Silverline SaaS,dev.davis@yahoo.com,U-1007,Won,146600.26,2024-08-10,2024-03-07,Web Form,146600.26,2024-08-10,2024-03-07,Closed Won,True
OP-00228,Umbra Defense,dev.lee@company.com,U-1026,Proposal Sent,"$236,919",2024-09-07,2024-01-20,Bulk Import,236919.0,2024-09-07,2024-01-20,Proposal,True
OP-00268,Acme Industrial,ben.miller@outlook.com,U-1014,Proposal,77586.28,,2025-10-11,Inbound Call,77586.28,,2025-10-11,Proposal,True
OP-01940,Silverline SaaS,tom.brown@company.com,U-1004,Closed-Won,"$114,383.47",2026-01-20,2025-10-11,Partner Referral,114383.47,2026-01-20,2025-10-11,Closed Won,True
OP-02695,Ironclad Security,raj.davis@gmail.com,U-1014,Qualification,186781.50,2026-12-25,2026-05-28,Web Form,186781.5,2026-12-25,2026-05-28,Qualification,True
OP-03962,Copperline Foods,chris.johnson@yahoo.com,U-1009,prospecting,40714.52,2026-06-27,2025-11-26,Partner Referral,40714.52,2026-06-27,2025-11-26,Prospecting,True
OP-04400,Silverline SaaS,,U-1013,Prospect,"105,541.32 $",2024-10-31,2024-03-07,Outbound SDR,105541.32,2024-10-31,2024-03-07,Prospecting,
OP-04020,Granite Ridge Co,nina.smith@gmail.com,U-1010,Proposal,156446.76,2026-03-28,2025-10-22,Outbound SDR,156446.76,2026-03-28,2025-10-22,Proposal,True
OP-03606,Vertex Capital,ella.brown@yahoo.com,U-1036,closed lost,196800.85,2025-07-09,2025-01-19,Inbound Call,196800.85,2025-07-09,2025-01-19,Closed Lost,True
OP-03705,Zephyr Airlines,sofia.davis@gmail.com,U-1013,New Lead,233237.52,2026-03-12,2025-07-23,Bulk Import,233237.52,2026-03-12,2025-07-23,Prospecting,True
OP-03159,Meridian Freight,kara.thomas@gmail.com,U-1032,PROSPECTING,56519.32,2024-07-07,2024-04-12,Bulk Import,56519.32,2024-07-07,2024-04-12,Prospecting,True
OP-03866,Zephyr Airlines,marcus.thomas@company.com,U-1010,proposal,123199.71,2026-08-01,2026-05-16,Outbound SDR,123199.71,2026-08-01,2026-05-16,Proposal,True
OP-03736,DeltaWave Media,priya.moore@outlook.com,U-1030,Negotiation,243896.32,2024-03-16,2024-02-21,Web Form,243896.32,2024-03-16,2024-02-21,Proposal,True
OP-00586,Ironclad Security,raj.lee@example.org,U-1003,Qualification,"USD 111,097.50",2026-07-08,2026-05-17,Bulk Import,111097.5,2026-07-08,2026-05-17,Qualification,True
OP-01420,Harborline Bank,sofia.davis@outlook.com,U-1026,PROSPECTING,187934.30,2025-10-28,2025-05-02,Inbound Call,187934.3,2025-10-28,2025-05-02,Prospecting,True
OP-03158,Everline Health,maya.moore@yahoo.com,U-1003,Closed Won,110286.95,2024-10-21,2024-07-22,Bulk Import,110286.95,2024-10-21,2024-07-22,Closed Won,True
OP-04405,Harborline Bank,sofiamiller@outlook.com,U-1037,Qualifcation,79877.62,2026-10-26,2026-04-16,Trade Show,79877.62,2026-10-26,2026-04-16,Qualification,True
OP-01077,Northgate Auto,ella.garcia@outlook.com,U-1022,closed lost,"USD 42,879.00",2026-03-21,2025-07-26,Bulk Import,42879.0,2026-03-21,2025-07-26,Closed Lost,True
OP-02382,BluePeak Logistics,aisha.lee@company.com,admin,PROSPECTING,20022.20,2026-01-05,2025-10-29,Outbound SDR,20022.2,2026-01-05,2025-10-29,Prospecting,True
OP-00198,DeltaWave Media,tom.taylor@example.org,U-1011,,27720.85,2024-11-16,2024-05-15,Bulk Import,27720.85,2024-11-16,2024-05-15,,True
OP-02789,Acme Industrial,liam.lee@yahoo.com,U-1003,Qualification,40426.15,2024-08-25,2024-04-29,Web Form,40426.15,2024-08-25,2024-04-29,Qualification,True
OP-03722,Larkspur Labs,zoe.anderson@outlook.com,U-1000,Proposal,213668.25,,2026-07-19,Inbound Call,213668.25,,2026-07-19,Proposal,True
OP-02381,Umbra Defense,noah.davis@gmail.com,U-1013,Quote Sent,"$202,838.09",2025-01-03,2024-05-14,Trade Show,202838.09,2025-01-03,2024-05-14,Proposal,True
OP-00432,Copperline Foods,ethan.kim@yahoo.com,U-1030,Discovery,94817.99,2024-11-04,2024-06-20,Trade Show,94817.99,2024-11-04,2024-06-20,Qualification,True
OP-03229,Northgate Auto,aisha.wilson@gmail.com,U-1021,PROSPECTING,241744.93,2026-06-29,2026-01-24,Bulk Import,241744.93,2026-06-29,2026-01-24,Prospecting,True
OP-04512,Umbra Defense,tom.miller@company.com,U-1033,Proposal,88059.88,2026-11-07,2026-05-29,Web Form,88059.88,2026-11-07,2026-05-29,Proposal,True
OP-00417,Vertex Capital,ethan.anderson@gmail.com,U-1023,,207211.78,2025-09-26,2025-03-31,Inbound Call,207211.78,2025-09-26,2025-03-31,,True
OP-03045,Pinnacle Travel,aisha.kim@example.org,U-1031,Quote Sent,121780.31,2025-01-02,2024-09-06,Web Form,121780.31,2025-01-02,2024-09-06,Proposal,True
OP-02889,Yellowpine Lumber,liam.davis@example.org,inactive_user,qualification,121417.41,2024-09-08,2024-07-08,Partner Referral,121417.41,2024-09-08,2024-07-08,Qualification,True
OP-03844,Larkspur Labs,not-an-email,U-1006,closed won,69928.33,2025-11-05,2025-06-10,Inbound Call,69928.33,2025-11-05,2025-06-10,Closed Won,False
OP-02764,Yellowpine Lumber,chris.davis@company.com,U-1009,Qualifcation,193647.58,2026-06-12,2026-01-05,Trade Show,193647.58,2026-06-12,2026-01-05,Qualification,True
OP-D0140,Ironclad Security,sofia.moore@yahoo.com,U-1024,Quote Sent,102186.03,2025-09-15,2025-04-14,Partner Referral,102186.03,2025-09-15,2025-04-14,Proposal,True
OP-01155,Quartzline Telecom,raj.taylor@outlook.com,U-1022,proposal,16268.53,2025-07-14,2025-02-06,Web Form,16268.53,2025-07-14,2025-02-06,Proposal,True
OP-03981,Keystone Energy,maya.wilson@outlook.com,U-1023,Proposal Sent,35135.66,2025-03-02,2024-09-15,Bulk Import,35135.66,2025-03-02,2024-09-15,Proposal,True
OP-02622,Northgate Auto,,U-1022,qualification,36202.08,2025-12-20,2025-08-22,Trade Show,36202.08,2025-12-20,2025-08-22,Qualification,
OP-01285,Keystone Energy,dev.garcia@outlook.com,U-1022,Qualified,31833.81,2024-11-18,2024-06-02,Web Form,31833.81,2024-11-18,2024-06-02,Qualification,True
OP-04684,Onyx Pharma,ethan.thomas@example.org,U-1015,Closed Lost,"135,063.68 $",2024-10-26,2024-07-26,Inbound Call,135063.68,2024-10-26,2024-07-26,Closed Lost,True
OP-03034,Onyx Pharma,marcus.garcia@yahoo.com,U-1019,CLOSED WON,68767.86,2025-12-01,2025-06-13,Trade Show,68767.86,2025-12-01,2025-06-13,Closed Won,True
OP-02805,Copperline Foods,liam.smith@company.com,U-1026,Proposal Sent,64629.15,2026-12-04,2026-06-28,Inbound Call,64629.15,2026-12-04,2026-06-28,Proposal,True
OP-01251,Quartzline Telecom,ethan.kim@company.com,U-1032,closed lost,"$44,811.00",2026-03-15,2025-12-21,Trade Show,44811.0,2026-03-15,2025-12-21,Closed Lost,True
OP-01714,Granite Ridge Co,nina.nguyen@outlook.com,U-1013,qualification,89029.16,2025-07-21,2026-11-19,Partner Referral,89029.16,2025-07-21,2026-11-19,Qualification,True
OP-00253,,ben.smith@outlook.com,U-1018,,"$81,519.64",2025-04-09,2024-10-05,Partner Referral,81519.64,2025-04-09,2024-10-05,,True
OP-04326,Xenon Robotics,dev.anderson@gmail.com,U-1009,proposal,9269.84,2025-04-26,2024-12-05,Outbound SDR,9269.84,2025-04-26,2024-12-05,Proposal,True
OP-00426,Everline Health,aisha.miller@outlook.com,U-1032,Qualifcation,74183.86,2024-10-04,2024-05-30,Bulk Import,74183.86,2024-10-04,2024-05-30,Qualification,True
OP-00309,Copperline Foods,lena.smith@gmail.com,U-1037,qualification,154717.84,2026-12-14,2026-05-21,Trade Show,154717.84,2026-12-14,2026-05-21,Qualification,True
OP-02547,Meridian Freight,kara.patel@company.com,U-1016,proposal,46938.33,2026-01-25,2025-11-03,Partner Referral,46938.33,2026-01-25,2025-11-03,Proposal,True
OP-03442,Quartzline Telecom,chris.thomas@company.com,U-1036,Qualification,"$19,131",2025-04-10,2024-12-07,Inbound Call,19131.0,2025-04-10,2024-12-07,Qualification,True
OP-03347,Meridian Freight,tom.johnson@example.org,U-1027,PROSPECTING,232912.39,2024-06-05,2024-05-25,Trade Show,232912.39,2024-06-05,2024-05-25,Prospecting,True
OP-03904,BluePeak Logistics,liam.kim@gmail.com,U-1016,Discovery,225173.76,2026-01-02,2025-06-23,Trade Show,225173.76,2026-01-02,2025-06-23,Qualification,True
OP-03641,Onyx Pharma,liam.davis@gmail.com,U-1034,Proposal Sent,"$120,643.54",,2026-03-09,Trade Show,120643.54,,2026-03-09,Proposal,True
OP-00837,Silverline SaaS,liam.moore@outlook.com,U-1013,qualification,"205,933.88 $",2024-07-17,2024-01-22,Inbound Call,205933.88,2024-07-17,2024-01-22,Qualification,True
OP-02811,Onyx Pharma,owen.moore@yahoo.com,U-1021,Proposal,,2025-10-15,2025-05-11,Web Form,,2025-10-15,2025-05-11,Proposal,True
OP-04079,Umbra Defense,noah.lee@company.com,U-1011,Prospecting,183157.62,2025-06-18,2025-02-18,Outbound SDR,183157.62,2025-06-18,2025-02-18,Prospecting,True
OP-00422,Pinnacle Travel,tom.nguyen@yahoo.com,U-1021,PROSPECTING,210445.88,2025-10-17,2025-03-18,Bulk Import,210445.88,2025-10-17,2025-03-18,Prospecting,True
OP-01238,Yellowpine Lumber,marcus.anderson@company.com,U-1027,Negotiation,100669.19,2026-03-10,2025-10-20,Partner Referral,100669.19,2026-03-10,2025-10-20,Proposal,True
OP-03209,,kara.anderson@company.com,U-1016,Qualified,54159.25,2024-12-18,2024-05-06,Web Form,54159.25,2024-12-18,2024-05-06,Qualification,True
OP-02307,Xenon Robotics,priya.johnson@company.com,U-1014,Qualifcation,184174.46,2025-06-21,2025-05-20,Web Form,184174.46,2025-06-21,2025-05-20,Qualification,True
OP-00884,Juniper Retail,liam.moore@company.com,U-1011,Negotiation,115555.59,2025-04-22,2024-12-21,Inbound Call,115555.59,2025-04-22,2024-12-21,Proposal,True
OP-01216,Pinnacle Travel,ava.patel@outlook.com,U-1019,ClosedWon,161204.91,2024-12-22,2024-06-05,Outbound SDR,161204.91,2024-12-22,2024-06-05,Closed Won,True
OP-02935,Keystone Energy,ethan.garcia@gmail.com,U-1036,CLOSED WON,"USD 234,200.18",2026-01-22,2025-11-06,Bulk Import,234200.18,2026-01-22,2025-11-06,Closed Won,True
OP-03002,Harborline Bank,nina.kim@company.com,U-1039,,173605.65,2025-02-16,2024-11-08,Trade Show,173605.65,2025-02-16,2024-11-08,,True
OP-03888,Meridian Freight,noah.patel@outlook.com,U-1014,Discovery,"$23,991.67",2025-12-02,2025-05-12,Outbound SDR,23991.67,2025-12-02,2025-05-12,Qualification,True
OP-00830,Meridian Freight,owen.wilson@company.com,U-1035,Qualified,"USD 226,392.02",2024-11-20,2024-10-03,Bulk Import,226392.02,2024-11-20,2024-10-03,Qualification,True
OP-00569,Xenon Robotics,marcus.thomas@company.com,U-1030,qualification,71028.36,2025-10-31,2025-07-30,Outbound SDR,71028.36,2025-10-31,2025-07-30,Qualification,True
OP-01109,Willow Creek Farms,ethan.smith@outlook.com,U-1002,Prospecting,"$39,028.70",2025-03-28,2025-01-25,Bulk Import,39028.7,2025-03-28,2025-01-25,Prospecting,True
OP-04245,Redwood Outdoors,ava.nguyen@company.com,U-1002,Closed Lost,60822.10,2026-05-31,2025-11-19,Web Form,60822.1,2026-05-31,2025-11-19,Closed Lost,True
OP-03976,Ironclad Security,aisha.patel@company.com,U-1018,proposal,200836.36,2026-03-10,2025-11-28,Bulk Import,200836.36,2026-03-10,2025-11-28,Proposal,True
OP-00598,ForgePoint Systems,zoe.johnson@outlook.com,U-1032,Closed Lost,"USD 231,279.93",,2024-10-22,Inbound Call,231279.93,,2024-10-22,Closed Lost,True
OP-02579,Umbra Defense,priya.brown@example.org,U-1018,qualification,48316.44,2025-07-26,2025-02-03,Inbound Call,48316.44,2025-07-26,2025-02-03,Qualification,True
OP-00160,Zephyr Airlines,maya.nguyen@outlook.com,U-1037,closed won,80878.31,2025-08-11,2025-02-06,Web Form,80878.31,2025-08-11,2025-02-06,Closed Won,True
OP-02280,Quartzline Telecom,priya.patel@company.com,U-1020,Proposal Sent,"$224,550.48",2025-09-06,2025-04-11,Bulk Import,224550.48,2025-09-06,2025-04-11,Proposal,True
OP-03474,Vertex Capital,ben.anderson@gmail.com,U-1023,PROSPECTING,11063.08,2024-05-27,2024-02-16,Partner Referral,11063.08,2024-05-27,2024-02-16,Prospecting,True
OP-02951,Everline Health,ava.davis@example.org,U-1035,CLOSED WON,241059.62,2026-04-11,2025-10-08,Trade Show,241059.62,2026-04-11,2025-10-08,Closed Won,True
OP-01221,Redwood Outdoors,lena.patel@example.org,U-1023,Proposal,"$81,598.31",2026-02-25,2026-01-29,Inbound Call,81598.31,2026-02-25,2026-01-29,Proposal,True
OP-02223,Zephyr Airlines,lena.taylor@company.com,U-1038,ClosedWon,33494.81,2026-06-01,2026-03-25,Trade Show,33494.81,2026-06-01,2026-03-25,Closed Won,True
OP-00578,Tidewater Marine,ella.moore@outlook.com,U-1027,Proposal,"$139,019.00",2026-09-11,2026-05-30,Bulk Import,139019.0,2026-09-11,2026-05-30,Proposal,True
OP-00026,Xenon Robotics,tom.lee@yahoo.com,U-1017,Discovery,112586.58,2026-11-15,2026-07-02,Bulk Import,112586.58,2026-11-15,2026-07-02,Qualification,True
OP-00824,Keystone Energy,ava.lee@outlook.com,U-1008,Negotiation,175772.97,2024-08-14,2024-06-21,Inbound Call,175772.97,2024-08-14,2024-06-21,Proposal,True
OP-02673,Pinnacle Travel,owen.garcia@yahoo.com,U-1028,Closed-Won,53698.83,2025-12-15,2025-09-16,Web Form,53698.83,2025-12-15,2025-09-16,Closed Won,True
OP-02984,Ironclad Security,kara.kim@@company.com,U-1038,Prospecting,10297.90,2024-07-10,2024-02-20,Bulk Import,10297.9,2024-07-10,2024-02-20,Prospecting,False
OP-00126,Larkspur Labs,dev.brown@yahoo.com,inactive_user,Qualification,86467.00,2024-03-27,2024-02-24,Outbound SDR,86467.0,2024-03-27,2024-02-24,Qualification,True
OP-03232,Zephyr Airlines,aisha.patel@gmail.com,U-1034,Closed-Won,223852.57,2024-10-01,2024-07-08,Trade Show,223852.57,2024-10-01,2024-07-08,Closed Won,True
OP-03535,Redwood Outdoors,tom.moore@yahoo.com,U-1006,proposal,"$192,801",2025-11-05,2025-07-15,Bulk Import,192801.0,2025-11-05,2025-07-15,Proposal,True
OP-00641,Keystone Energy,lena.moore@gmail.com,U-1027,Quote Sent,101383.42,2027-01-24,2026-08-07,Web Form,101383.42,2027-01-24,2026-08-07,Proposal,True
OP-02084,Redwood Outdoors,priya.kim@example.org,U-1034,Qualifcation,73744.86,2025-07-05,2025-02-12,Bulk Import,73744.86,2025-07-05,2025-02-12,Qualification,True
OP-00942,Yellowpine Lumber,,U-1020,,106469.71,2026-07-27,2026-02-28,Partner Referral,106469.71,2026-07-27,2026-02-28,,
OP-04043,Pinnacle Travel,aisha.kim@yahoo.com,U-1030,Quote Sent,129762.68,2026-08-15,2026-03-21,Web Form,129762.68,2026-08-15,2026-03-21,Proposal,True
OP-03560,Silverline SaaS,noah.smith@example.org,U-1031,proposal,"$31,622",2025-02-28,2024-09-24,Bulk Import,31622.0,2025-02-28,2024-09-24,Proposal,True
OP-03197,Northgate Auto,dev.anderson@gmail.com,U-1026,Proposal Sent,225736.89,,2025-04-15,Bulk Import,225736.89,,2025-04-15,Proposal,True
OP-04296,Willow Creek Farms,ethan.wilson@example.org,U-1034,Proposal,128481.87,2024-05-04,2024-03-31,Web Form,128481.87,2024-05-04,2024-03-31,Proposal,True
OP-01248,Granite Ridge Co,ben.moore@yahoo.com,U-1038,ClosedWon,122132.50,2026-02-25,2025-08-24,Web Form,122132.5,2026-02-25,2025-08-24,Closed Won,True
OP-02664,Tidewater Marine,sofia.johnson@outlook.com,U-1036,New Lead,179442.60,,2025-12-30,Trade Show,179442.6,,2025-12-30,Prospecting,True
OP-04138,Onyx Pharma,lena.davis@outlook.com,U-1000,PROSPECTING,59577.47,2025-05-10,2024-11-16,Bulk Import,59577.47,2025-05-10,2024-11-16,Prospecting,True
OP-03964,Ironclad Security,nina.wilson@yahoo.com,U-1006,qualification,237405.69,2026-09-16,2026-04-26,Bulk Import,237405.69,2026-09-16,2026-04-26,Qualification,True
OP-04662,Quartzline Telecom,owen.nguyen@gmail.com,U-1024,Won,"$133,823.31",2024-09-05,2024-02-12,Partner Referral,133823.31,2024-09-05,2024-02-12,Closed Won,True
OP-02128,Onyx Pharma,ella.taylor@yahoo.com,U-1021,Won,238785.44,2026-01-28,2025-06-28,Inbound Call,238785.44,2026-01-28,2025-06-28,Closed Won,True
OP-01189,Larkspur Labs,ella.taylor@outlook.com,U-1004,Qualified,212571.76,2026-10-09,2026-06-18,Partner Referral,212571.76,2026-10-09,2026-06-18,Qualification,True
OP-00249,Harborline Bank,ava.smith@yahoo.com,U-1020,qualification,34556.72,2026-04-14,2026-01-25,Outbound SDR,34556.72,2026-04-14,2026-01-25,Qualification,True
OP-02205,Granite Ridge Co,ben.garcia@outlook.com,U-1003,prospecting,237565.75,,2025-05-06,Bulk Import,237565.75,,2025-05-06,Prospecting,True
OP-01067,DeltaWave Media,marcus.kim@company.com,U-1001,Discovery,161526.37,2025-06-02,2024-12-26,Trade Show,161526.37,2025-06-02,2024-12-26,Qualification,True
OP-00278,Umbra Defense,dev.miller@yahoo.com,U-1039,,"USD 28,479.32",2027-02-25,2026-08-13,Inbound Call,28479.32,2027-02-25,2026-08-13,,True
OP-04024,Pinnacle Travel,maya.smith@company.com,U-1001,Quote Sent,"117,025.94 $",2026-06-17,2026-04-08,Web Form,117025.94,2026-06-17,2026-04-08,Proposal,True
OP-01808,ForgePoint Systems,chris.brown@outlook.com,U-1031,Negotiation,"$217,271.83",2026-06-25,2026-05-02,Trade Show,217271.83,2026-06-25,2026-05-02,Proposal,True
OP-01404,ForgePoint Systems,ella.smith@gmail.com,U-1010,closed won,"USD 26,831.92",,2024-03-14,Inbound Call,26831.92,,2024-03-14,Closed Won,True
OP-00445,,ethan.garcia@gmail.com,U-1011,Prospect,36783.43,2026-01-06,2025-07-15,Partner Referral,36783.43,2026-01-06,2025-07-15,Prospecting,True
OP-04623,Juniper Retail,sofia.davis@outlook.com,U-1027,Negotiation,57856.04,2024-11-14,2024-08-02,Bulk Import,57856.04,2024-11-14,2024-08-02,Proposal,True
OP-02299,Everline Health,liam.thomas@outlook.com,U-1037,Discovery,88466.09,,2025-05-29,Web Form,88466.09,,2025-05-29,Qualification,True
OP-02485,Xenon Robotics,liam.thomas@yahoo.com,U-1023,Qualified,"$40,133.75",,2024-09-08,Inbound Call,40133.75,,2024-09-08,Qualification,True
OP-01314,Vertex Capital,noah.kim@yahoo.com,U-1004,closed won,43991.18,2025-03-02,2025-01-23,Trade Show,43991.18,2025-03-02,2025-01-23,Closed Won,True
OP-00328,Larkspur Labs,zoe.smith@example.org,U-1008,Proposal Sent,243937.86,2024-09-20,2024-05-19,Web Form,243937.86,2024-09-20,2024-05-19,Proposal,True
OP-01466,Larkspur Labs,,U-1033,Qualification,84133.30,,2024-03-31,Outbound SDR,84133.3,,2024-03-31,Qualification,
OP-01504,Umbra Defense,tom.garcia@gmail.com,U-1033,ClosedWon,,2025-11-08,2025-05-09,Bulk Import,,2025-11-08,2025-05-09,Closed Won,True
OP-02507,Harborline Bank,liam.moore@gmail.com,U-1006,Closed Lost,116130.33,2024-06-12,2024-02-07,Inbound Call,116130.33,2024-06-12,2024-02-07,Closed Lost,True
OP-00354,Onyx Pharma,tom.wilson@yahoo.com,U-1031,Qualified,48818.68,2025-01-14,2024-08-19,Trade Show,48818.68,2025-01-14,2024-08-19,Qualification,True
OP-03635,Tidewater Marine,dev.lee@company.com,U-1026,closed lost,104349.16,2024-07-14,2024-05-28,Outbound SDR,104349.16,2024-07-14,2024-05-28,Closed Lost,True
OP-03216,Quartzline Telecom,owen.miller@example.org,U-1033,Proposal,97973.05,2026-09-25,2026-06-25,Bulk Import,97973.05,2026-09-25,2026-06-25,Proposal,True
OP-03978,Granite Ridge Co,chris.davis@yahoo.com,U-1017,closed won,120261.87,2024-09-30,2024-07-23,Bulk Import,120261.87,2024-09-30,2024-07-23,Closed Won,True
OP-03932,,priya.lee@yahoo.com,U-1005,Closed-Won,"$118,988.76",2024-07-12,2024-04-08,Web Form,118988.76,2024-07-12,2024-04-08,Closed Won,True
OP-02847,Everline Health,ava.miller@example.org,U-8888,Qualification,93252.81,2025-08-19,2025-02-26,Trade Show,93252.81,2025-08-19,2025-02-26,Qualification,True
OP-04061,Acme Industrial,maya.miller@yahoo.com,U-1026,Prospect,"$194,589.04",2024-10-02,2024-06-27,Outbound SDR,194589.04,2024-10-02,2024-06-27,Prospecting,True
OP-02612,Quartzline Telecom,noah.kim@example.org,U-1024,Closed-Won,119032.27,2025-02-03,2024-07-24,Outbound SDR,119032.27,2025-02-03,2024-07-24,Closed Won,True
OP-01331,Keystone Energy,sofia.wilson@example.org,U-1008,,,2026-05-01,2025-11-22,Bulk Import,,2026-05-01,2025-11-22,,True
OP-01598,Umbra Defense,chris.taylor@example.org,U-1035,closed lost,202105.89,2024-12-04,2024-10-08,Web Form,202105.89,2024-12-04,2024-10-08,Closed Lost,True
OP-00344,Redwood Outdoors,ben.moore@company.com,U-1000,closed won,208977.13,2025-06-03,2025-05-17,Inbound Call,208977.13,2025-06-03,2025-05-17,Closed Won,True
OP-02827,Copperline Foods,ava.taylor@company.com,U-1036,Qualifcation,"$197,858.86",2025-01-18,2024-12-26,Trade Show,197858.86,2025-01-18,2024-12-26,Qualification,True
OP-02627,Meridian Freight,ben.moore@gmail.com,U-1032,New Lead,"$225,780",2026-12-26,2026-08-03,Partner Referral,225780.0,2026-12-26,2026-08-03,Prospecting,True
OP-01779,Acme Industrial,ella.taylor@yahoo.com,U-1005,Won,217545.47,2024-08-18,2024-07-12,Outbound SDR,217545.47,2024-08-18,2024-07-12,Closed Won,True
OP-00361,Juniper Retail,chris.miller@example.org,U-1017,New Lead,82876.98,2024-07-29,2024-04-27,Web Form,82876.98,2024-07-29,2024-04-27,Prospecting,True
OP-02825,Willow Creek Farms,lena.garcia@gmail.com,U-1032,qualification,160969.37,2025-10-23,2025-06-12,Inbound Call,160969.37,2025-10-23,2025-06-12,Qualification,True
OP-03706,Granite Ridge Co,marcus.brown@yahoo.com,U-1036,Won,"$88,675.04",,2025-01-29,Inbound Call,88675.04,,2025-01-29,Closed Won,True
OP-03295,Larkspur Labs,liam.smith@yahoo.com,U-1038,PROSPECTING,,2024-07-05,2024-04-13,Outbound SDR,,2024-07-05,2024-04-13,Prospecting,True
OP-01138,Quartzline Telecom,aisha.brown@gmail.com,U-1012,Closed-Won,125174.47,2025-03-18,2025-03-10,Inbound Call,125174.47,2025-03-18,2025-03-10,Closed Won,True
OP-03783,Yellowpine Lumber,sofia.moore@company.com,U-1001,Proposal,"$197,804.04",2025-07-08,2025-03-20,Outbound SDR,197804.04,2025-07-08,2025-03-20,Proposal,True
OP-03731,Ironclad Security,noah.nguyen@gmail.com,U-1025,,"$219,030",2025-12-27,2025-07-26,Web Form,219030.0,2025-12-27,2025-07-26,,True
OP-02342,Quartzline Telecom,priya.wilson@gmail.com,U-1038,Qualification,188049.63,2025-07-22,2025-01-17,Partner Referral,188049.63,2025-07-22,2025-01-17,Qualification,True
OP-02774,,tom.davis@yahoo.com,U-1018,prospecting,"$118,668",2025-10-02,2025-05-28,Partner Referral,118668.0,2025-10-02,2025-05-28,Prospecting,True
OP-04253,Xenon Robotics,marcus.taylor@company.com,U-1015,Prospecting,189549.53,2026-08-20,2026-07-28,Bulk Import,189549.53,2026-08-20,2026-07-28,Prospecting,True
OP-01756,,lena.garcia@gmail.com,U-0000,Qualified,89168.07,2025-12-09,2025-06-17,Trade Show,89168.07,2025-12-09,2025-06-17,Qualification,True
OP-03490,Ironclad Security,noah.wilson@gmail.com,U-1037,Qualifcation,,,2025-01-13,Trade Show,,,2025-01-13,Qualification,True
OP-03690,DeltaWave Media,chris.taylor@outlook.com,U-1015,New Lead,45758.54,2025-02-23,2024-10-09,Web Form,45758.54,2025-02-23,2024-10-09,Prospecting,True
OP-04284,Onyx Pharma,nina.davis@gmail.com,U-1031,qualification,149621.21,2026-07-20,2026-06-24,Outbound SDR,149621.21,2026-07-20,2026-06-24,Qualification,True
OP-00682,Acme Industrial,kara.lee@company.com,U-1012,prospecting,42147.53,2024-11-11,2024-05-26,Trade Show,42147.53,2024-11-11,2024-05-26,Prospecting,True
OP-01978,Quartzline Telecom,maya.patel@example.org,U-1009,prospecting,16899.32,,2024-08-20,Partner Referral,16899.32,,2024-08-20,Prospecting,True
OP-02461,Silverline SaaS,dev.kim@yahoo.com,U-1003,Negotiation,122857.25,2026-10-22,2026-02-28,Bulk Import,122857.25,2026-10-22,2026-02-28,Proposal,True
OP-03818,Everline Health,sofia.miller@company.com,U-1027,Qualification,156824.91,2026-01-25,2025-10-27,Partner Referral,156824.91,2026-01-25,2025-10-27,Qualification,True
OP-04162,Umbra Defense,chris.miller@example.org,U-1013,Prospecting,43067.10,2025-09-09,2025-03-19,Inbound Call,43067.1,2025-09-09,2025-03-19,Prospecting,True
OP-04432,BluePeak Logistics,ava.thomas@company.com,U-1011,prospecting,"$163,921.09",2026-05-02,2025-11-27,Partner Referral,163921.09,2026-05-02,2025-11-27,Prospecting,True
OP-03336,Acme Industrial,liam.davis@example.org,U-1025,qualification,"119,215.53 $",2025-01-04,2024-09-03,Bulk Import,119215.53,2025-01-04,2024-09-03,Qualification,True
OP-00705,Ironclad Security,aisha.patel@gmail.com,U-1003,Prospecting,"$86,250.60",,2025-02-15,Bulk Import,86250.6,,2025-02-15,Prospecting,True
OP-02026,BluePeak Logistics,ella.lee@outlook.com,U-1031,Discovery,"$127,604",2026-07-14,2026-06-29,Partner Referral,127604.0,2026-07-14,2026-06-29,Qualification,True
OP-00982,Umbra Defense,liam.lee@yahoo.com,U-1031,Quote Sent,159161.70,2026-06-03,2025-12-03,Web Form,159161.7,2026-06-03,2025-12-03,Proposal,True
OP-01394,ForgePoint Systems,aisha.patel@example.org,U-1028,Qualification,45102.36,2026-06-13,2026-02-18,Outbound SDR,45102.36,2026-06-13,2026-02-18,Qualification,True
OP-03608,Quartzline Telecom,aisha.johnson@outlook.com,U-1016,Closed-Lost,,2024-12-18,2024-09-10,Inbound Call,,2024-12-18,2024-09-10,Closed Lost,True
OP-00932,Pinnacle Travel,noah.patel@gmail.com,U-1027,Prospecting,,2026-04-29,2025-11-11,Web Form,,2026-04-29,2025-11-11,Prospecting,True
OP-00587,Pinnacle Travel,owen.johnson@gmail.com,U-1032,proposal,,2024-07-14,2024-05-10,Outbound SDR,,2024-07-14,2024-05-10,Proposal,True
OP-01957,Meridian Freight,ethan.garcia@gmail.com,U-1019,CLOSED WON,111721.02,2026-08-25,2026-06-14,Web Form,111721.02,2026-08-25,2026-06-14,Closed Won,True
OP-04004,Xenon Robotics,tom.moore@yahoo.com,U-1005,Prospecting,152100.68,2025-04-21,2024-10-25,Web Form,152100.68,2025-04-21,2024-10-25,Prospecting,True
OP-02017,ForgePoint Systems,sofia.wilson@yahoo.com,U-1036,Lost,28913.17,2024-11-20,2024-05-17,Trade Show,28913.17,2024-11-20,2024-05-17,Closed Lost,True
OP-00667,Everline Health,owen.kim@example.org,U-1016,,51598.59,2026-07-28,2026-06-13,Bulk Import,51598.59,2026-07-28,2026-06-13,,True
OP-04180,Redwood Outdoors,dev.garcia@company.com,U-1039,Closed-Won,193890.40,2024-07-20,2024-07-09,Outbound SDR,193890.4,2024-07-20,2024-07-09,Closed Won,True
OP-03169,ForgePoint Systems,priya.miller@outlook.com,inactive_user,Negotiation,197089.75,2025-10-29,2025-05-11,Web Form,197089.75,2025-10-29,2025-05-11,Proposal,True
OP-03149,Vertex Capital,not-an-email,U-1031,ClosedWon,20610.70,2026-01-02,2025-07-26,Partner Referral,20610.7,2026-01-02,2025-07-26,Closed Won,False
OP-00684,Redwood Outdoors,marcus.garcia@yahoo.com,U-1027,Prospect,207859.33,2024-06-09,2024-05-09,Bulk Import,207859.33,2024-06-09,2024-05-09,Prospecting,True
OP-04447,Granite Ridge Co,ella.anderson@example.org,U-1023,Qualified,154112.32,2026-07-20,2026-06-23,Partner Referral,154112.32,2026-07-20,2026-06-23,Qualification,True
OP-03385,Zephyr Airlines,maya.johnson@outlook.com,U-1032,proposal,15350.35,2024-09-16,2024-05-20,Trade Show,15350.35,2024-09-16,2024-05-20,Proposal,True
OP-00062,Meridian Freight,noah.anderson@example.org,U-1013,Discovery,"$152,145.84",2026-01-23,2025-09-03,Outbound SDR,152145.84,2026-01-23,2025-09-03,Qualification,True
OP-03362,Harborline Bank,noah.thomas@outlook.com,U-1012,Qualification,"$8,905.44",2025-11-22,2025-09-25,Partner Referral,8905.44,2025-11-22,2025-09-25,Qualification,True
OP-00888,ForgePoint Systems,lena.taylor@company.com,U-1014,proposal,171514.35,2025-12-24,2025-10-15,Inbound Call,171514.35,2025-12-24,2025-10-15,Proposal,True
OP-04651,Northgate Auto,lena.wilson@outlook.com,U-1017,Discovery,242190.03,2025-10-24,2025-03-12,Partner Referral,242190.03,2025-10-24,2025-03-12,Qualification,True
OP-00373,Umbra Defense,sofia.miller@gmail.com,U-1015,Proposal,101364.14,2025-10-25,2025-03-30,Bulk Import,101364.14,2025-10-25,2025-03-30,Proposal,True
OP-01795,Keystone Energy,ella.davis@company.com,U-1039,New Lead,115284.32,2026-04-11,2026-02-23,Trade Show,115284.32,2026-04-11,2026-02-23,Prospecting,True
OP-04126,Silverline SaaS,aisha.moore@company.com,U-1034,PROSPECTING,"$211,134.36",2025-08-05,2025-07-11,Outbound SDR,211134.36,2025-08-05,2025-07-11,Prospecting,True
OP-04632,Northgate Auto,owen.davis@company.com,U-1036,PROSPECTING,230971.13,2025-04-02,2025-03-10,Bulk Import,230971.13,2025-04-02,2025-03-10,Prospecting,True
OP-03096,Everline Health,ethan.lee@yahoo.com,U-1014,prospecting,91762.01,2025-12-05,2025-04-18,Inbound Call,91762.01,2025-12-05,2025-04-18,Prospecting,True
OP-01746,Willow Creek Farms,aisha.lee@gmail.com,U-1008,New Lead,242527.48,2024-07-07,2024-02-15,Web Form,242527.48,2024-07-07,2024-02-15,Prospecting,True
OP-02048,Willow Creek Farms,zoe.davis@yahoo.com,U-1020,Qualified,109020.14,2024-07-25,2024-04-10,Partner Referral,109020.14,2024-07-25,2024-04-10,Qualification,True
OP-02702,Acme Industrial,aisha.brown@example.org,admin,Qualified,153544.27,2026-06-07,2025-11-23,Inbound Call,153544.27,2026-06-07,2025-11-23,Qualification,True
OP-00547,Everline Health,chris.wilson@company.com,U-1033,PROSPECTING,215749.94,2025-12-22,2025-08-20,Bulk Import,215749.94,2025-12-22,2025-08-20,Prospecting,True
OP-04433,Copperline Foods,ava.miller@gmail.com,U-9999,Closed Lost,90904.45,2026-10-30,2026-07-12,Inbound Call,90904.45,2026-10-30,2026-07-12,Closed Lost,True
OP-01046,DeltaWave Media,noah.miller@example.org,U-1011,Quote Sent,"$81,636",,2026-05-01,Partner Referral,81636.0,,2026-05-01,Proposal,True
OP-03328,Keystone Energy,tom.smith@example.org,U-1004,proposal,26974.37,2026-06-29,2026-01-26,Partner Referral,26974.37,2026-06-29,2026-01-26,Proposal,True
OP-02180,DeltaWave Media,marcus.kim@company.com,U-1016,Qualified,"USD 32,026.83",2024-01-31,2027-03-20,Web Form,32026.83,2024-01-31,2027-03-20,Qualification,True
OP-03893,Willow Creek Farms,ethan.brown@yahoo.com,U-1007,PROSPECTING,171888.21,2025-09-12,2025-01-28,Partner Referral,171888.21,2025-09-12,2025-01-28,Prospecting,True
OP-04100,Larkspur Labs,ella.smith@outlook.com,U-1026,Prospect,74646.29,2024-12-08,2024-05-09,Inbound Call,74646.29,2024-12-08,2024-05-09,Prospecting,True
OP-02999,Copperline Foods,zoe.garcia@gmail.com,U-1035,,,2025-05-07,2025-01-22,Trade Show,,2025-05-07,2025-01-22,,True
OP-00794,Everline Health,ella.thomas@company.com,U-1018,closed lost,"$94,760.84",2026-12-24,2026-07-07,Partner Referral,94760.84,2026-12-24,2026-07-07,Closed Lost,True
OP-01826,Silverline SaaS,ava.lee@company.com,U-1020,Negotiation,"$227,372.59",2025-04-04,2024-12-09,Bulk Import,227372.59,2025-04-04,2024-12-09,Proposal,True
OP-04434,Pinnacle Travel,dev.taylor@outlook.com,U-1022,Discovery,153421.71,2024-10-25,2024-08-23,Bulk Import,153421.71,2024-10-25,2024-08-23,Qualification,True
OP-04630,Quartzline Telecom,kara.smith@yahoo.com,U-1000,Qualified,"$124,706.60",2024-10-26,2024-10-05,Outbound SDR,124706.6,2024-10-26,2024-10-05,Qualification,True
OP-00398,Larkspur Labs,,U-1033,New Lead,,2026-04-01,2025-10-06,Trade Show,,2026-04-01,2025-10-06,Prospecting,
OP-02828,Northgate Auto,priya.anderson@gmail.com,U-1006,Prospecting,166786.76,2026-08-03,2026-07-01,Trade Show,166786.76,2026-08-03,2026-07-01,Prospecting,True
OP-03827,Willow Creek Farms,tom.taylor@outlook.com,U-1010,qualification,126650.85,2025-01-11,2024-10-21,Bulk Import,126650.85,2025-01-11,2024-10-21,Qualification,True
OP-00045,Harborline Bank,noah.lee@gmail.com,U-1009,Qualification,138958.35,2026-02-12,2025-12-27,Outbound SDR,138958.35,2026-02-12,2025-12-27,Qualification,True
OP-00308,Zephyr Airlines,kara.patel@gmail.com,U-1037,New Lead,187857.47,2025-01-17,2024-10-28,Inbound Call,187857.47,2025-01-17,2024-10-28,Prospecting,True
OP-D0277,Juniper Retail,raj.moore@company.com,U-1031,Qualified,170620.01,2024-11-01,2024-10-07,Partner Referral,170620.01,2024-11-01,2024-10-07,Qualification,True
OP-01947,Pinnacle Travel,lena.thomas@gmail.com,U-1039,closed lost,243022.11,2027-02-03,2026-08-23,Partner Referral,243022.11,2027-02-03,2026-08-23,Closed Lost,True
OP-01557,Granite Ridge Co,ethan.anderson@company.com,U-1018,Discovery,"$121,295.78",2024-07-23,2024-04-11,Bulk Import,121295.78,2024-07-23,2024-04-11,Qualification,True
OP-02327,Meridian Freight,lena.garcia@gmail.com,U-1030,Qualified,,2024-05-11,2024-04-08,Web Form,,2024-05-11,2024-04-08,Qualification,True
OP-04006,DeltaWave Media,ethan.lee@company.com,U-1012,Closed-Won,143795.73,2026-12-12,2026-07-06,Web Form,143795.73,2026-12-12,2026-07-06,Closed Won,True
OP-00174,Harborline Bank,raj.smith@company.com,U-1038,Discovery,,2024-04-27,2024-04-08,Outbound SDR,,2024-04-27,2024-04-08,Qualification,True
OP-03491,Northgate Auto,owen.patel@yahoo.com,U-1031,Qualifcation,246008.71,2025-07-15,2025-04-21,Web Form,246008.71,2025-07-15,2025-04-21,Qualification,True
OP-01539,Keystone Energy,ethan.miller@example.org,U-1020,closed lost,"$113,197.03",2026-02-06,2025-09-17,Bulk Import,113197.03,2026-02-06,2025-09-17,Closed Lost,True
OP-02740,Meridian Freight,kara.nguyen@outlook.com,U-1005,Proposal Sent,"$74,245",2025-09-13,2025-06-14,Web Form,74245.0,2025-09-13,2025-06-14,Proposal,True
OP-00465,Larkspur Labs,priya.moore@outlook.com,U-1036,Closed Lost,184100.88,2025-07-20,2025-03-14,Trade Show,184100.88,2025-07-20,2025-03-14,Closed Lost,True
OP-03272,Xenon Robotics,aisha.thomas@gmail.com,U-1000,prospecting,"$127,851.34",2024-05-05,2024-02-11,Web Form,127851.34,2024-05-05,2024-02-11,Prospecting,True
OP-04387,Larkspur Labs,noah.miller@outlook.com,U-1010,New Lead,77569.06,2026-09-23,2026-08-09,Partner Referral,77569.06,2026-09-23,2026-08-09,Prospecting,True
OP-03674,Copperline Foods,kara.anderson@yahoo.com,U-1021,Proposal,39350.10,2025-09-29,2025-09-01,Inbound Call,39350.1,2025-09-29,2025-09-01,Proposal,True
OP-04664,Juniper Retail,sofia.thomas@outlook.com,U-1023,Qualifcation,"175,744.08 $",2025-05-15,2025-04-17,Partner Referral,175744.08,2025-05-15,2025-04-17,Qualification,True
OP-03399,Onyx Pharma,ben.kim@gmail.com,U-1022,Won,56382.70,2026-02-02,2025-11-06,Trade Show,56382.7,2026-02-02,2025-11-06,Closed Won,True
OP-00905,Pinnacle Travel,sofia.patel@@yahoo.com,U-1031,closed won,63289.56,2024-09-29,2026-12-29,Bulk Import,63289.56,2024-09-29,2026-12-29,Closed Won,False
OP-00781,Redwood Outdoors,priya.smith@example.org,U-1007,Prospecting,231585.46,2025-09-15,2025-07-02,Partner Referral,231585.46,2025-09-15,2025-07-02,Prospecting,True
OP-01728,Yellowpine Lumber,tom.anderson@gmail.com,U-1030,Prospecting,"$236,029.98",2026-06-20,2026-04-07,Outbound SDR,236029.98,2026-06-20,2026-04-07,Prospecting,True
OP-01597,Everline Health,chrissmith@company.com,U-1020,Closed-Won,173140.26,2024-09-04,2024-05-11,Web Form,173140.26,2024-09-04,2024-05-11,Closed Won,True
OP-03887,Acme Industrial,chris.nguyen@gmail.com,U-1037,ClosedLost,106095.94,2025-02-27,2024-12-24,Outbound SDR,106095.94,2025-02-27,2024-12-24,Closed Lost,True
OP-02685,Harborline Bank,maya.miller@company.com,U-1030,qualification,12804.61,2027-01-16,2026-06-04,Web Form,12804.61,2027-01-16,2026-06-04,Qualification,True
OP-01450,Silverline SaaS,noah.wilson@yahoo.com,U-1028,Qualifcation,"$248,417",2026-03-11,2025-08-28,Partner Referral,248417.0,2026-03-11,2025-08-28,Qualification,True
OP-03141,Redwood Outdoors,liam.patel@company.com,U-1020,Qualified,"$196,164",2024-05-24,2024-01-22,Outbound SDR,196164.0,2024-05-24,2024-01-22,Qualification,True
OP-02813,Juniper Retail,ethan.smith@gmail.com,U-1024,prospecting,124079.05,2025-02-07,2024-11-09,Bulk Import,124079.05,2025-02-07,2024-11-09,Prospecting,True
OP-04016,BluePeak Logistics,aisha.lee@gmail.com,U-1033,Prospecting,202434.14,2026-01-11,2025-12-21,Bulk Import,202434.14,2026-01-11,2025-12-21,Prospecting,True
OP-02959,Yellowpine Lumber,ben.johnson@example.org,U-1001,Qualified,178408.74,,2024-08-29,Partner Referral,178408.74,,2024-08-29,Qualification,True
OP-02501,Tidewater Marine,nina.moore@yahoo.com,U-1039,Qualifcation,"$99,666",2026-07-05,2026-04-12,Web Form,99666.0,2026-07-05,2026-04-12,Qualification,True
OP-04458,Vertex Capital,noah.wilson@gmail.com,U-1027,Closed-Lost,,2025-12-25,2025-11-01,Bulk Import,,2025-12-25,2025-11-01,Closed Lost,True
OP-03779,Yellowpine Lumber,tom.nguyen@company.com,U-1001,prospecting,132425.63,2025-10-10,2025-04-30,Trade Show,132425.63,2025-10-10,2025-04-30,Prospecting,True
OP-00604,Willow Creek Farms,dev.brown@outlook.com,inactive_user,Prospect,210349.97,2025-08-17,2025-02-11,Bulk Import,210349.97,2025-08-17,2025-02-11,Prospecting,True
OP-03607,Onyx Pharma,sofia.moore@yahoo.com,U-1029,Qualifcation,"$248,368.52",2026-03-09,2025-12-16,Outbound SDR,248368.52,2026-03-09,2025-12-16,Qualification,True
OP-01928,Acme Industrial,owen.wilson@yahoo.com,U-1015,Prospect,25855.77,2026-12-30,2026-07-18,Inbound Call,25855.77,2026-12-30,2026-07-18,Prospecting,True
OP-03624,ForgePoint Systems,aisha.thomas@yahoo.com,U-1024,PROSPECTING,46403.32,2025-09-22,2025-01-26,Bulk Import,46403.32,2025-09-22,2025-01-26,Prospecting,True
OP-00866,Juniper Retail,liam.brown@example.org,U-1035,CLOSED WON,102244.62,2026-04-22,2026-03-10,Outbound SDR,102244.62,2026-04-22,2026-03-10,Closed Won,True
OP-D0151,Copperline Foods,kara.thomas@company.com,U-1006,Proposal,30278.47,2026-07-28,2026-04-28,Outbound SDR,30278.47,2026-07-28,2026-04-28,Proposal,True
OP-02098,Copperline Foods,priya.miller@example.org,U-1022,qualification,"226,632.18 $",2026-05-26,2026-04-05,Partner Referral,226632.18,2026-05-26,2026-04-05,Qualification,True
OP-01902,DeltaWave Media,priya.anderson@example.org,U-1006,qualification,232408.59,2025-12-30,2025-05-13,Outbound SDR,232408.59,2025-12-30,2025-05-13,Qualification,True
OP-02650,Yellowpine Lumber,owen.miller@gmail.com,U-0000,Qualified,154697.00,2025-06-16,2025-05-05,Inbound Call,154697.0,2025-06-16,2025-05-05,Qualification,True
OP-01740,Xenon Robotics,lena.kim@company.com,admin,Qualification,"$48,728",2026-09-10,2026-07-07,Bulk Import,48728.0,2026-09-10,2026-07-07,Qualification,True
OP-03829,Yellowpine Lumber,ben.davis@gmail.com,U-1007,Discovery,48383.35,2024-09-24,2024-07-22,Outbound SDR,48383.35,2024-09-24,2024-07-22,Qualification,True
OP-01503,Quartzline Telecom,kara.smith@company.com,U-1030,closed won,118240.78,2025-12-25,2025-05-08,Outbound SDR,118240.78,2025-12-25,2025-05-08,Closed Won,True
OP-00477,Vertex Capital,nina.tayloryahoo.com,U-1036,New Lead,"$174,413.54",2026-08-14,2026-07-08,Inbound Call,174413.54,2026-08-14,2026-07-08,Prospecting,False
OP-04208,Everline Health,priya.wilsonexample.org,U-1007,Qualification,50744.67,2027-02-02,2026-07-15,Partner Referral,50744.67,2027-02-02,2026-07-15,Qualification,False
OP-04520,Granite Ridge Co,ava.wilson@example.org,U-1028,Qualified,61966.95,2026-07-30,2027-03-20,Inbound Call,61966.95,2026-07-30,2027-03-20,Qualification,True
OP-04101,Vertex Capital,,U-1037,Prospect,62268.71,2026-01-11,2025-09-14,Outbound SDR,62268.71,2026-01-11,2025-09-14,Prospecting,
OP-04601,Xenon Robotics,ella.kim@example.org,U-1033,,117540.85,2026-11-18,2026-05-19,Partner Referral,117540.85,2026-11-18,2026-05-19,,True
OP-01787,Meridian Freight,aisha.davis@yahoo.com,U-1007,Closed Won,206490.18,2024-10-11,2024-04-15,Trade Show,206490.18,2024-10-11,2024-04-15,Closed Won,True
OP-03449,Everline Health,maya.nguyen@outlook.com,U-1001,proposal,"USD 43,851.74",2025-02-12,2024-10-02,Web Form,43851.74,2025-02-12,2024-10-02,Proposal,True
OP-02297,Quartzline Telecom,tom.lee@outlook.com,U-1025,Proposal Sent,219782.41,2025-07-26,2025-03-14,Trade Show,219782.41,2025-07-26,2025-03-14,Proposal,True
OP-01417,DeltaWave Media,raj.anderson@yahoo.com,U-1011,Closed-Won,149901.67,2025-04-20,2025-02-21,Trade Show,149901.67,2025-04-20,2025-02-21,Closed Won,True
OP-00452,Quartzline Telecom,sofia.kim@outlook.com,U-1003,Proposal Sent,188136.63,2026-07-12,2026-03-21,Trade Show,188136.63,2026-07-12,2026-03-21,Proposal,True
OP-01246,,ava.wilson@company.com,U-1023,Qualification,34804.55,2026-09-25,2026-03-21,Bulk Import,34804.55,2026-09-25,2026-03-21,Qualification,True
OP-02401,Granite Ridge Co,marcus.johnson@outlook.com,U-1029,PROSPECTING,29071.48,2025-09-29,2025-03-28,Outbound SDR,29071.48,2025-09-29,2025-03-28,Prospecting,True
OP-02013,Keystone Energy,tom.miller@gmail.com,U-1038,Qualification,,2026-01-03,2025-08-18,Partner Referral,,2026-01-03,2025-08-18,Qualification,True
OP-00869,Copperline Foods,zoe.taylor@outlook.com,U-1020,New Lead,121518.41,2027-03-10,2026-08-03,Bulk Import,121518.41,2027-03-10,2026-08-03,Prospecting,True
OP-01262,BluePeak Logistics,ben.brown@company.com,U-1023,Quote Sent,166917.00,2024-09-20,2024-08-20,Web Form,166917.0,2024-09-20,2024-08-20,Proposal,True
OP-00110,Quartzline Telecom,nina.taylor@gmail.com,U-1032,Negotiation,123229.34,2025-05-03,2025-03-28,Outbound SDR,123229.34,2025-05-03,2025-03-28,Proposal,True
OP-01456,Copperline Foods,ethan.moore@gmail.com,U-1038,ClosedLost,194403.41,2025-02-21,2024-12-23,Partner Referral,194403.41,2025-02-21,2024-12-23,Closed Lost,True
OP-02391,Everline Health,kara.davis@example.org,U-1025,Closed-Won,155226.51,2024-09-09,2027-06-18,Web Form,155226.51,2024-09-09,2027-06-18,Closed Won,True
OP-01954,Xenon Robotics,kara.wilson@gmail.com,U-1013,,233406.82,2026-05-26,2026-01-06,Inbound Call,233406.82,2026-05-26,2026-01-06,,True
OP-02845,Umbra Defense,,U-1008,closed won,138484.49,2025-01-02,2024-08-29,Web Form,138484.49,2025-01-02,2024-08-29,Closed Won,
OP-04203,Yellowpine Lumber,nina.johnson@gmail.com,U-1026,,78611.92,2024-05-22,2024-04-23,Outbound SDR,78611.92,2024-05-22,2024-04-23,,True
OP-03060,ForgePoint Systems,liam.nguyen@outlook.com,U-1003,PROSPECTING,19533.13,2026-05-11,2026-01-20,Trade Show,19533.13,2026-05-11,2026-01-20,Prospecting,True
OP-03238,Willow Creek Farms,liam.kim@gmail.com,U-1020,closed won,"$36,211",2025-10-23,2025-07-18,Web Form,36211.0,2025-10-23,2025-07-18,Closed Won,True
OP-01789,Juniper Retail,raj.miller@outlook.com,U-1007,ClosedWon,125169.91,2025-10-22,2025-04-02,Inbound Call,125169.91,2025-10-22,2025-04-02,Closed Won,True
OP-04027,Silverline SaaS,maya.smith@yahoo.com,U-1022,Prospect,146429.83,,2025-01-24,Trade Show,146429.83,,2025-01-24,Prospecting,True
OP-04337,Granite Ridge Co,maya.smith@yahoo.com,U-1034,proposal,,2027-02-07,2026-07-13,Trade Show,,2027-02-07,2026-07-13,Proposal,True
OP-00868,Vertex Capital,ben.taylor@outlook.com,U-1022,ClosedLost,153281.74,2024-06-12,2024-04-30,Bulk Import,153281.74,2024-06-12,2024-04-30,Closed Lost,True
OP-02652,Umbra Defense,marcus.davis@yahoo.com,U-1009,Proposal Sent,170281.19,2026-08-12,2025-12-17,Web Form,170281.19,2026-08-12,2025-12-17,Proposal,True
OP-02560,Vertex Capital,marcus.wilson@yahoo.com,U-1037,Qualified,,2026-06-06,2026-04-02,Bulk Import,,2026-06-06,2026-04-02,Qualification,True
OP-00929,Onyx Pharma,aisha.smith@gmail.com,U-1025,Won,157238.25,2024-08-04,2024-01-23,Partner Referral,157238.25,2024-08-04,2024-01-23,Closed Won,True
OP-02500,Keystone Energy,,U-1011,,16680.59,2025-12-05,2025-07-28,Trade Show,16680.59,2025-12-05,2025-07-28,,
OP-04042,Granite Ridge Co,maya.wilson@outlook.com,U-1034,proposal,82336.06,2026-06-06,2026-01-18,Web Form,82336.06,2026-06-06,2026-01-18,Proposal,True
OP-04575,Quartzline Telecom,,U-1009,proposal,137586.12,2026-10-08,2026-07-12,Outbound SDR,137586.12,2026-10-08,2026-07-12,Proposal,
OP-02432,Xenon Robotics,liam.brown@company.com,U-1015,Qualification,96433.38,2024-12-02,2024-09-15,Outbound SDR,96433.38,2024-12-02,2024-09-15,Qualification,True
OP-03450,Larkspur Labs,ava.smith@example.org,U-1008,New Lead,48836.71,2025-03-10,2027-04-08,Partner Referral,48836.71,2025-03-10,2027-04-08,Prospecting,True
OP-03418,Acme Industrial,owen.smith@example.org,U-1016,Discovery,76129.67,2024-11-26,2024-07-16,Trade Show,76129.67,2024-11-26,2024-07-16,Qualification,True
OP-00223,Silverline SaaS,raj.davis@gmail.com,U-1039,Qualified,126278.55,2026-09-03,2026-01-20,Trade Show,126278.55,2026-09-03,2026-01-20,Qualification,True
OP-01949,,ava.johnson@outlook.com,U-1001,proposal,"$158,646",2025-09-30,2025-05-20,Web Form,158646.0,2025-09-30,2025-05-20,Proposal,True
OP-00434,Onyx Pharma,ethan.lee@outlook.com,U-1004,Qualified,80621.07,2025-08-18,2025-04-23,Partner Referral,80621.07,2025-08-18,2025-04-23,Qualification,True
OP-01429,Keystone Energy,ella.anderson@gmail.com,U-1004,Proposal,128125.58,2024-10-04,2024-04-05,Web Form,128125.58,2024-10-04,2024-04-05,Proposal,True
OP-02804,BluePeak Logistics,noah.taylor@yahoo.com,U-1033,Proposal Sent,155567.34,2025-09-07,2025-05-07,Web Form,155567.34,2025-09-07,2025-05-07,Proposal,True
OP-00998,Acme Industrial,nina.lee@yahoo.com,U-1037,New Lead,59240.66,2026-07-05,2025-11-29,Web Form,59240.66,2026-07-05,2025-11-29,Prospecting,True
OP-01531,,liam.johnson@example.org,U-1022,prospecting,88898.59,2025-12-26,2025-11-16,Inbound Call,88898.59,2025-12-26,2025-11-16,Prospecting,True
OP-02457,Northgate Auto,owen.davis@company.com,U-1011,,,,2025-10-17,Outbound SDR,,,2025-10-17,,True
OP-00419,Granite Ridge Co,zoe.moore@gmail.com,U-1036,Negotiation,142154.78,2026-05-21,2025-11-06,Inbound Call,142154.78,2026-05-21,2025-11-06,Proposal,True
OP-03622,Keystone Energy,noah.wilson@example.org,U-1039,ClosedWon,165337.21,2024-08-28,2024-02-03,Outbound SDR,165337.21,2024-08-28,2024-02-03,Closed Won,True
OP-04040,Granite Ridge Co,ben.anderson@example.org,U-1039,Prospect,59688.59,2026-08-01,2026-05-06,Inbound Call,59688.59,2026-08-01,2026-05-06,Prospecting,True
OP-03956,Quartzline Telecom,maya.garcia@example.org,U-1000,New Lead,"$19,918",2024-10-04,2024-08-18,Bulk Import,19918.0,2024-10-04,2024-08-18,Prospecting,True
OP-01979,Quartzline Telecom,lena.anderson@yahoo.com,U-1025,Prospecting,162538.16,2026-08-27,2026-06-15,Web Form,162538.16,2026-08-27,2026-06-15,Prospecting,True
OP-04174,Onyx Pharma,ella.taylor@yahoo.com,U-1026,Qualification,49649.64,2024-11-19,2024-05-01,Outbound SDR,49649.64,2024-11-19,2024-05-01,Qualification,True
OP-03294,Vertex Capital,liam.smith@example.org,U-1036,Quote Sent,191212.75,2026-02-20,2025-07-02,Web Form,191212.75,2026-02-20,2025-07-02,Proposal,True
OP-04152,Tidewater Marine,maya.patel@yahoo.com,U-1001,Quote Sent,239392.06,2024-10-30,2024-04-24,Inbound Call,239392.06,2024-10-30,2024-04-24,Proposal,True
OP-00395,Quartzline Telecom,ben.nguyen@company.com,U-1021,Prospect,30264.38,2024-09-02,2024-02-02,Partner Referral,30264.38,2024-09-02,2024-02-02,Prospecting,True
OP-01855,Xenon Robotics,ava.lee@company.com,U-1035,Prospect,245884.59,2024-06-02,2024-02-28,Bulk Import,245884.59,2024-06-02,2024-02-28,Prospecting,True
OP-02011,Quartzline Telecom,chris.anderson@example.org,U-1026,prospecting,"$209,031.54",2026-06-25,2025-12-08,Inbound Call,209031.54,2026-06-25,2025-12-08,Prospecting,True
OP-03801,Redwood Outdoors,aisha.smith@example.org,U-1008,Proposal Sent,159700.58,2024-11-30,2024-09-02,Outbound SDR,159700.58,2024-11-30,2024-09-02,Proposal,True
OP-00833,DeltaWave Media,raj.lee@outlook.com,U-1031,proposal,82529.33,2025-05-31,2025-01-24,Inbound Call,82529.33,2025-05-31,2025-01-24,Proposal,True
OP-01651,Redwood Outdoors,aisha.moore@example.org,U-1037,prospecting,20854.57,2026-04-16,2025-11-27,Web Form,20854.57,2026-04-16,2025-11-27,Prospecting,True
OP-01607,Onyx Pharma,,U-1012,Closed Won,219792.24,2026-08-07,2026-07-22,Outbound SDR,219792.24,2026-08-07,2026-07-22,Closed Won,
OP-00675,Xenon Robotics,lena.davis@gmail.com,U-1001,Prospecting,200348.22,2025-03-13,2024-11-20,Web Form,200348.22,2025-03-13,2024-11-20,Prospecting,True
OP-00949,Yellowpine Lumber,ella.anderson@example.org,U-1035,Qualified,87738.37,2026-10-31,2026-06-24,Partner Referral,87738.37,2026-10-31,2026-06-24,Qualification,True
OP-02844,,priya.nguyen@gmail.com,U-1008,Negotiation,21197.45,2026-12-05,2026-04-30,Trade Show,21197.45,2026-12-05,2026-04-30,Proposal,True
OP-03406,DeltaWave Media,noah.lee@gmail.com,U-1014,Prospect,,2025-04-21,2025-02-18,Inbound Call,,2025-04-21,2025-02-18,Prospecting,True
OP-00513,Acme Industrial,chris.garcia@outlook.com,U-1008,prospecting,21112.19,2024-09-07,2026-11-26,Trade Show,21112.19,2024-09-07,2026-11-26,Prospecting,True
OP-02534,Acme Industrial,sofia.garcia@outlook.com,U-1005,Discovery,43153.14,2024-03-01,2024-01-14,Partner Referral,43153.14,2024-03-01,2024-01-14,Qualification,True
OP-04519,Silverline SaaS,tom.taylor@outlook.com,U-1012,Discovery,121457.18,2025-11-04,2025-05-25,Outbound SDR,121457.18,2025-11-04,2025-05-25,Qualification,True
OP-02918,Acme Industrial,aisha.anderson@example.org,U-1015,Qualified,203895.82,2024-09-01,2024-06-26,Outbound SDR,203895.82,2024-09-01,2024-06-26,Qualification,True
OP-03332,DeltaWave Media,ben.nguyen@example.org,U-1024,closed won,241117.56,2026-05-08,2026-03-11,Bulk Import,241117.56,2026-05-08,2026-03-11,Closed Won,True
OP-00751,Silverline SaaS,ava.thomas@example.org,U-1035,qualification,100501.01,2026-09-30,2026-06-21,Partner Referral,100501.01,2026-09-30,2026-06-21,Qualification,True
OP-04510,Onyx Pharma,nina.johnson@company.com,U-1030,Proposal,230558.91,2026-09-16,2026-04-05,Web Form,230558.91,2026-09-16,2026-04-05,Proposal,True
OP-02071,Onyx Pharma,priya.johnson@example.org,U-1036,PROSPECTING,,2026-03-06,2025-12-31,Outbound SDR,,2026-03-06,2025-12-31,Prospecting,True
OP-04557,Silverline SaaS,ella.patel@outlook.com,U-1030,Proposal,"27,703.24 $",2024-06-26,2024-04-10,Web Form,27703.24,2024-06-26,2024-04-10,Proposal,True
OP-00099,Vertex Capital,kara.miller@outlook.com,U-1037,Proposal,150033.58,2024-08-13,2024-04-22,Outbound SDR,150033.58,2024-08-13,2024-04-22,Proposal,True
OP-00322,Copperline Foods,kara.davis@outlook.com,U-1013,Qualified,82410.27,2026-05-31,2026-04-03,Web Form,82410.27,2026-05-31,2026-04-03,Qualification,True
OP-04248,Yellowpine Lumber,nina.taylor@outlook.com,U-1038,PROSPECTING,162470.51,2025-11-06,2025-04-18,Partner Referral,162470.51,2025-11-06,2025-04-18,Prospecting,True
OP-03112,Granite Ridge Co,nina.smith@example.org,U-1012,Prospecting,38859.15,2024-09-15,2027-04-29,Partner Referral,38859.15,2024-09-15,2027-04-29,Prospecting,True
OP-01781,BluePeak Logistics,zoe.miller@example.org,U-1025,qualification,,2024-11-20,2024-05-07,Outbound SDR,,2024-11-20,2024-05-07,Qualification,True
OP-00488,,kara.brown@outlook.com,U-1032,Qualifcation,54840.35,2025-01-15,2024-10-24,Web Form,54840.35,2025-01-15,2024-10-24,Qualification,True
OP-03475,Juniper Retail,raj.anderson@company.com,U-1019,Quote Sent,,2025-04-20,2025-01-26,Outbound SDR,,2025-04-20,2025-01-26,Proposal,True
OP-04346,Keystone Energy,zoe.nguyen@outlook.com,U-1007,Prospecting,"106,160.01 $",2026-12-13,2026-05-04,Outbound SDR,106160.01,2026-12-13,2026-05-04,Prospecting,True
OP-02430,Everline Health,priya.smith@gmail.com,U-1024,prospecting,28386.42,2026-06-24,2025-12-18,Web Form,28386.42,2026-06-24,2025-12-18,Prospecting,True
OP-03015,Juniper Retail,raj.brown@yahoo.com,U-1017,Qualification,239677.31,2025-03-27,2024-08-23,Bulk Import,239677.31,2025-03-27,2024-08-23,Qualification,True
OP-03437,Xenon Robotics,ben.davis@outlook.com,U-1014,Closed Won,148304.45,2026-07-27,2026-06-24,Partner Referral,148304.45,2026-07-27,2026-06-24,Closed Won,True
OP-03308,Zephyr Airlines,ella.davis@company.com,U-1026,Won,25328.01,2026-01-02,2025-07-26,Outbound SDR,25328.01,2026-01-02,2025-07-26,Closed Won,True
OP-03021,Zephyr Airlines,raj.kim@outlook.com,U-1025,proposal,6664.84,2025-06-22,2024-12-04,Trade Show,6664.84,2025-06-22,2024-12-04,Proposal,True
OP-04392,Everline Health,lena.patel@outlook.com,U-1034,Lost,8024.26,2024-12-23,2027-04-17,Bulk Import,8024.26,2024-12-23,2027-04-17,Closed Lost,True
OP-01655,Harborline Bank,chris.garcia@outlook.com,U-1008,,121123.99,2025-03-18,2024-09-29,Outbound SDR,121123.99,2025-03-18,2024-09-29,,True
OP-01482,Larkspur Labs,liam.garcia@gmail.com,U-1022,proposal,201148.85,2025-06-22,2025-02-22,Partner Referral,201148.85,2025-06-22,2025-02-22,Proposal,True
OP-03620,Keystone Energy,ava.wilson@company.com,U-1037,Prospect,117649.07,2027-01-24,2026-08-14,Partner Referral,117649.07,2027-01-24,2026-08-14,Prospecting,True
OP-04163,Northgate Auto,marcus.johnson@outlook.com,U-1013,Negotiation,18903.10,2025-03-21,2025-01-28,Trade Show,18903.1,2025-03-21,2025-01-28,Proposal,True
OP-00085,Pinnacle Travel,chris.johnson@company.com,U-1011,Discovery,68146.73,2026-04-22,2025-12-09,Bulk Import,68146.73,2026-04-22,2025-12-09,Qualification,True
OP-04553,Ironclad Security,aisha.davis@outlook.com,U-1037,closed won,"USD 7,754.76",2026-06-26,2025-11-05,Inbound Call,7754.76,2026-06-26,2025-11-05,Closed Won,True
OP-00275,Quartzline Telecom,ava.davis@yahoo.com,U-1021,PROSPECTING,219911.96,2025-05-11,2024-10-09,Outbound SDR,219911.96,2025-05-11,2024-10-09,Prospecting,True
OP-03139,Onyx Pharma,dev.lee@yahoo.com,U-1039,Qualifcation,"$59,242.40",,2026-03-14,Inbound Call,59242.4,,2026-03-14,Qualification,True
OP-01430,Umbra Defense,chris.miller@outlook.com,U-1036,Qualified,109329.99,2024-09-03,2024-06-27,Partner Referral,109329.99,2024-09-03,2024-06-27,Qualification,True
OP-01682,Zephyr Airlines,priya.moore@company.com,U-1004,Discovery,29959.48,2024-07-01,2024-03-22,Outbound SDR,29959.48,2024-07-01,2024-03-22,Qualification,True
OP-03604,Harborline Bank,ben.anderson@example.org,U-1012,New Lead,,2024-12-26,2024-11-05,Trade Show,,2024-12-26,2024-11-05,Prospecting,True
OP-02036,Willow Creek Farms,noah.kim@company.com,U-1015,Qualification,190950.60,2024-11-26,2024-04-25,Inbound Call,190950.6,2024-11-26,2024-04-25,Qualification,True
OP-01661,Yellowpine Lumber,liam.kim@example.org,U-1004,qualification,,2025-03-03,2025-01-19,Web Form,,2025-03-03,2025-01-19,Qualification,True
OP-00144,Pinnacle Travel,maya.brown@example.org,U-1023,,95042.74,2024-10-26,2024-05-25,Outbound SDR,95042.74,2024-10-26,2024-05-25,,True
OP-02394,Meridian Freight,,U-1000,Qualifcation,"USD 119,745.03",2025-05-18,2025-01-17,Trade Show,119745.03,2025-05-18,2025-01-17,Qualification,
OP-00263,Umbra Defense,kara.kim@company.com,U-1027,Negotiation,104965.78,2026-10-19,2026-08-28,Web Form,104965.78,2026-10-19,2026-08-28,Proposal,True
OP-02453,Harborline Bank,lena.johnson@gmail.com,U-1037,Qualifcation,79228.00,2024-12-16,2024-11-12,Trade Show,79228.0,2024-12-16,2024-11-12,Qualification,True
OP-04586,Vertex Capital,nina.garcia@company.com,U-1029,Closed Lost,"$169,388.09",2025-08-15,2025-07-04,Partner Referral,169388.09,2025-08-15,2025-07-04,Closed Lost,True
OP-02620,Pinnacle Travel,ava.lee@outlook.com,U-1036,Prospecting,54624.80,2024-09-05,2024-03-08,Web Form,54624.8,2024-09-05,2024-03-08,Prospecting,True
OP-01304,Everline Health,marcus.brown@outlook.com,U-1019,qualification,31220.51,2025-08-12,2025-01-30,Outbound SDR,31220.51,2025-08-12,2025-01-30,Qualification,True
OP-03223,Northgate Auto,priya.brown@gmail.com,U-1023,Closed-Won,225206.31,2026-06-13,2025-12-25,Web Form,225206.31,2026-06-13,2025-12-25,Closed Won,True
OP-01619,Xenon Robotics,ben.wilson@outlook.com,U-1001,Closed-Lost,217587.29,2025-03-23,2025-02-18,Partner Referral,217587.29,2025-03-23,2025-02-18,Closed Lost,True
OP-01396,Willow Creek Farms,priya.patel@outlook.com,U-1033,Qualification,,2026-05-04,2026-01-10,Bulk Import,,2026-05-04,2026-01-10,Qualification,True
OP-03809,Onyx Pharma,nina.anderson@gmail.com,U-1015,prospecting,217028.18,2026-01-24,2025-12-29,Web Form,217028.18,2026-01-24,2025-12-29,Prospecting,True
OP-00380,Yellowpine Lumber,tom.taylor@outlook.com,U-1028,Qualified,223382.61,2026-10-19,2026-08-06,Web Form,223382.61,2026-10-19,2026-08-06,Qualification,True
OP-00817,Willow Creek Farms,chris.johnson@example.org,U-1025,Qualifcation,9387.70,2025-08-26,2025-07-01,Inbound Call,9387.7,2025-08-26,2025-07-01,Qualification,True
OP-02105,Willow Creek Farms,dev.patel@company.com,U-1003,Closed-Won,93389.54,2026-11-28,2026-06-24,Outbound SDR,93389.54,2026-11-28,2026-06-24,Closed Won,True
OP-00499,Meridian Freight,aisha.brown@example.org,U-1025,Discovery,242941.53,2025-11-19,2025-05-21,Bulk Import,242941.53,2025-11-19,2025-05-21,Qualification,True
OP-00784,Xenon Robotics,priya.thomas@company.com,U-1033,CLOSED WON,7710.59,2026-10-11,2026-06-28,Partner Referral,7710.59,2026-10-11,2026-06-28,Closed Won,True
OP-04322,Meridian Freight,maya.brown@yahoo.com,U-1025,Negotiation,158927.39,2026-07-04,2025-12-17,Trade Show,158927.39,2026-07-04,2025-12-17,Proposal,True
OP-01085,Vertex Capital,priya.thomas@yahoo.com,U-1030,Prospect,"$173,494.36",,2024-03-05,Bulk Import,173494.36,,2024-03-05,Prospecting,True
OP-02209,Xenon Robotics,sofia.thomas@outlook.com,U-1002,Qualifcation,107689.81,2025-03-01,2024-12-28,Outbound SDR,107689.81,2025-03-01,2024-12-28,Qualification,True
OP-04215,Acme Industrial,nina.patel@example.org,U-1032,Qualified,,2025-03-23,2024-08-09,Trade Show,,2025-03-23,2024-08-09,Qualification,True
OP-04421,Keystone Energy,dev.miller@example.org,U-1033,prospecting,"$26,736.13",2024-04-18,2024-02-24,Inbound Call,26736.13,2024-04-18,2024-02-24,Prospecting,True
OP-02950,DeltaWave Media,sofia.anderson@example.org,U-1016,Closed-Won,74700.09,2026-04-19,2025-12-21,Inbound Call,74700.09,2026-04-19,2025-12-21,Closed Won,True
OP-00948,Tidewater Marine,zoe.moore@company.com,U-1010,Qualification,232884.37,2026-09-28,2026-06-22,Trade Show,232884.37,2026-09-28,2026-06-22,Qualification,True
OP-00340,Everline Health,tom.thomas@gmail.com,U-1035,Quote Sent,"$85,994",2026-08-27,2026-03-29,Web Form,85994.0,2026-08-27,2026-03-29,Proposal,True
OP-04193,Xenon Robotics,kara.miller@gmail.com,U-1021,prospecting,117149.17,2026-11-19,2026-06-18,Outbound SDR,117149.17,2026-11-19,2026-06-18,Prospecting,True
OP-01782,Meridian Freight,kara.johnson@yahoo.com,U-1003,Closed-Lost,9279.20,2025-03-11,2024-12-27,Inbound Call,9279.2,2025-03-11,2024-12-27,Closed Lost,True
OP-02791,Yellowpine Lumber,nina.brown@example.org,U-1013,Negotiation,144499.06,2024-05-20,2024-03-26,Web Form,144499.06,2024-05-20,2024-03-26,Proposal,True
OP-02741,Quartzline Telecom,chris.nguyen@outlook.com,U-1023,Proposal,179510.04,2024-05-29,2024-02-12,Trade Show,179510.04,2024-05-29,2024-02-12,Proposal,True
OP-00941,Tidewater Marine,tom.kim@outlook.com,U-1024,proposal,16529.84,,2024-05-18,Trade Show,16529.84,,2024-05-18,Proposal,True
OP-03027,Acme Industrial,raj.anderson@gmail.com,U-1025,Won,116811.27,2026-04-14,2025-11-27,Bulk Import,116811.27,2026-04-14,2025-11-27,Closed Won,True
OP-01507,Redwood Outdoors,ava.lee@yahoo.com,U-1021,New Lead,37265.97,2025-09-11,2025-08-10,Inbound Call,37265.97,2025-09-11,2025-08-10,Prospecting,True
OP-01274,Xenon Robotics,aisha.davis@outlook.com,U-1004,Qualifcation,67325.07,2025-01-01,2024-08-15,Partner Referral,67325.07,2025-01-01,2024-08-15,Qualification,True
OP-00853,BluePeak Logistics,marcus.nguyen@outlook.com,U-1013,Qualifcation,172333.21,2026-05-22,2025-11-20,Partner Referral,172333.21,2026-05-22,2025-11-20,Qualification,True
OP-04680,Larkspur Labs,ben.johnson@yahoo.com,U-1033,Negotiation,"$220,749",2026-05-22,2025-11-01,Trade Show,220749.0,2026-05-22,2025-11-01,Proposal,True
OP-04686,Yellowpine Lumber,not-an-email,U-1007,Proposal,,2025-07-22,2025-01-23,Web Form,,2025-07-22,2025-01-23,Proposal,False
OP-02735,Xenon Robotics,tom.taylor@gmail.com,U-1006,PROSPECTING,41213.30,2024-09-14,2024-08-11,Trade Show,41213.3,2024-09-14,2024-08-11,Prospecting,True
OP-00137,Willow Creek Farms,ben.garcia@yahoo.com,U-1029,Qualification,145182.28,2024-10-05,2024-08-07,Web Form,145182.28,2024-10-05,2024-08-07,Qualification,True
OP-02727,Larkspur Labs,zoe.johnson@yahoo.com,U-1038,ClosedWon,"$152,164.74",2024-05-04,2024-01-24,Bulk Import,152164.74,2024-05-04,2024-01-24,Closed Won,True
OP-00498,Redwood Outdoors,chris.davis@example.org,U-1010,Qualification,227890.60,2025-08-14,2024-12-21,Bulk Import,227890.6,2025-08-14,2024-12-21,Qualification,True
OP-03182,Meridian Freight,sofia.lee@yahoo.com,U-1018,Prospecting,"$45,925.40",2024-09-24,2024-08-10,Bulk Import,45925.4,2024-09-24,2024-08-10,Prospecting,True
OP-03040,Keystone Energy,ethan.lee@outlook.com,U-1016,Closed-Won,179789.49,2026-09-10,2026-04-19,Inbound Call,179789.49,2026-09-10,2026-04-19,Closed Won,True
OP-00162,Acme Industrial,zoe.johnson@gmail.com,U-1014,Discovery,63963.45,2025-10-01,2025-02-18,Inbound Call,63963.45,2025-10-01,2025-02-18,Qualification,True
OP-03580,Granite Ridge Co,priya.kim@company.com,U-1008,Quote Sent,"$12,285.65",2024-08-23,2024-06-20,Bulk Import,12285.65,2024-08-23,2024-06-20,Proposal,True
OP-00926,Meridian Freight,kara.patel@outlook.com,U-1011,PROSPECTING,238231.50,2024-05-26,2024-04-11,Partner Referral,238231.5,2024-05-26,2024-04-11,Prospecting,True
OP-02848,Granite Ridge Co,marcus.brown@outlook.com,U-1019,Quote Sent,125042.56,2026-12-31,2026-05-29,Partner Referral,125042.56,2026-12-31,2026-05-29,Proposal,True
OP-01563,Redwood Outdoors,priya.brown@gmail.com,U-1030,Discovery,10344.08,2025-05-19,2026-12-21,Outbound SDR,10344.08,2025-05-19,2026-12-21,Qualification,True
OP-01460,Larkspur Labs,liam.taylor@yahoo.com,U-0000,Closed Won,81540.49,2025-03-04,2025-01-06,Bulk Import,81540.49,2025-03-04,2025-01-06,Closed Won,True
OP-04190,Meridian Freight,zoe.garcia@gmail.com,U-1001,qualification,"$150,560",2025-03-11,2025-02-18,Web Form,150560.0,2025-03-11,2025-02-18,Qualification,True
OP-04335,Pinnacle Travel,tom.moore@outlook.com,U-1029,Lost,"$167,387.14",2024-07-27,2024-06-25,Bulk Import,167387.14,2024-07-27,2024-06-25,Closed Lost,True
OP-03875,Tidewater Marine,ethan.smith@gmail.com,U-1022,Qualification,122232.49,2024-10-30,2024-07-31,Partner Referral,122232.49,2024-10-30,2024-07-31,Qualification,True
OP-04349,Meridian Freight,priya.garcia@yahoo.com,U-1011,qualification,178433.92,2024-12-11,2024-10-30,Web Form,178433.92,2024-12-11,2024-10-30,Qualification,True
OP-00939,Xenon Robotics,nina.patel@company.com,U-1006,Discovery,38074.13,2024-08-18,2024-01-03,Inbound Call,38074.13,2024-08-18,2024-01-03,Qualification,True
OP-04009,ForgePoint Systems,aisha.nguyen@yahoo.com,U-1017,,"$42,713.99",2024-09-27,2024-09-17,Partner Referral,42713.99,2024-09-27,2024-09-17,,True
OP-04298,,dev.lee@outlook.com,U-1026,Quote Sent,"$158,289.56",2026-12-21,2026-06-14,Web Form,158289.56,2026-12-21,2026-06-14,Proposal,True
OP-00762,Zephyr Airlines,ella.nguyen@example.org,U-1026,PROSPECTING,138015.78,2025-04-19,2024-12-08,Trade Show,138015.78,2025-04-19,2024-12-08,Prospecting,True
OP-01899,BluePeak Logistics,sofia.smith@outlook.com,U-1017,Won,72186.33,2026-07-20,2026-03-24,Web Form,72186.33,2026-07-20,2026-03-24,Closed Won,True
OP-03505,Copperline Foods,marcus.thomas@yahoo.com,U-1006,Discovery,145337.59,2025-08-21,2025-01-01,Bulk Import,145337.59,2025-08-21,2025-01-01,Qualification,True
OP-02739,DeltaWave Media,kara.lee@yahoo.com,U-1024,Qualified,197965.73,2025-01-20,2024-11-18,Outbound SDR,197965.73,2025-01-20,2024-11-18,Qualification,True
OP-02211,,not-an-email,U-1001,Qualification,243187.41,2025-01-01,2024-08-23,Outbound SDR,243187.41,2025-01-01,2024-08-23,Qualification,False
OP-03306,DeltaWave Media,priya.anderson@example.org,U-1022,closed won,186124.16,2025-06-12,2025-03-01,Partner Referral,186124.16,2025-06-12,2025-03-01,Closed Won,True
OP-04380,Larkspur Labs,nina.nguyen@company.com,U-1007,Prospect,"$112,069.33",2024-04-03,2024-02-01,Partner Referral,112069.33,2024-04-03,2024-02-01,Prospecting,True
OP-03028,Umbra Defense,tom.anderson@company.com,U-1014,Proposal Sent,169226.17,2024-06-21,2024-03-05,Web Form,169226.17,2024-06-21,2024-03-05,Proposal,True
OP-02292,Yellowpine Lumber,ben.wilson@company.com,U-1004,Proposal,13370.55,2026-10-28,2026-07-11,Web Form,13370.55,2026-10-28,2026-07-11,Proposal,True
OP-04175,Meridian Freight,aisha.wilson@company.com,U-1000,Discovery,"235,647.64 $",2024-07-29,2024-03-26,Web Form,235647.64,2024-07-29,2024-03-26,Qualification,True
OP-01036,Northgate Auto,liam.nguyen@gmail.com,U-1017,Discovery,34714.10,2025-04-17,2025-01-14,Bulk Import,34714.1,2025-04-17,2025-01-14,Qualification,True
OP-04222,Silverline SaaS,owen.wilson@example.org,U-1020,Prospecting,131154.30,2025-01-16,2024-07-23,Bulk Import,131154.3,2025-01-16,2024-07-23,Prospecting,True
OP-00276,Harborline Bank,ben.garcia@outlook.com,U-1037,Qualifcation,227614.38,2025-09-24,2025-08-09,Bulk Import,227614.38,2025-09-24,2025-08-09,Qualification,True
OP-02255,Onyx Pharma,maya.moore@company.com,U-1007,,199540.37,2026-04-10,2026-03-13,Trade Show,199540.37,2026-04-10,2026-03-13,,True
OP-03200,Keystone Energy,owen.brown@yahoo.com,U-1020,closed won,105098.50,2024-08-07,2024-04-09,Web Form,105098.5,2024-08-07,2024-04-09,Closed Won,True
OP-01252,Umbra Defense,ella.davis@gmail.com,U-1004,Discovery,243187.72,2025-05-30,2025-05-09,Trade Show,243187.72,2025-05-30,2025-05-09,Qualification,True
OP-01748,Juniper Retail,nina.patel@yahoo.com,U-1013,Negotiation,96723.90,2025-02-11,2024-12-30,Web Form,96723.9,2025-02-11,2024-12-30,Proposal,True
OP-03179,Vertex Capital,zoe.taylor@outlook.com,U-1027,Prospect,228979.80,2024-09-19,2024-04-23,Outbound SDR,228979.8,2024-09-19,2024-04-23,Prospecting,True
OP-03711,Larkspur Labs,zoe.garcia@outlook.com,U-1017,prospecting,"$247,855.73",2026-05-10,2026-04-25,Bulk Import,247855.73,2026-05-10,2026-04-25,Prospecting,True
OP-00945,Meridian Freight,marcus.smith@gmail.com,U-1021,Closed-Won,"$193,065.33",2026-04-22,2026-03-13,Bulk Import,193065.33,2026-04-22,2026-03-13,Closed Won,True
OP-04531,,sofia.moore@company.com,U-1027,Won,178355.91,2026-02-20,2025-08-10,Partner Referral,178355.91,2026-02-20,2025-08-10,Closed Won,True
OP-D0013,,dev.taylor@outlook.com,U-9999,New Lead,"$35,102.19",2027-02-19,2026-08-02,Inbound Call,35102.19,2027-02-19,2026-08-02,Prospecting,True
OP-04133,Harborline Bank,sofia.moore@outlook.com,U-1030,Quote Sent,227865.13,2025-01-26,2025-01-16,Partner Referral,227865.13,2025-01-26,2025-01-16,Proposal,True
OP-00048,Everline Health,nina.johnson@example.org,U-1000,New Lead,84334.69,2025-06-07,2025-05-22,Trade Show,84334.69,2025-06-07,2025-05-22,Prospecting,True
OP-03422,Zephyr Airlines,chris.anderson@gmail.com,U-1032,New Lead,141440.45,2026-04-05,2025-10-26,Inbound Call,141440.45,2026-04-05,2025-10-26,Prospecting,True
OP-03657,Everline Health,ava.miller@company.com,U-1029,Discovery,"USD 200,505.81",2024-10-28,2024-03-28,Inbound Call,200505.81,2024-10-28,2024-03-28,Qualification,True
OP-02700,Everline Health,tom.johnson@example.org,U-1025,Negotiation,15044.49,2025-03-31,2025-01-10,Web Form,15044.49,2025-03-31,2025-01-10,Proposal,True
OP-02904,Harborline Bank,noah.johnson@outlook.com,U-1032,Closed-Lost,41459.12,,2024-05-22,Web Form,41459.12,,2024-05-22,Closed Lost,True
OP-02598,Everline Health,kara.brown@gmail.com,U-1024,PROSPECTING,20065.36,2024-03-19,2024-01-25,Partner Referral,20065.36,2024-03-19,2024-01-25,Prospecting,True
OP-04373,,ava.anderson@company.com,U-1022,Quote Sent,85330.53,2026-01-26,2025-11-12,Partner Referral,85330.53,2026-01-26,2025-11-12,Proposal,True
OP-03898,Harborline Bank,dev.kim@outlook.com,U-1035,Prospecting,119552.57,2026-08-12,2026-03-16,Outbound SDR,119552.57,2026-08-12,2026-03-16,Prospecting,True
OP-03354,Meridian Freight,chris.kim@outlook.com,U-1036,Qualification,135158.63,,2025-08-18,Web Form,135158.63,,2025-08-18,Qualification,True
OP-00854,Zephyr Airlines,noah.davis@gmail.com,U-1012,New Lead,114776.49,2024-05-14,2024-04-14,Inbound Call,114776.49,2024-05-14,2024-04-14,Prospecting,True
OP-01406,Acme Industrial,ethan.smith@gmail.com,U-8888,Qualifcation,162707.98,2025-11-06,2025-04-22,Web Form,162707.98,2025-11-06,2025-04-22,Qualification,True
OP-03463,Umbra Defense,aisha.kim@outlook.com,U-1023,,227583.34,2024-09-18,2024-07-20,Outbound SDR,227583.34,2024-09-18,2024-07-20,,True
OP-02233,Zephyr Airlines,ella.taylor@gmail.com,U-1014,Proposal,"16,044.96 $",2024-12-15,2024-10-19,Outbound SDR,16044.96,2024-12-15,2024-10-19,Proposal,True
OP-03975,Umbra Defense,zoe.miller@company.com,U-1034,CLOSED WON,139318.08,2026-05-05,2025-11-23,Web Form,139318.08,2026-05-05,2025-11-23,Closed Won,True
OP-01276,BluePeak Logistics,raj.brown@example.org,U-1026,PROSPECTING,201465.55,2027-01-31,2026-06-13,Outbound SDR,201465.55,2027-01-31,2026-06-13,Prospecting,True
OP-04660,Keystone Energy,maya.taylor@company.com,U-1032,Proposal,197411.40,2026-12-02,2026-08-25,Outbound SDR,197411.4,2026-12-02,2026-08-25,Proposal,True
OP-02860,Everline Health,,U-1029,Qualified,83600.56,2026-03-22,2025-08-30,Partner Referral,83600.56,2026-03-22,2025-08-30,Qualification,
OP-02349,Onyx Pharma,kara.kim@outlook.com,U-1002,Discovery,222271.80,2025-02-06,2024-06-20,Web Form,222271.8,2025-02-06,2024-06-20,Qualification,True
OP-01579,Tidewater Marine,noah.lee@outlook.com,U-1029,Lost,3454.17,2025-06-02,2025-02-03,Bulk Import,3454.17,2025-06-02,2025-02-03,Closed Lost,True
OP-01195,Meridian Freight,kara.miller@outlook.com,U-1032,Proposal,119692.51,2026-04-09,2026-02-20,Bulk Import,119692.51,2026-04-09,2026-02-20,Proposal,True
OP-00052,Ironclad Security,ella.miller@yahoo.com,U-1018,Qualified,213627.19,2025-11-21,2025-04-12,Web Form,213627.19,2025-11-21,2025-04-12,Qualification,True
OP-01883,Larkspur Labs,aisha.smith@yahoo.com,U-0000,Proposal Sent,219222.00,,2025-06-07,Partner Referral,219222.0,,2025-06-07,Proposal,True
OP-02315,Acme Industrial,nina.brown@yahoo.com,U-1026,prospecting,99268.42,2026-03-25,2026-02-26,Trade Show,99268.42,2026-03-25,2026-02-26,Prospecting,True
OP-00659,BluePeak Logistics,liam.kim@gmail.com,U-1007,New Lead,120366.01,2024-10-04,2024-07-31,Outbound SDR,120366.01,2024-10-04,2024-07-31,Prospecting,True
OP-04297,Harborline Bank,sofia.thomas@yahoo.com,U-1029,Lost,84892.14,2026-09-12,2026-08-02,Inbound Call,84892.14,2026-09-12,2026-08-02,Closed Lost,True
OP-02907,Yellowpine Lumber,liam.wilson@outlook.com,U-1019,Prospecting,"$225,376.10",2025-04-03,2024-12-08,Outbound SDR,225376.1,2025-04-03,2024-12-08,Prospecting,True
OP-02074,Everline Health,chris.brown@yahoo.com,U-1028,Discovery,121149.26,2027-02-19,2026-07-06,Trade Show,121149.26,2027-02-19,2026-07-06,Qualification,True
OP-02656,Granite Ridge Co,raj.brown@yahoo.com,U-1004,Qualifcation,141305.88,2024-10-30,2024-08-07,Bulk Import,141305.88,2024-10-30,2024-08-07,Qualification,True
OP-04012,Willow Creek Farms,maya.smith@yahoo.com,U-1036,Proposal Sent,9470.53,2025-10-16,2025-05-14,Outbound SDR,9470.53,2025-10-16,2025-05-14,Proposal,True
OP-01317,Meridian Freight,,U-1024,Discovery,"$75,468.44",2024-11-09,2024-08-01,Outbound SDR,75468.44,2024-11-09,2024-08-01,Qualification,
OP-03970,Xenon Robotics,chris.brown@company.com,U-1015,Prospect,83814.45,2025-01-21,2024-10-26,Web Form,83814.45,2025-01-21,2024-10-26,Prospecting,True
OP-03878,Willow Creek Farms,ava.miller@example.org,U-1001,Qualified,225293.37,2025-10-31,2025-05-10,Trade Show,225293.37,2025-10-31,2025-05-10,Qualification,True
OP-02001,,liam.anderson@company.com,U-1027,Proposal,116433.70,2024-09-26,2024-02-28,Web Form,116433.7,2024-09-26,2024-02-28,Proposal,True
OP-00774,Acme Industrial,owen.moore@outlook.com,U-1032,Proposal Sent,98912.50,2025-01-10,2024-07-16,Outbound SDR,98912.5,2025-01-10,2024-07-16,Proposal,True
OP-02952,Onyx Pharma,nina.johnson@gmail.com,U-1021,Negotiation,"$21,003",2024-03-27,2024-03-04,Trade Show,21003.0,2024-03-27,2024-03-04,Proposal,True
OP-04498,Juniper Retail,marcus.taylor@example.org,U-1032,qualification,35324.70,2025-10-04,2025-03-02,Outbound SDR,35324.7,2025-10-04,2025-03-02,Qualification,True
OP-02585,Juniper Retail,,U-1039,Qualified,161264.05,2024-08-05,2024-07-08,Inbound Call,161264.05,2024-08-05,2024-07-08,Qualification,
OP-03255,Tidewater Marine,zoe.wilson@gmail.com,U-1000,,161142.13,2026-11-19,2026-07-13,Inbound Call,161142.13,2026-11-19,2026-07-13,,True
OP-04155,Meridian Freight,priya.wilson@gmail.com,U-1036,prospecting,"$140,770.25",2024-07-23,2024-05-09,Inbound Call,140770.25,2024-07-23,2024-05-09,Prospecting,True
OP-04658,Larkspur Labs,nina.wilson@yahoo.com,U-1007,Qualification,116357.66,2025-12-27,2025-06-27,Inbound Call,116357.66,2025-12-27,2025-06-27,Qualification,True
OP-01257,Quartzline Telecom,sofia.anderson@company.com,U-1004,Qualified,6213.16,,2025-02-20,Outbound SDR,6213.16,,2025-02-20,Qualification,True
OP-02189,Pinnacle Travel,aisha.garcia@outlook.com,U-1003,Qualified,235771.96,2025-07-09,2024-11-20,Trade Show,235771.96,2025-07-09,2024-11-20,Qualification,True
OP-00421,Northgate Auto,kara.taylor@gmail.com,U-1014,Qualified,50262.82,2025-10-28,2025-06-29,Trade Show,50262.82,2025-10-28,2025-06-29,Qualification,True
OP-00717,Yellowpine Lumber,liam.miller@gmail.com,U-1021,Closed-Lost,"$192,600.20",2024-08-06,2024-02-12,Partner Referral,192600.2,2024-08-06,2024-02-12,Closed Lost,True
OP-04240,Copperline Foods,dev.miller@company.com,U-1007,Discovery,"$189,122",2025-04-21,2025-02-21,Web Form,189122.0,2025-04-21,2025-02-21,Qualification,True
OP-01611,Tidewater Marine,lena.anderson@yahoo.com,U-1002,closed lost,195894.78,2026-12-13,2026-05-20,Outbound SDR,195894.78,2026-12-13,2026-05-20,Closed Lost,True
OP-02758,Granite Ridge Co,ethan.lee@gmail.com,U-1031,prospecting,85162.31,2026-02-03,2025-11-18,Inbound Call,85162.31,2026-02-03,2025-11-18,Prospecting,True
OP-02754,Pinnacle Travel,sofia.johnson@outlook.com,U-1024,closed won,16404.85,,2025-04-27,Partner Referral,16404.85,,2025-04-27,Closed Won,True
OP-02683,Acme Industrial,maya.nguyen@example.org,U-1027,Lost,232251.65,2024-11-19,2024-09-13,Trade Show,232251.65,2024-11-19,2024-09-13,Closed Lost,True
OP-02065,Xenon Robotics,nina.anderson@company.com,U-1037,closed lost,182423.47,,2024-11-07,Bulk Import,182423.47,,2024-11-07,Closed Lost,True
OP-01167,Tidewater Marine,liam.nguyen@company.com,U-1035,PROSPECTING,72352.62,2027-01-03,2026-06-24,Bulk Import,72352.62,2027-01-03,2026-06-24,Prospecting,True
OP-03314,Larkspur Labs,priya.johnson@company.com,U-1037,Qualifcation,39220.74,,2026-08-24,Web Form,39220.74,,2026-08-24,Qualification,True
OP-04569,Xenon Robotics,not-an-email,U-1034,Negotiation,"$22,023.68",2025-11-18,2025-08-07,Inbound Call,22023.68,2025-11-18,2025-08-07,Proposal,False
OP-00454,Harborline Bank,priya.patel@company.com,U-1023,Proposal Sent,"72,767.52 $",2025-05-01,2025-03-10,Outbound SDR,72767.52,2025-05-01,2025-03-10,Proposal,True
OP-02799,Harborline Bank,zoe.johnson@example.org,U-1024,Won,,2025-06-01,2025-04-17,Web Form,,2025-06-01,2025-04-17,Closed Won,True
OP-03312,Keystone Energy,maya.anderson@company.com,U-1024,Qualification,87711.93,2026-03-17,2025-12-07,Web Form,87711.93,2026-03-17,2025-12-07,Qualification,True
OP-00921,Larkspur Labs,priya.smith@gmail.com,U-1011,qualification,200654.61,2025-09-12,2025-06-27,Partner Referral,200654.61,2025-09-12,2025-06-27,Qualification,True
OP-00075,Copperline Foods,aisha.johnson@company.com,U-1001,Qualifcation,203669.83,2025-04-12,2024-11-13,Partner Referral,203669.83,2025-04-12,2024-11-13,Qualification,True
OP-03455,Tidewater Marine,noah.millergmail.com,U-1013,CLOSED WON,"102,828.73 $",2026-08-09,2026-03-18,Trade Show,102828.73,2026-08-09,2026-03-18,Closed Won,False
OP-04514,DeltaWave Media,kara.miller@outlook.com,U-1025,Quote Sent,68993.13,2025-12-20,2025-07-09,Bulk Import,68993.13,2025-12-20,2025-07-09,Proposal,True
OP-00946,Juniper Retail,tom.patel@company.com,U-1020,CLOSED WON,,2025-01-22,2024-07-04,Bulk Import,,2025-01-22,2024-07-04,Closed Won,True
OP-01695,Silverline SaaS,tom.nguyen@example.org,U-1021,Closed-Won,183400.71,2025-07-21,2025-04-13,Trade Show,183400.71,2025-07-21,2025-04-13,Closed Won,True
OP-00054,Juniper Retail,raj.davis@example.org,U-1010,qualification,34775.63,2025-06-16,2024-11-30,Partner Referral,34775.63,2025-06-16,2024-11-30,Qualification,True
OP-01290,Silverline SaaS,aisha.nguyen@gmail.com,U-1023,Prospect,163356.61,,2024-11-25,Bulk Import,163356.61,,2024-11-25,Prospecting,True
OP-04104,Larkspur Labs,ella.miller@company.com,U-1011,Quote Sent,19203.23,2024-11-29,2024-10-22,Bulk Import,19203.23,2024-11-29,2024-10-22,Proposal,True
OP-04427,Vertex Capital,owen.brown@outlook.com,U-1029,ClosedWon,220181.66,2025-01-12,2024-06-16,Trade Show,220181.66,2025-01-12,2024-06-16,Closed Won,True
OP-00190,Granite Ridge Co,maya.garcia@example.org,U-1027,,123415.12,2026-09-11,2026-02-18,Outbound SDR,123415.12,2026-09-11,2026-02-18,,True
OP-02726,Meridian Freight,ben.johnson@gmail.com,U-1029,PROSPECTING,62350.60,2026-06-22,2026-05-07,Trade Show,62350.6,2026-06-22,2026-05-07,Prospecting,True
OP-03388,Harborline Bank,marcus.moore@yahoo.com,U-1039,Proposal,207272.83,2024-11-26,2024-07-01,Web Form,207272.83,2024-11-26,2024-07-01,Proposal,True
OP-01969,Harborline Bank,noah.brown@company.com,U-1017,CLOSED WON,158430.64,2026-08-21,2026-05-27,Web Form,158430.64,2026-08-21,2026-05-27,Closed Won,True
OP-03079,Xenon Robotics,chris.patel@outlook.com,U-1029,proposal,79391.38,2025-05-10,2024-12-13,Trade Show,79391.38,2025-05-10,2024-12-13,Proposal,True
OP-02063,Quartzline Telecom,owen.kim@outlook.com,U-1017,Qualifcation,"$208,888",2024-07-14,2024-03-12,Inbound Call,208888.0,2024-07-14,2024-03-12,Qualification,True
OP-00297,Silverline SaaS,priya.moore@example.org,U-1029,Quote Sent,154846.20,2026-05-15,2025-10-06,Bulk Import,154846.2,2026-05-15,2025-10-06,Proposal,True
OP-02452,Onyx Pharma,ben.garcia@outlook.com,U-1023,qualification,"$50,733.90",2025-04-09,2025-03-22,Inbound Call,50733.9,2025-04-09,2025-03-22,Qualification,True
OP-03382,Redwood Outdoors,,U-1007,Discovery,"USD 82,790.15",2026-02-28,2025-10-03,Outbound SDR,82790.15,2026-02-28,2025-10-03,Qualification,
OP-00922,DeltaWave Media,nina.thomas@yahoo.com,U-1025,qualification,152526.75,2025-08-05,2025-07-28,Outbound SDR,152526.75,2025-08-05,2025-07-28,Qualification,True
OP-04109,Pinnacle Travel,ella.nguyen@yahoo.com,U-1005,Negotiation,"USD 130,793.06",2027-03-18,2026-08-24,Partner Referral,130793.06,2027-03-18,2026-08-24,Proposal,True
OP-04202,Copperline Foods,priya.smith@company.com,U-1022,Negotiation,"$229,933",2024-10-04,2024-02-20,Partner Referral,229933.0,2024-10-04,2024-02-20,Proposal,True
OP-01319,Redwood Outdoors,ava.lee@company.com,U-1032,Proposal,122493.65,2025-09-27,2025-09-05,Trade Show,122493.65,2025-09-27,2025-09-05,Proposal,True
OP-01231,Acme Industrial,owen.wilson@gmail.com,U-1008,Negotiation,31329.88,2026-07-31,2026-05-30,Web Form,31329.88,2026-07-31,2026-05-30,Proposal,True
OP-03576,Tidewater Marine,ella.nguyen@company.com,U-1028,CLOSED WON,61156.89,2024-12-30,2024-08-07,Inbound Call,61156.89,2024-12-30,2024-08-07,Closed Won,True
OP-00199,Pinnacle Travel,ava.moore@example.org,U-1036,Qualification,17707.34,2024-12-15,2024-04-25,Trade Show,17707.34,2024-12-15,2024-04-25,Qualification,True
OP-01601,Acme Industrial,chris.johnson@outlook.com,U-1010,Lost,154587.92,2026-04-12,2025-10-31,Trade Show,154587.92,2026-04-12,2025-10-31,Closed Lost,True
OP-04213,Granite Ridge Co,chris.johnson@gmail.com,U-1033,Qualification,74098.99,2025-12-16,2025-09-09,Partner Referral,74098.99,2025-12-16,2025-09-09,Qualification,True
OP-02921,Meridian Freight,maya.anderson@company.com,U-1000,Discovery,9519.39,2026-03-14,2026-02-23,Web Form,9519.39,2026-03-14,2026-02-23,Qualification,True
OP-02971,BluePeak Logistics,karapatel@outlook.com,U-1016,prospecting,"USD 157,276.59",2026-03-23,2025-08-17,Outbound SDR,157276.59,2026-03-23,2025-08-17,Prospecting,True
OP-03841,Acme Industrial,kara.wilson@yahoo.com,U-1027,Qualification,181574.90,2026-03-25,2025-12-11,Partner Referral,181574.9,2026-03-25,2025-12-11,Qualification,True
OP-00242,Redwood Outdoors,aisha.lee@yahoo.com,U-1000,qualification,115384.62,2024-06-17,2024-02-03,Trade Show,115384.62,2024-06-17,2024-02-03,Qualification,True
OP-00836,Acme Industrial,noah.johnson@example.org,U-1036,qualification,"$199,339",,2026-08-06,Partner Referral,199339.0,,2026-08-06,Qualification,True
OP-00261,Meridian Freight,dev.moore@gmail.com,U-8888,Discovery,65472.76,2026-03-16,2025-11-04,Trade Show,65472.76,2026-03-16,2025-11-04,Qualification,True
OP-01505,Harborline Bank,ella.patel@example.org,U-1019,,211547.76,2027-01-30,2026-06-26,Web Form,211547.76,2027-01-30,2026-06-26,,True
OP-01907,,kara.kim@example.org,U-1014,Proposal Sent,115543.03,2024-01-18,2024-01-05,Inbound Call,115543.03,2024-01-18,2024-01-05,Proposal,True
OP-02989,Willow Creek Farms,dev.wilson@gmail.com,U-1028,Discovery,136979.37,2024-09-23,2024-06-25,Outbound SDR,136979.37,2024-09-23,2024-06-25,Qualification,True
OP-00548,Yellowpine Lumber,priya.moore@gmail.com,U-1031,New Lead,209214.44,2025-05-07,2024-10-30,Web Form,209214.44,2025-05-07,2024-10-30,Prospecting,True
OP-04295,Northgate Auto,marcus.kim@company.com,U-1037,Prospecting,68397.19,2026-07-17,2025-12-29,Outbound SDR,68397.19,2026-07-17,2025-12-29,Prospecting,True
OP-02249,Northgate Auto,zoe.kim@company.com,U-1017,Discovery,210984.53,2024-09-30,2024-02-20,Inbound Call,210984.53,2024-09-30,2024-02-20,Qualification,True
OP-00943,Juniper Retail,ella.wilson@yahoo.com,U-1035,Qualification,"USD 74,742.71",2025-11-29,2025-06-27,Bulk Import,74742.71,2025-11-29,2025-06-27,Qualification,True
OP-03860,Zephyr Airlines,tom.johnson@company.com,U-1017,Qualification,140181.27,2026-10-26,2026-05-20,Web Form,140181.27,2026-10-26,2026-05-20,Qualification,True
OP-03113,Ironclad Security,zoe.wilson@example.org,U-1026,Discovery,209355.93,2026-09-29,2026-02-08,Bulk Import,209355.93,2026-09-29,2026-02-08,Qualification,True
OP-00273,Juniper Retail,ava.johnson@company.com,U-1023,Proposal Sent,15165.14,,2024-07-24,Web Form,15165.14,,2024-07-24,Proposal,True
OP-03188,ForgePoint Systems,ella.garcia@company.com,U-1036,Qualified,139422.34,2024-04-20,2024-03-17,Bulk Import,139422.34,2024-04-20,2024-03-17,Qualification,True
OP-02562,Umbra Defense,ben.thomas@outlook.com,U-1037,Proposal,"$108,854.92",2026-09-15,2026-02-18,Trade Show,108854.92,2026-09-15,2026-02-18,Proposal,True
OP-04195,Harborline Bank,,U-1024,Qualifcation,68054.37,2024-11-09,2024-06-04,Inbound Call,68054.37,2024-11-09,2024-06-04,Qualification,
OP-00658,Quartzline Telecom,owen.nguyen@company.com,U-1038,qualification,173045.36,2024-11-18,2024-09-10,Partner Referral,173045.36,2024-11-18,2024-09-10,Qualification,True
OP-03942,Redwood Outdoors,tom.miller@yahoo.com,U-1025,New Lead,168532.52,2024-05-16,2024-01-25,Web Form,168532.52,2024-05-16,2024-01-25,Prospecting,True
OP-00927,DeltaWave Media,ethan.thomas@company.com,U-1008,Closed Won,"$178,448.75",2026-01-16,2025-09-17,Web Form,178448.75,2026-01-16,2025-09-17,Closed Won,True
OP-04038,Granite Ridge Co,ethan.taylor@gmail.com,U-1026,Qualification,,2024-07-03,2024-05-19,Partner Referral,,2024-07-03,2024-05-19,Qualification,True
OP-04233,Umbra Defense,,U-1011,Discovery,164341.73,2025-05-27,2025-01-25,Bulk Import,164341.73,2025-05-27,2025-01-25,Qualification,
OP-01810,Larkspur Labs,raj.miller@example.org,U-1007,prospecting,119324.22,2026-03-03,2025-09-24,Partner Referral,119324.22,2026-03-03,2025-09-24,Prospecting,True
OP-00353,Quartzline Telecom,zoe.lee@yahoo.com,U-1035,PROSPECTING,32656.62,,2024-08-21,Trade Show,32656.62,,2024-08-21,Prospecting,True
OP-04688,Juniper Retail,sofia.lee@company.com,U-1004,Discovery,228209.46,2025-07-12,2025-05-05,Outbound SDR,228209.46,2025-07-12,2025-05-05,Qualification,True
OP-00871,Yellowpine Lumber,sofia.anderson@gmail.com,U-1004,Prospecting,167742.13,2025-06-15,2025-01-31,Outbound SDR,167742.13,2025-06-15,2025-01-31,Prospecting,True
OP-01253,Redwood Outdoors,dev.patel@example.org,U-1024,Qualifcation,129797.85,2026-08-24,2026-06-09,Inbound Call,129797.85,2026-08-24,2026-06-09,Qualification,True
OP-03680,Granite Ridge Co,ben.johnson@gmail.com,U-1038,Won,161095.40,2027-01-12,2026-06-19,Outbound SDR,161095.4,2027-01-12,2026-06-19,Closed Won,True
OP-01841,Quartzline Telecom,ella.nguyen@yahoo.com,U-1016,New Lead,248812.74,2026-06-18,2026-05-23,Trade Show,248812.74,2026-06-18,2026-05-23,Prospecting,True
OP-00609,Silverline SaaS,chris.davis@gmail.com,U-1029,New Lead,215107.16,2026-07-07,2026-03-22,Inbound Call,215107.16,2026-07-07,2026-03-22,Prospecting,True
OP-01710,DeltaWave Media,raj.taylor@yahoo.com,U-1001,Discovery,206420.16,2026-01-15,2025-08-31,Inbound Call,206420.16,2026-01-15,2025-08-31,Qualification,True
OP-03408,Quartzline Telecom,tom.kim@outlook.com,admin,qualification,70326.02,2025-06-07,2025-05-29,Trade Show,70326.02,2025-06-07,2025-05-29,Qualification,True
OP-01893,Granite Ridge Co,nina.nguyen@outlook.com,U-1033,Qualifcation,"$55,821.69",2025-11-30,2025-10-01,Inbound Call,55821.69,2025-11-30,2025-10-01,Qualification,True
OP-00457,Northgate Auto,raj.moore@gmail.com,U-1027,closed lost,"$128,383",2025-04-10,2024-09-18,Trade Show,128383.0,2025-04-10,2024-09-18,Closed Lost,True
OP-04348,Ironclad Security,ava.smith@example.org,U-1005,proposal,33871.33,2026-09-06,2026-07-25,Web Form,33871.33,2026-09-06,2026-07-25,Proposal,True
OP-03920,Umbra Defense,nina.lee@company.com,U-1029,Qualification,103481.68,2026-09-29,2026-05-08,Bulk Import,103481.68,2026-09-29,2026-05-08,Qualification,True
OP-04279,Xenon Robotics,marcus.miller@company.com,U-1021,,56710.97,2025-08-08,2025-02-18,Outbound SDR,56710.97,2025-08-08,2025-02-18,,True
OP-00867,Granite Ridge Co,dev.thomas@yahoo.com,U-1033,,"$130,958.46",2025-04-11,2024-11-12,Inbound Call,130958.46,2025-04-11,2024-11-12,,True
OP-04054,Ironclad Security,zoe.nguyen@company.com,U-1011,Qualified,167693.22,2026-09-27,2026-05-21,Bulk Import,167693.22,2026-09-27,2026-05-21,Qualification,True
OP-00822,Copperline Foods,maya.taylor@example.org,U-1034,Discovery,189200.48,2024-09-13,2024-08-25,Partner Referral,189200.48,2024-09-13,2024-08-25,Qualification,True
OP-01923,DeltaWave Media,dev.thomas@gmail.com,U-1000,Qualified,"USD 121,383.85",2025-10-16,2025-05-11,Inbound Call,121383.85,2025-10-16,2025-05-11,Qualification,True
OP-01003,Granite Ridge Co,sofia.patel@outlook.com,U-1032,Proposal Sent,235327.91,2026-07-05,2026-03-15,Bulk Import,235327.91,2026-07-05,2026-03-15,Proposal,True
OP-00236,Vertex Capital,lena.taylor@company.com,U-1025,Prospecting,243960.18,2024-05-15,2024-02-06,Outbound SDR,243960.18,2024-05-15,2024-02-06,Prospecting,True
OP-04654,Yellowpine Lumber,owen.johnson@example.org,U-1021,ClosedWon,112684.02,2024-07-21,2024-05-23,Trade Show,112684.02,2024-07-21,2024-05-23,Closed Won,True
OP-00050,Umbra Defense,liam.kim@gmail.com,U-1023,prospecting,"USD 174,112.29",2026-08-08,2025-12-21,Outbound SDR,174112.29,2026-08-08,2025-12-21,Prospecting,True
OP-04267,ForgePoint Systems,not-an-email,U-1030,Prospecting,"171,274.40 $",2024-07-16,2024-04-15,Trade Show,171274.4,2024-07-16,2024-04-15,Prospecting,False
OP-01911,ForgePoint Systems,ava.moore@yahoo.com,U-1023,Lost,177552.48,2026-07-11,2026-06-14,Bulk Import,177552.48,2026-07-11,2026-06-14,Closed Lost,True
OP-00133,Zephyr Airlines,noah.taylor@outlook.com,U-1022,Won,,2025-07-08,2025-01-03,Inbound Call,,2025-07-08,2025-01-03,Closed Won,True
OP-03469,Larkspur Labs,marcusanderson@outlook.com,U-1002,,217220.99,2025-04-08,2025-02-03,Web Form,217220.99,2025-04-08,2025-02-03,,True
OP-02080,DeltaWave Media,ella.thomas@gmail.com,U-1001,closed won,10138.00,2025-05-30,2024-11-23,Trade Show,10138.0,2025-05-30,2024-11-23,Closed Won,True
OP-01703,Umbra Defense,ben.nguyen@company.com,U-1036,Qualified,93287.80,2024-08-16,2024-06-01,Bulk Import,93287.8,2024-08-16,2024-06-01,Qualification,True
OP-01117,Ironclad Security,maya.miller@gmail.com,U-1031,Quote Sent,205574.37,2024-06-10,2024-01-25,Partner Referral,205574.37,2024-06-10,2024-01-25,Proposal,True
OP-03704,Zephyr Airlines,marcus.taylor@example.org,U-1034,Qualification,,2024-11-14,2024-05-24,Outbound SDR,,2024-11-14,2024-05-24,Qualification,True
OP-00727,Willow Creek Farms,nina.johnson@gmail.com,U-1024,,166639.53,2027-01-11,2026-05-18,Outbound SDR,166639.53,2027-01-11,2026-05-18,,True
OP-00580,Harborline Bank,maya.patel@example.org,U-1022,Quote Sent,165080.54,2024-12-05,2024-10-26,Inbound Call,165080.54,2024-12-05,2024-10-26,Proposal,True
OP-00944,Northgate Auto,kara.lee@yahoo.com,U-1014,,86299.35,2026-09-12,2026-06-04,Inbound Call,86299.35,2026-09-12,2026-06-04,,True
OP-02216,Northgate Auto,noah.moore@company.com,U-1020,,141866.18,2025-12-07,2025-05-10,Bulk Import,141866.18,2025-12-07,2025-05-10,,True
OP-03509,Onyx Pharma,maya.miller@outlook.com,U-1017,Qualification,,2025-12-23,2025-06-07,Trade Show,,2025-12-23,2025-06-07,Qualification,True
OP-01190,BluePeak Logistics,aisha.patel@yahoo.com,U-1029,,145062.44,2024-10-01,2024-06-01,Trade Show,145062.44,2024-10-01,2024-06-01,,True
OP-02183,Granite Ridge Co,tom.moore@yahoo.com,U-1007,Negotiation,232632.09,2024-07-12,2024-06-03,Partner Referral,232632.09,2024-07-12,2024-06-03,Proposal,True
OP-03685,ForgePoint Systems,chris.davis@example.org,U-1028,Qualified,105890.27,,2024-10-09,Trade Show,105890.27,,2024-10-09,Qualification,True
OP-00634,Juniper Retail,raj.lee@example.org,admin,Quote Sent,150040.84,2026-10-15,2026-04-19,Inbound Call,150040.84,2026-10-15,2026-04-19,Proposal,True
OP-01151,Onyx Pharma,liam.anderson@example.org,U-1023,Qualified,27232.91,2024-06-09,2024-05-24,Outbound SDR,27232.91,2024-06-09,2024-05-24,Qualification,True
OP-00875,Meridian Freight,ethan.wilson@gmail.com,U-1010,Qualification,117135.25,2024-08-25,2024-04-21,Web Form,117135.25,2024-08-25,2024-04-21,Qualification,True
OP-01008,Tidewater Marine,zoe.kim@yahoo.com,U-1025,Qualifcation,47970.46,2026-10-21,2026-07-28,Partner Referral,47970.46,2026-10-21,2026-07-28,Qualification,True
OP-00606,Tidewater Marine,sofia.thomas@yahoo.com,U-1035,Closed Lost,200998.39,2025-07-18,2025-07-06,Web Form,200998.39,2025-07-18,2025-07-06,Closed Lost,True
OP-04397,Willow Creek Farms,zoe.patel@outlook.com,U-1010,prospecting,197614.05,2024-12-07,2024-10-14,Bulk Import,197614.05,2024-12-07,2024-10-14,Prospecting,True
OP-03184,Zephyr Airlines,marcus.garcia@company.com,U-1026,Closed-Won,200476.92,2026-09-07,2026-06-06,Outbound SDR,200476.92,2026-09-07,2026-06-06,Closed Won,True
OP-02992,ForgePoint Systems,owen.davis@example.org,U-1013,Closed-Lost,207407.31,2026-05-11,2025-10-26,Bulk Import,207407.31,2026-05-11,2025-10-26,Closed Lost,True
OP-02103,Everline Health,nina.lee@yahoo.com,U-1021,Qualified,"120,269.50 $",2024-11-05,2024-09-27,Web Form,120269.5,2024-11-05,2024-09-27,Qualification,True
OP-01374,Granite Ridge Co,kara.johnson@yahoo.com,U-1027,Proposal Sent,244725.53,2026-01-10,2025-09-11,Bulk Import,244725.53,2026-01-10,2025-09-11,Proposal,True
OP-00737,Keystone Energy,maya.miller@yahoo.com,U-1020,closed lost,175122.84,2026-03-17,2025-08-25,Outbound SDR,175122.84,2026-03-17,2025-08-25,Closed Lost,True
OP-02231,Granite Ridge Co,zoe.davis@outlook.com,U-1036,proposal,118664.37,2026-03-19,2026-03-10,Partner Referral,118664.37,2026-03-19,2026-03-10,Proposal,True
OP-03282,DeltaWave Media,tom.taylor@company.com,U-1010,Discovery,198428.76,2025-08-15,2025-03-04,Web Form,198428.76,2025-08-15,2025-03-04,Qualification,True
OP-00305,Onyx Pharma,chris.davis@company.com,U-1014,Quote Sent,,2027-01-28,2026-07-04,Inbound Call,,2027-01-28,2026-07-04,Proposal,True
OP-00788,ForgePoint Systems,dev.smith@example.org,U-1011,Discovery,"$18,561",2024-12-11,2024-08-22,Partner Referral,18561.0,2024-12-11,2024-08-22,Qualification,True
OP-03930,Ironclad Security,zoe.wilson@company.com,U-1023,Closed Lost,136803.43,2024-12-08,2024-06-21,Bulk Import,136803.43,2024-12-08,2024-06-21,Closed Lost,True
OP-01712,Everline Health,ella.nguyen@company.com,U-1036,qualification,27584.52,2026-10-01,2026-05-27,Trade Show,27584.52,2026-10-01,2026-05-27,Qualification,True
OP-03570,Larkspur Labs,kara.patel@example.org,U-1009,proposal,48849.81,2024-08-31,2024-01-29,Outbound SDR,48849.81,2024-08-31,2024-01-29,Proposal,True
OP-04687,Umbra Defense,chris.nguyen@yahoo.com,U-1022,Qualification,159619.70,2026-10-24,2026-06-09,Outbound SDR,159619.7,2026-10-24,2026-06-09,Qualification,True
OP-03318,Vertex Capital,zoe.brown@outlook.com,U-1008,Negotiation,"$150,616.41",2026-10-01,2026-05-19,Outbound SDR,150616.41,2026-10-01,2026-05-19,Proposal,True
OP-02456,Yellowpine Lumber,ella.patel@gmail.com,U-1024,proposal,142411.40,2025-12-10,2025-07-04,Partner Referral,142411.4,2025-12-10,2025-07-04,Proposal,True
OP-01322,Acme Industrial,liam.miller@company.com,U-1001,Qualifcation,,2026-07-17,2026-03-21,Inbound Call,,2026-07-17,2026-03-21,Qualification,True
OP-02062,Silverline SaaS,sofia.lee@company.com,U-1027,Qualified,6517.21,2025-04-02,2024-09-09,Outbound SDR,6517.21,2025-04-02,2024-09-09,Qualification,True
OP-00895,Northgate Auto,zoe.lee@yahoo.com,U-1017,Qualified,71325.44,2026-10-08,2026-03-22,Bulk Import,71325.44,2026-10-08,2026-03-22,Qualification,True
OP-02120,Pinnacle Travel,ethan.lee@outlook.com,U-1038,Closed-Lost,151879.31,2026-07-23,2026-02-05,Partner Referral,151879.31,2026-07-23,2026-02-05,Closed Lost,True
OP-00440,Harborline Bank,ethan.kim@company.com,U-1007,Qualified,"$16,248.39",2025-04-18,2024-10-25,Inbound Call,16248.39,2025-04-18,2024-10-25,Qualification,True
OP-01790,Tidewater Marine,dev.patel@example.org,U-1036,Qualifcation,218793.13,2024-02-20,2024-02-09,Trade Show,218793.13,2024-02-20,2024-02-09,Qualification,True
OP-01226,Copperline Foods,noah.kim@example.org,U-1021,proposal,203067.70,,2024-04-04,Bulk Import,203067.7,,2024-04-04,Proposal,True
OP-02942,Onyx Pharma,aisha.lee@gmail.com,U-1038,ClosedWon,240748.97,2025-03-23,2024-11-12,Web Form,240748.97,2025-03-23,2024-11-12,Closed Won,True
OP-02768,Xenon Robotics,noah.lee@outlook.com,U-1034,Negotiation,"46,058.53 $",2026-11-18,2026-08-28,Inbound Call,46058.53,2026-11-18,2026-08-28,Proposal,True
OP-04559,BluePeak Logistics,kara.patel@yahoo.com,U-1022,qualification,247773.72,2026-01-03,2025-07-23,Partner Referral,247773.72,2026-01-03,2025-07-23,Qualification,True
OP-02967,Silverline SaaS,raj.nguyen@outlook.com,U-1008,Quote Sent,"173,466.73 $",2025-04-28,2024-11-02,Partner Referral,173466.73,2025-04-28,2024-11-02,Proposal,True
OP-00826,DeltaWave Media,ella.miller@outlook.com,U-1008,Discovery,"125,423.95 $",2026-04-17,2025-12-24,Bulk Import,125423.95,2026-04-17,2025-12-24,Qualification,True
OP-02759,Meridian Freight,lena.lee@example.org,U-1031,Qualifcation,25918.12,2025-06-09,2024-10-15,Trade Show,25918.12,2025-06-09,2024-10-15,Qualification,True
OP-03610,BluePeak Logistics,maya.garcia@gmail.com,U-1012,Discovery,210310.15,2027-02-25,2026-07-31,Inbound Call,210310.15,2027-02-25,2026-07-31,Qualification,True
OP-01346,Vertex Capital,tom.lee@example.org,U-1000,prospecting,197280.68,2025-09-09,2025-01-15,Partner Referral,197280.68,2025-09-09,2025-01-15,Prospecting,True
OP-01157,Acme Industrial,priya.anderson@company.com,U-1008,closed won,38496.32,2025-04-11,2024-09-04,Outbound SDR,38496.32,2025-04-11,2024-09-04,Closed Won,True
OP-00175,Juniper Retail,ethan.kim@company.com,U-1028,Qualifcation,24601.95,2026-06-30,2026-03-14,Web Form,24601.95,2026-06-30,2026-03-14,Qualification,True
OP-03111,Yellowpine Lumber,,U-1036,Won,173590.73,2026-05-06,2026-04-12,Bulk Import,173590.73,2026-05-06,2026-04-12,Closed Won,
OP-00135,Copperline Foods,priya.davis@company.com,U-1006,Closed-Lost,"$88,385.51",2024-12-03,2024-04-28,Outbound SDR,88385.51,2024-12-03,2024-04-28,Closed Lost,True
OP-04460,Redwood Outdoors,ben.moore@example.org,U-1031,CLOSED WON,133532.18,2024-10-27,2024-06-01,Trade Show,133532.18,2024-10-27,2024-06-01,Closed Won,True
OP-03996,Redwood Outdoors,marcus.patel@outlook.com,U-1015,Qualifcation,"$78,320",2024-08-30,2024-03-08,Inbound Call,78320.0,2024-08-30,2024-03-08,Qualification,True
OP-01028,Zephyr Airlines,noah.miller@gmail.com,U-1001,qualification,32922.93,2026-02-01,2025-08-15,Partner Referral,32922.93,2026-02-01,2025-08-15,Qualification,True
OP-00028,Pinnacle Travel,chris.davis@example.org,U-1014,,213655.09,2024-04-13,2024-01-07,Outbound SDR,213655.09,2024-04-13,2024-01-07,,True
OP-02290,Meridian Freight,owen.smith@gmail.com,U-1033,Proposal Sent,78608.60,2025-08-07,2024-12-30,Partner Referral,78608.6,2025-08-07,2024-12-30,Proposal,True
OP-03815,Acme Industrial,ella.kim@outlook.com,U-1034,Closed-Lost,"$100,207.27",2025-06-15,2025-04-12,Web Form,100207.27,2025-06-15,2025-04-12,Closed Lost,True
OP-01688,Willow Creek Farms,dev.moore@company.com,U-1021,Won,238754.53,2024-07-31,2024-05-07,Partner Referral,238754.53,2024-07-31,2024-05-07,Closed Won,True
OP-02221,Zephyr Airlines,noah.wilson@gmail.com,U-1014,ClosedWon,166003.39,2025-12-22,2025-05-10,Inbound Call,166003.39,2025-12-22,2025-05-10,Closed Won,True
OP-04419,Northgate Auto,ben.taylor@outlook.com,U-1033,Qualified,242817.53,2024-11-06,2024-07-03,Trade Show,242817.53,2024-11-06,2024-07-03,Qualification,True
OP-03640,Meridian Freight,ella.davis@gmail.com,U-1024,Proposal Sent,63966.71,2025-01-06,2024-08-19,Inbound Call,63966.71,2025-01-06,2024-08-19,Proposal,True
OP-02188,Everline Health,marcus.johnson@gmail.com,U-1017,Quote Sent,"$139,132.93",2026-06-27,2026-03-10,Inbound Call,139132.93,2026-06-27,2026-03-10,Proposal,True
OP-01920,Onyx Pharma,nina.miller@example.org,U-1032,Discovery,54357.99,2026-10-26,2026-08-16,Outbound SDR,54357.99,2026-10-26,2026-08-16,Qualification,True
OP-04353,Xenon Robotics,owen.patel@company.com,U-1012,Qualifcation,141974.33,2025-08-30,2025-07-08,Trade Show,141974.33,2025-08-30,2025-07-08,Qualification,True
OP-01985,Yellowpine Lumber,raj.taylor@yahoo.com,U-1014,Qualified,181238.50,2026-06-24,2026-01-17,Outbound SDR,181238.5,2026-06-24,2026-01-17,Qualification,True
OP-01058,Quartzline Telecom,aisha.kim@company.com,U-1018,Discovery,121149.50,2026-12-07,2026-07-26,Outbound SDR,121149.5,2026-12-07,2026-07-26,Qualification,True
OP-02504,Yellowpine Lumber,owen.garcia@company.com,U-1018,prospecting,7818.61,2025-06-17,2024-11-28,Inbound Call,7818.61,2025-06-17,2024-11-28,Prospecting,True
OP-02202,Onyx Pharma,chris.wilson@gmail.com,U-1009,qualification,"$131,101.74",2025-11-26,2025-08-22,Web Form,131101.74,2025-11-26,2025-08-22,Qualification,True
OP-02721,Willow Creek Farms,nina.davis@example.org,U-1011,Proposal,87453.95,2026-12-07,2026-04-14,Bulk Import,87453.95,2026-12-07,2026-04-14,Proposal,True
OP-00778,Vertex Capital,kara.davis@outlook.com,U-1018,Negotiation,81643.34,2026-03-12,2025-12-03,Trade Show,81643.34,2026-03-12,2025-12-03,Proposal,True
OP-01435,BluePeak Logistics,nina.nguyen@yahoo.com,U-1039,closed won,69944.24,2026-07-27,2026-02-19,Trade Show,69944.24,2026-07-27,2026-02-19,Closed Won,True
OP-00367,Zephyr Airlines,tom.taylor@gmail.com,U-1005,proposal,161784.87,2026-06-19,2026-04-02,Partner Referral,161784.87,2026-06-19,2026-04-02,Proposal,True
OP-01402,Xenon Robotics,not-an-email,U-1003,Prospect,139627.99,2026-08-24,2026-04-06,Inbound Call,139627.99,2026-08-24,2026-04-06,Prospecting,False
OP-01445,Willow Creek Farms,tom.patel@company.com,U-1023,Negotiation,228877.87,2024-06-28,2024-02-12,Bulk Import,228877.87,2024-06-28,2024-02-12,Proposal,True
OP-03531,Tidewater Marine,dev.wilson@outlook.com,U-1001,Qualification,84070.77,2024-07-22,2024-05-09,Partner Referral,84070.77,2024-07-22,2024-05-09,Qualification,True
OP-02143,Larkspur Labs,ethan.johnson@outlook.com,U-1020,Prospecting,103369.01,2024-10-22,2024-03-25,Outbound SDR,103369.01,2024-10-22,2024-03-25,Prospecting,True
OP-01652,Juniper Retail,marcus.lee@gmail.com,U-1002,qualification,248396.85,2024-11-19,2024-06-28,Inbound Call,248396.85,2024-11-19,2024-06-28,Qualification,True
OP-03883,Willow Creek Farms,ben.miller@yahoo.com,U-1017,Negotiation,104389.84,2024-10-06,2024-09-27,Trade Show,104389.84,2024-10-06,2024-09-27,Proposal,True
OP-03281,Keystone Energy,noah.nguyen@outlook.com,U-1026,closed lost,229096.43,2026-04-23,2025-11-13,Trade Show,229096.43,2026-04-23,2025-11-13,Closed Lost,True
OP-00893,Tidewater Marine,maya.smith@yahoo.com,U-1024,Prospecting,72302.74,2025-05-10,2024-09-29,Bulk Import,72302.74,2025-05-10,2024-09-29,Prospecting,True
OP-00959,ForgePoint Systems,ava.smith@gmail.com,U-1024,Prospecting,5695.90,2024-07-06,2024-05-29,Outbound SDR,5695.9,2024-07-06,2024-05-29,Prospecting,True
OP-02608,Acme Industrial,ethan.taylor@yahoo.com,U-1017,,60940.57,2024-10-26,2024-07-29,Partner Referral,60940.57,2024-10-26,2024-07-29,,True
OP-02027,DeltaWave Media,owen.garcia@gmail.com,U-1000,Discovery,"$95,735",2025-12-31,2025-08-11,Partner Referral,95735.0,2025-12-31,2025-08-11,Qualification,True
OP-00891,Umbra Defense,noah.thomas@company.com,U-1010,Won,"$206,433.49",2025-11-06,2025-09-30,Web Form,206433.49,2025-11-06,2025-09-30,Closed Won,True
OP-01481,Ironclad Security,zoe.smith@yahoo.com,U-1025,CLOSED WON,158982.03,2027-02-25,2026-08-11,Trade Show,158982.03,2027-02-25,2026-08-11,Closed Won,True
OP-00858,Harborline Bank,chris.nguyen@outlook.com,U-1010,Qualifcation,209840.18,2024-12-10,2024-08-24,Inbound Call,209840.18,2024-12-10,2024-08-24,Qualification,True
OP-00695,Keystone Energy,sofia.kim@example.org,U-1014,Closed-Won,211490.52,2026-05-17,2026-01-28,Partner Referral,211490.52,2026-05-17,2026-01-28,Closed Won,True
OP-00843,Xenon Robotics,liam.taylor@gmail.com,U-1001,Qualifcation,"$248,202.47",,2026-02-17,Trade Show,248202.47,,2026-02-17,Qualification,True
OP-02402,Xenon Robotics,kara.brown@company.com,U-1028,,120901.12,2024-07-30,2024-05-15,Bulk Import,120901.12,2024-07-30,2024-05-15,,True
OP-03662,Juniper Retail,lena.thomas,U-1008,Quote Sent,"$111,771",2024-10-10,2024-06-14,Outbound SDR,111771.0,2024-10-10,2024-06-14,Proposal,False
OP-01879,,,U-1007,ClosedWon,"$40,399",2024-12-18,2024-11-18,Bulk Import,40399.0,2024-12-18,2024-11-18,Closed Won,
OP-01498,Vertex Capital,maya.garcia@example.org,U-1033,CLOSED WON,"USD 202,824.97",2025-05-07,2025-03-01,Outbound SDR,202824.97,2025-05-07,2025-03-01,Closed Won,True
OP-03163,Vertex Capital,priya.anderson@outlook.com,U-1017,Closed-Won,113577.88,2026-04-25,2025-11-22,Outbound SDR,113577.88,2026-04-25,2025-11-22,Closed Won,True
OP-04676,Tidewater Marine,maya.wilson@example.org,U-1037,Negotiation,229890.75,2025-02-23,2024-08-08,Outbound SDR,229890.75,2025-02-23,2024-08-08,Proposal,True
OP-02815,DeltaWave Media,raj.kim@example.org,U-1034,,146440.24,2025-04-20,2024-11-15,Outbound SDR,146440.24,2025-04-20,2024-11-15,,True
OP-01414,Ironclad Security,nina.garcia@outlook.com,U-1017,proposal,145594.34,2024-06-03,2024-02-21,Outbound SDR,145594.34,2024-06-03,2024-02-21,Proposal,True
OP-02543,Pinnacle Travel,ella.smith@gmail.com,U-1016,Prospect,18942.17,2025-06-27,2025-04-30,Web Form,18942.17,2025-06-27,2025-04-30,Prospecting,True
OP-01825,Granite Ridge Co,aisha.lee@company.com,U-1031,proposal,132790.65,2024-09-30,2024-05-19,Web Form,132790.65,2024-09-30,2024-05-19,Proposal,True
OP-03072,Redwood Outdoors,marcus.smith@example.org,U-1002,Qualified,189183.86,2024-04-23,2024-01-05,Outbound SDR,189183.86,2024-04-23,2024-01-05,Qualification,True
OP-01111,BluePeak Logistics,,U-1030,Prospecting,29070.96,2026-03-03,2025-11-01,Web Form,29070.96,2026-03-03,2025-11-01,Prospecting,
OP-02863,Juniper Retail,kara.garcia@example.org,U-1000,Closed-Won,111372.38,2024-12-23,2024-10-16,Inbound Call,111372.38,2024-12-23,2024-10-16,Closed Won,True
OP-03005,Willow Creek Farms,ava.wilson@yahoo.com,U-1003,Prospecting,11950.16,2026-08-10,2026-06-02,Partner Referral,11950.16,2026-08-10,2026-06-02,Prospecting,True
OP-04063,Juniper Retail,,U-1018,Quote Sent,"$46,193",2026-09-04,2026-02-28,Bulk Import,46193.0,2026-09-04,2026-02-28,Proposal,
OP-01298,ForgePoint Systems,sofia.moore@outlook.com,U-1025,closed won,102381.93,2026-02-02,2025-09-28,Partner Referral,102381.93,2026-02-02,2025-09-28,Closed Won,True
OP-03830,Everline Health,chris.davis@gmail.com,U-1021,proposal,78866.30,2026-07-18,2026-02-07,Outbound SDR,78866.3,2026-07-18,2026-02-07,Proposal,True
OP-00748,BluePeak Logistics,zoe.garcia@gmail.com,U-1015,prospecting,125175.80,2026-11-07,2026-06-23,Web Form,125175.8,2026-11-07,2026-06-23,Prospecting,True
OP-04362,Xenon Robotics,aisha.miller@gmail.com,U-1001,Discovery,"$58,707.93",2026-07-08,2026-06-28,Inbound Call,58707.93,2026-07-08,2026-06-28,Qualification,True
OP-00172,DeltaWave Media,ethan.lee@gmail.com,U-1002,Won,"$163,440.45",,2026-04-28,Partner Referral,163440.45,,2026-04-28,Closed Won,True
OP-01513,Umbra Defense,owen.anderson@gmail.com,U-1030,Lost,169727.94,,2026-05-13,Inbound Call,169727.94,,2026-05-13,Closed Lost,True
OP-03999,Granite Ridge Co,kara.wilson@yahoo.com,U-1011,PROSPECTING,185081.38,2025-08-27,2025-03-21,Web Form,185081.38,2025-08-27,2025-03-21,Prospecting,True
OP-02535,Quartzline Telecom,chris.anderson@yahoo.com,U-1039,Qualification,6893.46,2027-01-20,2026-08-11,Outbound SDR,6893.46,2027-01-20,2026-08-11,Qualification,True
OP-01398,Keystone Energy,maya.davis@outlook.com,U-1015,PROSPECTING,157920.27,2025-04-02,2024-10-26,Outbound SDR,157920.27,2025-04-02,2024-10-26,Prospecting,True
OP-04643,Harborline Bank,raj.brown@example.org,U-1020,Proposal Sent,65688.96,2026-05-14,2025-09-26,Partner Referral,65688.96,2026-05-14,2025-09-26,Proposal,True
OP-01971,Juniper Retail,sofia.patel@example.org,U-1036,Closed-Won,22845.07,2024-10-11,2024-07-27,Partner Referral,22845.07,2024-10-11,2024-07-27,Closed Won,True
OP-04437,Meridian Freight,zoe.davis@gmail.com,U-1025,ClosedWon,43591.75,2025-11-01,2025-05-23,Trade Show,43591.75,2025-11-01,2025-05-23,Closed Won,True
OP-01303,Granite Ridge Co,tom.garcia@company.com,U-1010,prospecting,7734.11,2026-04-16,2025-12-12,Web Form,7734.11,2026-04-16,2025-12-12,Prospecting,True
OP-01156,Keystone Energy,sofia.brown@company.com,U-1030,Qualifcation,194574.89,2026-04-15,2025-09-02,Bulk Import,194574.89,2026-04-15,2025-09-02,Qualification,True
OP-02339,Larkspur Labs,marcus.kim@gmail.com,U-1020,,198440.87,2026-07-10,2026-05-15,Outbound SDR,198440.87,2026-07-10,2026-05-15,,True
OP-02734,Zephyr Airlines,ava.smith@outlook.com,U-1022,proposal,"USD 231,744.36",2024-10-14,2024-08-08,Inbound Call,231744.36,2024-10-14,2024-08-08,Proposal,True
OP-03008,ForgePoint Systems,lena.miller@gmail.com,U-1025,closed won,171565.58,2026-12-04,2026-06-13,Web Form,171565.58,2026-12-04,2026-06-13,Closed Won,True
OP-03773,DeltaWave Media,tom.lee@company.com,U-1008,CLOSED WON,190734.51,2026-07-01,2026-06-18,Inbound Call,190734.51,2026-07-01,2026-06-18,Closed Won,True
OP-03078,Onyx Pharma,tom.wilson@company.com,U-1020,Qualified,"USD 50,146.94",2025-04-08,2024-10-19,Partner Referral,50146.94,2025-04-08,2024-10-19,Qualification,True
OP-04177,Granite Ridge Co,ethan.thomas@company.com,U-1009,Negotiation,"$183,227.37",2025-04-21,2025-04-14,Bulk Import,183227.37,2025-04-21,2025-04-14,Proposal,True
OP-04644,Keystone Energy,maya.taylor@example.org,U-1017,Qualified,249992.39,2024-07-15,2024-03-20,Partner Referral,249992.39,2024-07-15,2024-03-20,Qualification,True
OP-01535,ForgePoint Systems,marcus.nguyen@example.org,U-1002,Qualified,29358.78,2026-04-26,2025-09-10,Inbound Call,29358.78,2026-04-26,2025-09-10,Qualification,True
OP-02720,Ironclad Security,sofia.anderson@yahoo.com,U-1020,Qualified,75855.70,2026-09-27,2026-03-22,Trade Show,75855.7,2026-09-27,2026-03-22,Qualification,True
OP-04375,Quartzline Telecom,lena.miller@gmail.com,U-1037,Qualification,"$140,822.05",2025-08-05,2025-01-02,Partner Referral,140822.05,2025-08-05,2025-01-02,Qualification,True
OP-02060,Vertex Capital,tom.taylor@outlook.com,U-1017,,100239.74,2026-11-13,2026-06-30,Bulk Import,100239.74,2026-11-13,2026-06-30,,True
OP-03896,Copperline Foods,zoe.taylor@outlook.com,U-1022,Qualifcation,"USD 128,151.49",2024-05-03,2024-04-20,Trade Show,128151.49,2024-05-03,2024-04-20,Qualification,True
OP-00425,Silverline SaaS,nina.garcia@outlook.com,U-1002,Qualifcation,106409.74,2024-10-26,2024-05-09,Web Form,106409.74,2024-10-26,2024-05-09,Qualification,True
OP-03204,Vertex Capital,dev.kim@outlook.com,U-1016,Qualification,180293.08,2026-01-21,2025-07-08,Inbound Call,180293.08,2026-01-21,2025-07-08,Qualification,True
OP-04561,Ironclad Security,ben.johnson@yahoo.com,U-1032,closed lost,142893.61,2024-11-28,2024-07-22,Web Form,142893.61,2024-11-28,2024-07-22,Closed Lost,True
OP-01132,Onyx Pharma,ella.thomas@yahoo.com,U-1025,Qualification,128328.21,2026-01-07,2025-11-15,Inbound Call,128328.21,2026-01-07,2025-11-15,Qualification,True
OP-04570,,not-an-email,U-1016,PROSPECTING,192567.73,2024-06-02,2027-06-08,Inbound Call,192567.73,2024-06-02,2027-06-08,Prospecting,False
OP-03000,Willow Creek Farms,maya.thomas@outlook.com,U-1023,closed won,"$85,382",2026-12-15,2026-04-23,Web Form,85382.0,2026-12-15,2026-04-23,Closed Won,True
OP-00392,Pinnacle Travel,maya.patel@company.com,U-1007,Prospecting,106657.13,2025-03-02,2024-08-25,Outbound SDR,106657.13,2025-03-02,2024-08-25,Prospecting,True
OP-02875,Copperline Foods,ella.garcia@gmail.com,U-1037,CLOSED WON,213657.24,2026-05-22,2026-03-20,Web Form,213657.24,2026-05-22,2026-03-20,Closed Won,True
OP-00632,Copperline Foods,ava.wilson@outlook.com,U-1011,closed won,"$115,761",2025-06-09,2024-11-12,Partner Referral,115761.0,2025-06-09,2024-11-12,Closed Won,True
OP-02435,Yellowpine Lumber,aisha.patel@example.org,U-1025,proposal,"USD 186,086.56",2026-04-02,2025-09-24,Partner Referral,186086.56,2026-04-02,2025-09-24,Proposal,True
OP-02549,Willow Creek Farms,kara.miller@company.com,U-1015,Qualifcation,57728.12,2025-08-19,2025-06-14,Bulk Import,57728.12,2025-08-19,2025-06-14,Qualification,True
OP-04577,Quartzline Telecom,noah.johnson@example.org,U-1012,qualification,133856.93,2025-03-23,2025-02-01,Trade Show,133856.93,2025-03-23,2025-02-01,Qualification,True
OP-03592,Granite Ridge Co,owen.moore@gmail.com,U-1020,Proposal,174810.10,2026-12-11,2026-06-12,Inbound Call,174810.1,2026-12-11,2026-06-12,Proposal,True
OP-04270,Willow Creek Farms,liam.brown@company.com,U-0000,closed lost,54778.24,2026-01-28,2025-07-10,Bulk Import,54778.24,2026-01-28,2025-07-10,Closed Lost,True
OP-04545,Quartzline Telecom,chris.patel@gmail.com,U-1026,qualification,"$130,988.43",,2025-09-29,Inbound Call,130988.43,,2025-09-29,Qualification,True
OP-04032,Keystone Energy,dev.johnson@company.com,U-1011,CLOSED WON,"$100,030.85",2025-02-04,2025-01-07,Outbound SDR,100030.85,2025-02-04,2025-01-07,Closed Won,True
OP-00862,Xenon Robotics,nina.taylor@outlook.com,U-1015,New Lead,"$3,230",2024-03-18,2024-02-11,Outbound SDR,3230.0,2024-03-18,2024-02-11,Prospecting,True
OP-01345,Yellowpine Lumber,sofia.moore@gmail.com,U-1037,Qualified,46472.13,2025-11-20,2025-04-03,Inbound Call,46472.13,2025-11-20,2025-04-03,Qualification,True
OP-03909,Larkspur Labs,ella.wilson@yahoo.com,U-1018,Discovery,238329.44,2025-04-30,2025-02-21,Partner Referral,238329.44,2025-04-30,2025-02-21,Qualification,True
